<?xml version="1.0" encoding="UTF-8"?>
<con:soapui-project id="c81e2eab-e66e-490e-b027-b6e5959da4b3" activeEnvironment="Default" name="FEDAPI" resourceRoot="" soapui-version="5.3.0" abortOnError="false" runType="SEQUENTIAL" xmlns:con="http://eviware.com/soapui/config"><con:settings/><con:interface xsi:type="con:WsdlInterface" id="82688abf-0150-4e91-a3af-b407f1f9f766" wsaVersion="NONE" name="ServiceQuerySoapBinding" type="wsdl" bindingName="{http://schemas.comarch.com/wsdl/oss-sfquery-0.19/}ServiceQuerySoapBinding" soapVersion="1_1" anonymous="optional" definition="file:/D:/SOAP%20PACKS/fedaPI/oss-sf-query.wsdl" xmlns:xsi="http://www.w3.org/2001/XMLSchema-instance"><con:settings/><con:definitionCache type="TEXT" rootPart="file:\D:\SOAP%20PACKS\fedaPI\oss-sf-query.wsdl"><con:part><con:url>file:\D:\SOAP%20PACKS\fedaPI\oss-sf-query.wsdl</con:url><con:content><![CDATA[<wsdl:definitions name="RTServiceQuery" targetNamespace="http://schemas.comarch.com/wsdl/oss-sfquery-0.19/" xmlns:xsd="http://www.w3.org/2001/XMLSchema" xmlns:wsdl="http://schemas.xmlsoap.org/wsdl/" xmlns:tns="http://schemas.comarch.com/wsdl/oss-sfquery-0.19/" xmlns:soap="http://schemas.xmlsoap.org/wsdl/soap/" xmlns:ns1="http://schemas.xmlsoap.org/soap/http" xmlns:wsp="http://www.w3.org/ns/ws-policy" xmlns:wsu="http://docs.oasis-open.org/wss/2004/01/oasis-200401-wss-wssecurity-utility-1.0.xsd" xmlns:sp="http://schemas.xmlsoap.org/ws/2005/07/securitypolicy">
  <wsdl:types>
    <xs:schema elementFormDefault="qualified" targetNamespace="http://schemas.comarch.com/wsdl/oss-sfquery-0.19/" version="1.0" xmlns:xs="http://www.w3.org/2001/XMLSchema">
      <xs:element name="getOrderItemList" type="tns:getOrderItemList"/>
      <xs:element name="getOrderItemListResponse" type="tns:getOrderItemListResponse"/>
      <xs:element name="getServiceInstanceList" type="tns:getServiceInstanceList"/>
      <xs:element name="getServiceInstanceListByCharacteristic" type="tns:getServiceInstanceListByCharacteristic"/>
      <xs:element name="getServiceInstanceListByCharacteristicResponse" type="tns:getServiceInstanceListByCharacteristicResponse"/>
      <xs:element name="getServiceInstanceListResponse" type="tns:getServiceInstanceListResponse"/>
      <xs:element name="getServiceSpecification" type="tns:getServiceSpecification"/>
      <xs:element name="getServiceSpecificationList" type="tns:getServiceSpecificationList"/>
      <xs:element name="getServiceSpecificationListResponse" type="tns:getServiceSpecificationListResponse"/>
      <xs:element name="getServiceSpecificationRecursive" type="tns:getServiceSpecificationRecursive"/>
      <xs:element name="getServiceSpecificationRecursiveResponse" type="tns:getServiceSpecificationRecursiveResponse"/>
      <xs:element name="getServiceSpecificationResponse" type="tns:getServiceSpecificationResponse"/>
      <xs:complexType name="getServiceSpecificationRecursive">
        <xs:sequence>
          <xs:element form="qualified" minOccurs="0" name="specification" type="xs:string"/>
        </xs:sequence>
      </xs:complexType>
      <xs:complexType name="getServiceSpecificationRecursiveResponse">
        <xs:sequence>
          <xs:element minOccurs="0" name="return" type="tns:queryResponseSpec"/>
        </xs:sequence>
      </xs:complexType>
      <xs:complexType name="queryResponseSpec">
        <xs:sequence>
          <xs:element name="status" type="tns:Status"/>
          <xs:element maxOccurs="unbounded" minOccurs="0" name="data" nillable="true" type="tns:ServiceSpecification"/>
          <xs:element minOccurs="0" name="paging" type="tns:PagingInfo"/>
        </xs:sequence>
      </xs:complexType>
      <xs:complexType name="ServiceSpecification">
        <xs:sequence>
          <xs:element minOccurs="0" name="identifier" type="xs:string"/>
          <xs:element minOccurs="0" name="parentIdentifier" type="xs:string"/>
          <xs:element minOccurs="0" name="baseSpecification" type="xs:string"/>
          <xs:element minOccurs="0" name="serviceType" type="xs:string"/>
          <xs:element minOccurs="0" name="createDate" type="xs:dateTime"/>
          <xs:element minOccurs="0" name="createUser" type="xs:string"/>
          <xs:element minOccurs="0" name="modifyDate" type="xs:dateTime"/>
          <xs:element minOccurs="0" name="modifyUser" type="xs:string"/>
          <xs:element maxOccurs="unbounded" minOccurs="0" name="characteristic" nillable="true" type="xs:string"/>
        </xs:sequence>
      </xs:complexType>
      <xs:complexType name="PagingInfo">
        <xs:sequence>
          <xs:element name="nextAvailable" type="xs:boolean"/>
        </xs:sequence>
      </xs:complexType>
      <xs:complexType name="getServiceInstanceList">
        <xs:sequence>
          <xs:element form="qualified" minOccurs="0" name="specification" type="xs:string"/>
          <xs:element form="qualified" minOccurs="0" name="since" type="xs:dateTime"/>
          <xs:element form="qualified" minOccurs="0" name="until" type="xs:dateTime"/>
          <xs:element form="qualified" minOccurs="0" name="maxResults" default="20">
            <xs:simpleType>
              <xs:restriction base="xs:integer">
                <xs:minInclusive value="1"/>
                <xs:maxInclusive value="10000"/>
              </xs:restriction>
            </xs:simpleType>
          </xs:element>
        </xs:sequence>
      </xs:complexType>
      <xs:complexType name="getServiceInstanceListResponse">
        <xs:sequence>
          <xs:element minOccurs="0" name="return" type="tns:queryResponseService"/>
        </xs:sequence>
      </xs:complexType>
      <xs:complexType name="Status">
        <xs:sequence>
          <xs:element name="description" type="xs:string"/>
          <xs:element name="externalCode" type="xs:int" minOccurs="0"/>
          <xs:element name="externalDescription" type="xs:string" minOccurs="0"/>
        </xs:sequence>
        <xs:attribute name="code" type="xs:int"/>
      </xs:complexType>
      <xs:complexType name="queryResponseService">
        <xs:sequence>
          <xs:element name="status" type="tns:Status"/>
          <xs:element maxOccurs="unbounded" minOccurs="0" name="data" nillable="true" type="tns:Service"/>
          <xs:element minOccurs="0" name="paging" type="tns:PagingInfo"/>
        </xs:sequence>
      </xs:complexType>
      <xs:complexType name="Service">
        <xs:sequence>
          <xs:element minOccurs="0" name="identifier" type="xs:string"/>
          <xs:element minOccurs="0" name="parent" type="xs:string"/>
          <xs:element minOccurs="0" name="specification" type="xs:string"/>
          <xs:element minOccurs="0" name="serviceType" type="xs:string"/>
          <xs:element minOccurs="0" name="status" type="xs:string"/>
          <xs:element minOccurs="0" name="createDate" type="xs:dateTime"/>
          <xs:element minOccurs="0" name="modifyDate" type="xs:dateTime"/>
          <xs:element maxOccurs="unbounded" minOccurs="0" name="characteristic" nillable="true" type="tns:nameValue"/>
        </xs:sequence>
      </xs:complexType>
      <xs:complexType name="nameValue">
        <xs:attribute name="name" type="xs:string"/>
        <xs:attribute name="value" type="xs:string"/>
      </xs:complexType>
      <xs:complexType name="getServiceSpecificationList">
        <xs:sequence>
          <xs:element form="qualified" minOccurs="0" name="maxResults" default="20">
            <xs:simpleType>
              <xs:restriction base="xs:integer">
                <xs:minInclusive value="1"/>
                <xs:maxInclusive value="10000"/>
              </xs:restriction>
            </xs:simpleType>
          </xs:element>
        </xs:sequence>
      </xs:complexType>
      <xs:complexType name="getServiceSpecificationListResponse">
        <xs:sequence>
          <xs:element minOccurs="0" name="return" type="tns:queryResponseSpec"/>
        </xs:sequence>
      </xs:complexType>
      <xs:complexType name="getServiceInstanceListByCharacteristic">
        <xs:sequence>
          <xs:element form="qualified" minOccurs="0" name="specification" type="xs:string"/>
          <xs:element form="qualified" minOccurs="0" name="key" type="xs:string"/>
          <xs:element form="qualified" minOccurs="0" name="value" type="xs:string"/>
          <xs:element form="qualified" minOccurs="0" name="since" type="xs:dateTime"/>
          <xs:element form="qualified" minOccurs="0" name="until" type="xs:dateTime"/>
          <xs:element form="qualified" minOccurs="0" name="maxResults" default="20">
            <xs:simpleType>
              <xs:restriction base="xs:integer">
                <xs:minInclusive value="1"/>
                <xs:maxInclusive value="10000"/>
              </xs:restriction>
            </xs:simpleType>
          </xs:element>
          <xs:element form="qualified" minOccurs="0" name="isRecursive" type="xs:boolean" default="false"/>
        </xs:sequence>
      </xs:complexType>
      <xs:complexType name="getServiceInstanceListByCharacteristicResponse">
        <xs:sequence>
          <xs:element minOccurs="0" name="return" type="tns:queryResponseService"/>
        </xs:sequence>
      </xs:complexType>
      <xs:complexType name="getServiceSpecification">
        <xs:sequence>
          <xs:element form="qualified" minOccurs="0" name="specification" type="xs:string"/>
        </xs:sequence>
      </xs:complexType>
      <xs:complexType name="getServiceSpecificationResponse">
        <xs:sequence>
          <xs:element minOccurs="0" name="return" type="tns:queryResponseSpec"/>
        </xs:sequence>
      </xs:complexType>
      <xs:complexType name="getOrderItemList">
        <xs:sequence>
          <xs:element form="qualified" minOccurs="0" name="id" type="xs:string"/>
          <xs:element form="qualified" minOccurs="0" name="since" type="xs:dateTime"/>
          <xs:element form="qualified" minOccurs="0" name="until" type="xs:dateTime"/>
          <xs:element form="qualified" name="activeOnly" type="xs:boolean"/>
          <xs:element form="qualified" minOccurs="0" name="maxResults" default="20">
            <xs:simpleType>
              <xs:restriction base="xs:integer">
                <xs:minInclusive value="1"/>
                <xs:maxInclusive value="10000"/>
              </xs:restriction>
            </xs:simpleType>
          </xs:element>
        </xs:sequence>
      </xs:complexType>
      <xs:complexType name="getOrderItemListResponse">
        <xs:sequence>
          <xs:element minOccurs="0" name="return" type="tns:queryResponseOrderItem"/>
        </xs:sequence>
      </xs:complexType>
      <xs:complexType name="queryResponseOrderItem">
        <xs:sequence>
          <xs:element name="status" type="tns:Status"/>
          <xs:element maxOccurs="unbounded" minOccurs="0" name="data" nillable="true" type="tns:OrderItem"/>
          <xs:element minOccurs="0" name="paging" type="tns:PagingInfo"/>
        </xs:sequence>
      </xs:complexType>
      <xs:complexType name="OrderItem">
        <xs:sequence>
          <xs:element minOccurs="0" name="orderItemId" type="xs:string"/>
          <xs:element minOccurs="0" name="orderDate" type="xs:dateTime"/>
          <xs:element minOccurs="0" name="orderStatus" type="xs:string"/>
          <xs:element minOccurs="0" name="sourceSystem" type="xs:string"/>
          <xs:element minOccurs="0" name="submittingUser" type="xs:string"/>
          <xs:element minOccurs="0" name="service" type="tns:Service"/>
        </xs:sequence>
      </xs:complexType>
    </xs:schema>
  </wsdl:types>
  <wsdl:message name="getServiceInstanceListResponse">
    <wsdl:part element="tns:getServiceInstanceListResponse" name="parameters"></wsdl:part>
  </wsdl:message>
  <wsdl:message name="getServiceInstanceListByCharacteristic">
    <wsdl:part element="tns:getServiceInstanceListByCharacteristic" name="parameters"></wsdl:part>
  </wsdl:message>
  <wsdl:message name="getServiceInstanceListByCharacteristicResponse">
    <wsdl:part element="tns:getServiceInstanceListByCharacteristicResponse" name="parameters"></wsdl:part>
  </wsdl:message>
  <wsdl:message name="getServiceSpecificationListResponse">
    <wsdl:part element="tns:getServiceSpecificationListResponse" name="parameters"></wsdl:part>
  </wsdl:message>
  <wsdl:message name="getServiceSpecificationList">
    <wsdl:part element="tns:getServiceSpecificationList" name="parameters"></wsdl:part>
  </wsdl:message>
  <wsdl:message name="getServiceSpecification">
    <wsdl:part element="tns:getServiceSpecification" name="parameters"></wsdl:part>
  </wsdl:message>
  <wsdl:message name="getServiceSpecificationResponse">
    <wsdl:part element="tns:getServiceSpecificationResponse" name="parameters"></wsdl:part>
  </wsdl:message>
  <wsdl:message name="getServiceSpecificationRecursiveResponse">
    <wsdl:part element="tns:getServiceSpecificationRecursiveResponse" name="parameters"></wsdl:part>
  </wsdl:message>
  <wsdl:message name="getOrderItemList">
    <wsdl:part element="tns:getOrderItemList" name="parameters"></wsdl:part>
  </wsdl:message>
  <wsdl:message name="getServiceInstanceList">
    <wsdl:part element="tns:getServiceInstanceList" name="parameters"></wsdl:part>
  </wsdl:message>
  <wsdl:message name="getServiceSpecificationRecursive">
    <wsdl:part element="tns:getServiceSpecificationRecursive" name="parameters"></wsdl:part>
  </wsdl:message>
  <wsdl:message name="getOrderItemListResponse">
    <wsdl:part element="tns:getOrderItemListResponse" name="parameters"></wsdl:part>
  </wsdl:message>
  <wsdl:portType name="ServiceQueryPort">
    <wsdl:operation name="getServiceSpecificationRecursive">
      <wsdl:input message="tns:getServiceSpecificationRecursive" name="getServiceSpecificationRecursive"></wsdl:input>
      <wsdl:output message="tns:getServiceSpecificationRecursiveResponse" name="getServiceSpecificationRecursiveResponse"></wsdl:output>
    </wsdl:operation>
    <wsdl:operation name="getServiceInstanceList">
      <wsdl:input message="tns:getServiceInstanceList" name="getServiceInstanceList"></wsdl:input>
      <wsdl:output message="tns:getServiceInstanceListResponse" name="getServiceInstanceListResponse"></wsdl:output>
    </wsdl:operation>
    <wsdl:operation name="getServiceSpecificationList">
      <wsdl:input message="tns:getServiceSpecificationList" name="getServiceSpecificationList"></wsdl:input>
      <wsdl:output message="tns:getServiceSpecificationListResponse" name="getServiceSpecificationListResponse"></wsdl:output>
    </wsdl:operation>
    <wsdl:operation name="getServiceInstanceListByCharacteristic">
      <wsdl:input message="tns:getServiceInstanceListByCharacteristic" name="getServiceInstanceListByCharacteristic"></wsdl:input>
      <wsdl:output message="tns:getServiceInstanceListByCharacteristicResponse" name="getServiceInstanceListByCharacteristicResponse"></wsdl:output>
    </wsdl:operation>
    <wsdl:operation name="getServiceSpecification">
      <wsdl:input message="tns:getServiceSpecification" name="getServiceSpecification"></wsdl:input>
      <wsdl:output message="tns:getServiceSpecificationResponse" name="getServiceSpecificationResponse"></wsdl:output>
    </wsdl:operation>
    <wsdl:operation name="getOrderItemList">
      <wsdl:input message="tns:getOrderItemList" name="getOrderItemList"></wsdl:input>
      <wsdl:output message="tns:getOrderItemListResponse" name="getOrderItemListResponse"></wsdl:output>
    </wsdl:operation>
  </wsdl:portType>
  <wsdl:binding name="ServiceQuerySoapBinding" type="tns:ServiceQueryPort">
    <wsp:PolicyReference URI="#SecurityServiceBindingPolicy"/>
    <soap:binding style="document" transport="http://schemas.xmlsoap.org/soap/http"/>
    <wsdl:operation name="getServiceSpecificationRecursive">
      <wsp:PolicyReference URI="#SecurityServiceBindingPolicy"/>
      <soap:operation soapAction="" style="document"/>
      <wsdl:input name="getServiceSpecificationRecursive">
        <soap:body use="literal"/>
      </wsdl:input>
      <wsdl:output name="getServiceSpecificationRecursiveResponse">
        <soap:body use="literal"/>
      </wsdl:output>
    </wsdl:operation>
    <wsdl:operation name="getServiceInstanceList">
      <wsp:PolicyReference URI="#SecurityServiceBindingPolicy"/>
      <soap:operation soapAction="" style="document"/>
      <wsdl:input name="getServiceInstanceList">
        <soap:body use="literal"/>
      </wsdl:input>
      <wsdl:output name="getServiceInstanceListResponse">
        <soap:body use="literal"/>
      </wsdl:output>
    </wsdl:operation>
    <wsdl:operation name="getServiceInstanceListByCharacteristic">
      <wsp:PolicyReference URI="#SecurityServiceBindingPolicy"/>
      <soap:operation soapAction="" style="document"/>
      <wsdl:input name="getServiceInstanceListByCharacteristic">
        <soap:body use="literal"/>
      </wsdl:input>
      <wsdl:output name="getServiceInstanceListByCharacteristicResponse">
        <soap:body use="literal"/>
      </wsdl:output>
    </wsdl:operation>
    <wsdl:operation name="getServiceSpecificationList">
      <wsp:PolicyReference URI="#SecurityServiceBindingPolicy"/>
      <soap:operation soapAction="" style="document"/>
      <wsdl:input name="getServiceSpecificationList">
        <soap:body use="literal"/>
      </wsdl:input>
      <wsdl:output name="getServiceSpecificationListResponse">
        <soap:body use="literal"/>
      </wsdl:output>
    </wsdl:operation>
    <wsdl:operation name="getServiceSpecification">
      <wsp:PolicyReference URI="#SecurityServiceBindingPolicy"/>
      <soap:operation soapAction="" style="document"/>
      <wsdl:input name="getServiceSpecification">
        <soap:body use="literal"/>
      </wsdl:input>
      <wsdl:output name="getServiceSpecificationResponse">
        <soap:body use="literal"/>
      </wsdl:output>
    </wsdl:operation>
    <wsdl:operation name="getOrderItemList">
      <wsp:PolicyReference URI="#SecurityServiceBindingPolicy"/>
      <soap:operation soapAction="" style="document"/>
      <wsdl:input name="getOrderItemList">
        <soap:body use="literal"/>
      </wsdl:input>
      <wsdl:output name="getOrderItemListResponse">
        <soap:body use="literal"/>
      </wsdl:output>
    </wsdl:operation>
  </wsdl:binding>
  <wsdl:service name="RTServiceQuery">
    <wsdl:port binding="tns:ServiceQuerySoapBinding" name="ServiceQuerytPort">
      <soap:address location="TARGET_ADDRESS_ORDER"/>
    </wsdl:port>
  </wsdl:service>
  <wsp:Policy wsu:Id="SecurityServiceBindingPolicy">
    <wsp:ExactlyOne>
      <wsp:All>
        <sp:SupportingTokens>
          <wsp:Policy>
            <sp:UsernameToken sp:IncludeToken="http://schemas.xmlsoap.org/ws/2005/07/securitypolicy/IncludeToken/AlwaysToRecipient">
              <wsp:Policy>
                <sp:WssUsernameToken10/>
              </wsp:Policy>
            </sp:UsernameToken>
          </wsp:Policy>
        </sp:SupportingTokens>
      </wsp:All>
    </wsp:ExactlyOne>
  </wsp:Policy>
</wsdl:definitions>]]></con:content><con:type>http://schemas.xmlsoap.org/wsdl/</con:type></con:part></con:definitionCache><con:endpoints><con:endpoint>TARGET_ADDRESS_ORDER</con:endpoint></con:endpoints><con:operation id="ccb5269c-c0b7-4d45-b763-5ff95348eb56" isOneWay="false" action="" name="getOrderItemList" bindingOperationName="getOrderItemList" type="Request-Response" outputName="getOrderItemListResponse" inputName="getOrderItemList" receivesAttachments="false" sendsAttachments="false" anonymous="optional"><con:settings/><con:call id="866f011d-e730-45c7-901d-f0ba747a32dc" name="Request 1"><con:settings/><con:encoding>UTF-8</con:encoding><con:endpoint>TARGET_ADDRESS_ORDER</con:endpoint><con:request><![CDATA[<soapenv:Envelope xmlns:soapenv="http://schemas.xmlsoap.org/soap/envelope/" xmlns:oss="http://schemas.comarch.com/wsdl/oss-sfquery-0.19/">\r
   <soapenv:Header/>\r
   <soapenv:Body>\r
      <oss:getOrderItemList>\r
         <!--Optional:-->\r
         <oss:id>gero et</oss:id>\r
         <!--Optional:-->\r
         <oss:since>2013-11-23T20:14:07</oss:since>\r
         <!--Optional:-->\r
         <oss:until>2014-06-09T20:45:04+05:30</oss:until>\r
         <oss:activeOnly>false</oss:activeOnly>\r
         <!--Optional:-->\r
         <oss:maxResults>20</oss:maxResults>\r
      </oss:getOrderItemList>\r
   </soapenv:Body>\r
</soapenv:Envelope>]]></con:request><con:wsaConfig mustUnderstand="NONE" version="200508" action="http://schemas.comarch.com/wsdl/oss-sfquery-0.19/ServiceQueryPort/getOrderItemList"/></con:call></con:operation><con:operation id="0dd0c760-7b76-4fca-adb0-a12f6fba6b24" isOneWay="false" action="" name="getServiceInstanceList" bindingOperationName="getServiceInstanceList" type="Request-Response" outputName="getServiceInstanceListResponse" inputName="getServiceInstanceList" receivesAttachments="false" sendsAttachments="false" anonymous="optional"><con:settings/><con:call id="63bf34d8-994e-47a9-bfff-859c2646fe8d" name="Request 1"><con:settings/><con:encoding>UTF-8</con:encoding><con:endpoint>TARGET_ADDRESS_ORDER</con:endpoint><con:request><![CDATA[<soapenv:Envelope xmlns:soapenv="http://schemas.xmlsoap.org/soap/envelope/" xmlns:oss="http://schemas.comarch.com/wsdl/oss-sfquery-0.19/">\r
   <soapenv:Header/>\r
   <soapenv:Body>\r
      <oss:getServiceInstanceList>\r
         <!--Optional:-->\r
         <oss:specification>gero et</oss:specification>\r
         <!--Optional:-->\r
         <oss:since>2013-11-23T20:14:07</oss:since>\r
         <!--Optional:-->\r
         <oss:until>2014-06-09T20:45:04+05:30</oss:until>\r
         <!--Optional:-->\r
         <oss:maxResults>20</oss:maxResults>\r
      </oss:getServiceInstanceList>\r
   </soapenv:Body>\r
</soapenv:Envelope>]]></con:request><con:wsaConfig mustUnderstand="NONE" version="200508" action="http://schemas.comarch.com/wsdl/oss-sfquery-0.19/ServiceQueryPort/getServiceInstanceList"/></con:call></con:operation><con:operation id="5b2da0a1-15fa-4e56-b533-1b0e0dc394b8" isOneWay="false" action="" name="getServiceInstanceListByCharacteristic" bindingOperationName="getServiceInstanceListByCharacteristic" type="Request-Response" outputName="getServiceInstanceListByCharacteristicResponse" inputName="getServiceInstanceListByCharacteristic" receivesAttachments="false" sendsAttachments="false" anonymous="optional"><con:settings/><con:call id="321b745c-949e-46ec-9fe0-9169737cdf3a" name="Request 1"><con:settings/><con:encoding>UTF-8</con:encoding><con:endpoint>TARGET_ADDRESS_ORDER</con:endpoint><con:request><![CDATA[<soapenv:Envelope xmlns:soapenv="http://schemas.xmlsoap.org/soap/envelope/" xmlns:oss="http://schemas.comarch.com/wsdl/oss-sfquery-0.19/">\r
   <soapenv:Header/>\r
   <soapenv:Body>\r
      <oss:getServiceInstanceListByCharacteristic>\r
         <!--Optional:-->\r
         <oss:specification>gero et</oss:specification>\r
         <!--Optional:-->\r
         <oss:key>sonoras imperio</oss:key>\r
         <!--Optional:-->\r
         <oss:value>quae divum incedo</oss:value>\r
         <!--Optional:-->\r
         <oss:since>2006-08-19T22:57:14+05:30</oss:since>\r
         <!--Optional:-->\r
         <oss:until>2009-05-16T18:12:28</oss:until>\r
         <!--Optional:-->\r
         <oss:maxResults>20</oss:maxResults>\r
         <!--Optional:-->\r
         <oss:isRecursive>false</oss:isRecursive>\r
      </oss:getServiceInstanceListByCharacteristic>\r
   </soapenv:Body>\r
</soapenv:Envelope>]]></con:request><con:credentials><con:authType>No Authorization</con:authType></con:credentials><con:jmsConfig JMSDeliveryMode="PERSISTENT"/><con:jmsPropertyConfig/><con:wsaConfig mustUnderstand="NONE" version="200508" action="http://schemas.comarch.com/wsdl/oss-sfquery-0.19/ServiceQueryPort/getServiceInstanceListByCharacteristic"/><con:wsrmConfig version="1.2"/></con:call></con:operation><con:operation id="c14dec94-561a-45ac-9e42-ea1c2cf77d38" isOneWay="false" action="" name="getServiceSpecification" bindingOperationName="getServiceSpecification" type="Request-Response" outputName="getServiceSpecificationResponse" inputName="getServiceSpecification" receivesAttachments="false" sendsAttachments="false" anonymous="optional"><con:settings/><con:call id="d5499886-d90b-4d46-9d5f-264bb7cf9452" name="Request 1"><con:settings/><con:encoding>UTF-8</con:encoding><con:endpoint>TARGET_ADDRESS_ORDER</con:endpoint><con:request><![CDATA[<soapenv:Envelope xmlns:soapenv="http://schemas.xmlsoap.org/soap/envelope/" xmlns:oss="http://schemas.comarch.com/wsdl/oss-sfquery-0.19/">\r
   <soapenv:Header/>\r
   <soapenv:Body>\r
      <oss:getServiceSpecification>\r
         <!--Optional:-->\r
         <oss:specification>gero et</oss:specification>\r
      </oss:getServiceSpecification>\r
   </soapenv:Body>\r
</soapenv:Envelope>]]></con:request><con:credentials><con:authType>No Authorization</con:authType></con:credentials><con:jmsConfig JMSDeliveryMode="PERSISTENT"/><con:jmsPropertyConfig/><con:wsaConfig mustUnderstand="NONE" version="200508" action="http://schemas.comarch.com/wsdl/oss-sfquery-0.19/ServiceQueryPort/getServiceSpecification"/><con:wsrmConfig version="1.2"/></con:call></con:operation><con:operation id="1c154cd0-12dd-49c5-9362-cd4f16270338" isOneWay="false" action="" name="getServiceSpecificationList" bindingOperationName="getServiceSpecificationList" type="Request-Response" outputName="getServiceSpecificationListResponse" inputName="getServiceSpecificationList" receivesAttachments="false" sendsAttachments="false" anonymous="optional"><con:settings/><con:call id="62eed237-fe3c-432f-b40e-76ba31c5af8f" name="Request 1"><con:settings/><con:encoding>UTF-8</con:encoding><con:endpoint>TARGET_ADDRESS_ORDER</con:endpoint><con:request><![CDATA[<soapenv:Envelope xmlns:soapenv="http://schemas.xmlsoap.org/soap/envelope/" xmlns:oss="http://schemas.comarch.com/wsdl/oss-sfquery-0.19/">\r
   <soapenv:Header/>\r
   <soapenv:Body>\r
      <oss:getServiceSpecificationList>\r
         <!--Optional:-->\r
         <oss:maxResults>20</oss:maxResults>\r
      </oss:getServiceSpecificationList>\r
   </soapenv:Body>\r
</soapenv:Envelope>]]></con:request><con:credentials><con:authType>No Authorization</con:authType></con:credentials><con:jmsConfig JMSDeliveryMode="PERSISTENT"/><con:jmsPropertyConfig/><con:wsaConfig mustUnderstand="NONE" version="200508" action="http://schemas.comarch.com/wsdl/oss-sfquery-0.19/ServiceQueryPort/getServiceSpecificationList"/><con:wsrmConfig version="1.2"/></con:call></con:operation><con:operation id="ff3e75e4-0f78-42a6-a76f-72ec763e3dea" isOneWay="false" action="" name="getServiceSpecificationRecursive" bindingOperationName="getServiceSpecificationRecursive" type="Request-Response" outputName="getServiceSpecificationRecursiveResponse" inputName="getServiceSpecificationRecursive" receivesAttachments="false" sendsAttachments="false" anonymous="optional"><con:settings/><con:call id="2a80675d-0757-4cec-97cf-7af6267fec1c" name="Request 1"><con:settings/><con:encoding>UTF-8</con:encoding><con:endpoint>TARGET_ADDRESS_ORDER</con:endpoint><con:request><![CDATA[<soapenv:Envelope xmlns:soapenv="http://schemas.xmlsoap.org/soap/envelope/" xmlns:oss="http://schemas.comarch.com/wsdl/oss-sfquery-0.19/">\r
   <soapenv:Header/>\r
   <soapenv:Body>\r
      <oss:getServiceSpecificationRecursive>\r
         <!--Optional:-->\r
         <oss:specification>gero et</oss:specification>\r
      </oss:getServiceSpecificationRecursive>\r
   </soapenv:Body>\r
</soapenv:Envelope>]]></con:request><con:credentials><con:authType>No Authorization</con:authType></con:credentials><con:jmsConfig JMSDeliveryMode="PERSISTENT"/><con:jmsPropertyConfig/><con:wsaConfig mustUnderstand="NONE" version="200508" action="http://schemas.comarch.com/wsdl/oss-sfquery-0.19/ServiceQueryPort/getServiceSpecificationRecursive"/><con:wsrmConfig version="1.2"/></con:call></con:operation></con:interface><con:testSuite id="659538bd-94d9-4907-9cb6-e8ea33db9fba" name="FEDAPI"><con:settings/><con:runType>SEQUENTIAL</con:runType><con:testCase id="6c7d355a-c906-4dad-8ef2-7848508646c3" failOnError="true" failTestCaseOnErrors="true" keepSession="false" maxResults="0" name="ServiceQuerySoapBinding" searchProperties="true"><con:settings/><con:testStep type="request" name="getOrderItemList" id="d67c3f7d-359f-4139-ae84-8edbc48516a4"><con:settings/><con:config xsi:type="con:RequestStep" xmlns:xsi="http://www.w3.org/2001/XMLSchema-instance"><con:interface>ServiceQuerySoapBinding</con:interface><con:operation>getOrderItemList</con:operation><con:request name="getOrderItemList" id="2fcf4f2e-73e5-48ce-93c8-08f34d779ac0" sslKeystore="o2_testsupport_cert20190501.p12"><con:settings><con:setting id="com.eviware.soapui.impl.wsdl.WsdlRequest@request-headers">&lt;xml-fragment/></con:setting></con:settings><con:encoding>UTF-8</con:encoding><con:endpoint>https://localhost:37343/services/ngsf-adapter/RTServiceQuery </con:endpoint><con:request><![CDATA[<soapenv:Envelope xmlns:soapenv="http://schemas.xmlsoap.org/soap/envelope/" xmlns:oss="http://schemas.comarch.com/wsdl/oss-sfquery-0.19/">
<soapenv:Header>
      <wss:Security xmlns:wss="http://docs.oasis-open.org/wss/2004/01/oasis-200401-wss-wssecurity-secext-1.0.xsd">
         <wss:UsernameToken wsu:Id="UsernameToken-29092662" xmlns:wsu="http://docs.oasis-open.org/wss/2004/01/oasis-200401-wss-wssecurity-utility-1.0.xsd">
            <wss:Username>testsupport_4321</wss:Username>
            <wss:Password Type="http://docs.oasis-open.org/wss/2004/01/oasis-200401-wss-username-token-profile-1.0#PasswordText">t3st1ng</wss:Password>
         </wss:UsernameToken>
      </wss:Security>
      <xcore:SOAConsumerTransactionID xmlns:xcore="http://soa.o2.co.uk/coredata_1">Bermondsey-3973565473977097026</xcore:SOAConsumerTransactionID>
   </soapenv:Header>
   <soapenv:Body>
      <oss:getOrderItemList>
         <!--Optional:-->
         <oss:id>gero et</oss:id>
         <!--Optional:-->
         <oss:since>2013-11-23T20:14:07</oss:since>
         <!--Optional:-->
         <oss:until>2014-06-09T20:45:04+05:30</oss:until>
         <oss:activeOnly>false</oss:activeOnly>
         <!--Optional:-->
         <oss:maxResults>20</oss:maxResults>
      </oss:getOrderItemList>
   </soapenv:Body>
</soapenv:Envelope>]]></con:request><con:assertion type="SOAP Response" id="ec35c502-eda6-48f7-a136-9d3baa4a3fdd"/><con:credentials><con:authType>No Authorization</con:authType></con:credentials><con:jmsConfig JMSDeliveryMode="PERSISTENT"/><con:jmsPropertyConfig/><con:wsaConfig mustUnderstand="NONE" version="200508"/><con:wsrmConfig version="1.2"/></con:request></con:config></con:testStep><con:testStep type="request" name="getServiceInstanceList" id="47a62583-3650-4a66-8364-c2fcd5421481"><con:settings/><con:config xsi:type="con:RequestStep" xmlns:xsi="http://www.w3.org/2001/XMLSchema-instance"><con:interface>ServiceQuerySoapBinding</con:interface><con:operation>getServiceInstanceList</con:operation><con:request name="getServiceInstanceList" id="16434be1-3afb-4e5b-9acf-9e8afe571c36" sslKeystore="o2_testsupport_cert20190501.p12"><con:settings><con:setting id="com.eviware.soapui.impl.wsdl.WsdlRequest@request-headers">&lt;xml-fragment/></con:setting></con:settings><con:encoding>UTF-8</con:encoding><con:endpoint>https://localhost:37343/services/ngsf-adapter/RTServiceQuery</con:endpoint><con:request><![CDATA[<soapenv:Envelope xmlns:soapenv="http://schemas.xmlsoap.org/soap/envelope/" xmlns:oss="http://schemas.comarch.com/wsdl/oss-sfquery-0.19/">\r
    <soapenv:Header>
      <wss:Security xmlns:wss="http://docs.oasis-open.org/wss/2004/01/oasis-200401-wss-wssecurity-secext-1.0.xsd">
         <wss:UsernameToken wsu:Id="UsernameToken-29092662" xmlns:wsu="http://docs.oasis-open.org/wss/2004/01/oasis-200401-wss-wssecurity-utility-1.0.xsd">
            <wss:Username>testsupport_4321</wss:Username>
            <wss:Password Type="http://docs.oasis-open.org/wss/2004/01/oasis-200401-wss-username-token-profile-1.0#PasswordText">t3st1ng</wss:Password>
         </wss:UsernameToken>
      </wss:Security>
      <xcore:SOAConsumerTransactionID xmlns:xcore="http://soa.o2.co.uk/coredata_1">Bermondsey-3973565473977097026</xcore:SOAConsumerTransactionID>
   </soapenv:Header>
   <soapenv:Body>\r
      <oss:getServiceInstanceList>gero</oss:getServiceInstanceList>\r
   </soapenv:Body>\r
</soapenv:Envelope>]]></con:request><con:assertion type="SOAP Response" id="613ee303-fa42-4ea3-9bb6-1c23a2b6457f"/><con:credentials><con:authType>No Authorization</con:authType></con:credentials><con:jmsConfig JMSDeliveryMode="PERSISTENT"/><con:jmsPropertyConfig/><con:wsaConfig mustUnderstand="NONE" version="200508"/><con:wsrmConfig version="1.2"/></con:request></con:config></con:testStep><con:testStep type="request" name="getServiceInstanceListByCharacteristic" id="add3c6a8-e278-4f15-bee7-b6ed9be0ddf0"><con:settings/><con:config xsi:type="con:RequestStep" xmlns:xsi="http://www.w3.org/2001/XMLSchema-instance"><con:interface>ServiceQuerySoapBinding</con:interface><con:operation>getServiceInstanceListByCharacteristic</con:operation><con:request name="getServiceInstanceListByCharacteristic" id="a932dffd-3b4b-48da-83e6-6bcbf45a35e3" sslKeystore="o2_testsupport_cert20190501.p12"><con:settings><con:setting id="com.eviware.soapui.impl.wsdl.WsdlRequest@request-headers">&lt;xml-fragment/></con:setting></con:settings><con:encoding>UTF-8</con:encoding><con:endpoint>https://localhost:37343/services/ngsf-adapter/RTServiceQuery</con:endpoint><con:request><![CDATA[<soapenv:Envelope xmlns:soapenv="http://schemas.xmlsoap.org/soap/envelope/" xmlns:oss="http://schemas.comarch.com/wsdl/oss-sfquery-0.19/">\r
   <soapenv:Header>
      <wss:Security xmlns:wss="http://docs.oasis-open.org/wss/2004/01/oasis-200401-wss-wssecurity-secext-1.0.xsd">
         <wss:UsernameToken wsu:Id="UsernameToken-29092662" xmlns:wsu="http://docs.oasis-open.org/wss/2004/01/oasis-200401-wss-wssecurity-utility-1.0.xsd">
            <wss:Username>testsupport_4321</wss:Username>
            <wss:Password Type="http://docs.oasis-open.org/wss/2004/01/oasis-200401-wss-username-token-profile-1.0#PasswordText">t3st1ng</wss:Password>
         </wss:UsernameToken>
      </wss:Security>
      <xcore:SOAConsumerTransactionID xmlns:xcore="http://soa.o2.co.uk/coredata_1">Bermondsey-3973565473977097026</xcore:SOAConsumerTransactionID>
   </soapenv:Header>
   <soapenv:Body>\r
      <oss:getServiceInstanceListByCharacteristic/>\r
   </soapenv:Body>\r
</soapenv:Envelope>]]></con:request><con:assertion type="SOAP Response" id="1eae3f31-c304-4aa7-99d8-430cff7332f8"/><con:credentials><con:authType>No Authorization</con:authType></con:credentials><con:jmsConfig JMSDeliveryMode="PERSISTENT"/><con:jmsPropertyConfig/><con:wsaConfig mustUnderstand="NONE" version="200508"/><con:wsrmConfig version="1.2"/></con:request></con:config></con:testStep><con:testStep type="request" name="getServiceSpecification" id="e5376187-8f17-4fef-9582-ffeeeef77f2f"><con:settings/><con:config xsi:type="con:RequestStep" xmlns:xsi="http://www.w3.org/2001/XMLSchema-instance"><con:interface>ServiceQuerySoapBinding</con:interface><con:operation>getServiceSpecification</con:operation><con:request name="getServiceSpecification" id="10e1ae68-774f-400d-8c52-1c9d59e4e962" sslKeystore="o2_testsupport_cert20190501.p12"><con:settings><con:setting id="com.eviware.soapui.impl.wsdl.WsdlRequest@request-headers">&lt;xml-fragment/></con:setting></con:settings><con:encoding>UTF-8</con:encoding><con:endpoint>https://localhost:37343/services/ngsf-adapter/RTServiceQuery</con:endpoint><con:request><![CDATA[<soapenv:Envelope xmlns:soapenv="http://schemas.xmlsoap.org/soap/envelope/" xmlns:oss="http://schemas.comarch.com/wsdl/oss-sfquery-0.19/">\r
   <soapenv:Header>
      <wss:Security xmlns:wss="http://docs.oasis-open.org/wss/2004/01/oasis-200401-wss-wssecurity-secext-1.0.xsd">
         <wss:UsernameToken wsu:Id="UsernameToken-29092662" xmlns:wsu="http://docs.oasis-open.org/wss/2004/01/oasis-200401-wss-wssecurity-utility-1.0.xsd">
            <wss:Username>testsupport_4321</wss:Username>
            <wss:Password Type="http://docs.oasis-open.org/wss/2004/01/oasis-200401-wss-username-token-profile-1.0#PasswordText">t3st1ng</wss:Password>
         </wss:UsernameToken>
      </wss:Security>
      <xcore:SOAConsumerTransactionID xmlns:xcore="http://soa.o2.co.uk/coredata_1">Bermondsey-3973565473977097026</xcore:SOAConsumerTransactionID>
   </soapenv:Header>
   <soapenv:Body>\r
      <oss:getServiceSpecification/>\r
   </soapenv:Body>\r
</soapenv:Envelope>]]></con:request><con:assertion type="SOAP Response" id="d8312b0b-a42b-4e03-8b91-3f902f434ab9"/><con:credentials><con:authType>No Authorization</con:authType></con:credentials><con:jmsConfig JMSDeliveryMode="PERSISTENT"/><con:jmsPropertyConfig/><con:wsaConfig mustUnderstand="NONE" version="200508"/><con:wsrmConfig version="1.2"/></con:request></con:config></con:testStep><con:testStep type="request" name="getServiceSpecificationList" id="be27e8b1-8e3b-4f54-aaa6-a972bcd73c5f"><con:settings/><con:config xsi:type="con:RequestStep" xmlns:xsi="http://www.w3.org/2001/XMLSchema-instance"><con:interface>ServiceQuerySoapBinding</con:interface><con:operation>getServiceSpecificationList</con:operation><con:request name="getServiceSpecificationList" id="c93d33a3-2c81-4eb1-9483-044984975018" sslKeystore="o2_testsupport_cert20190501.p12"><con:settings><con:setting id="com.eviware.soapui.impl.wsdl.WsdlRequest@request-headers">&lt;xml-fragment/></con:setting></con:settings><con:encoding>UTF-8</con:encoding><con:endpoint>https://localhost:37343/services/ngsf-adapter/RTServiceQuery</con:endpoint><con:request><![CDATA[<soapenv:Envelope xmlns:soapenv="http://schemas.xmlsoap.org/soap/envelope/" xmlns:oss="http://schemas.comarch.com/wsdl/oss-sfquery-0.19/">\r
   <soapenv:Header>
      <wss:Security xmlns:wss="http://docs.oasis-open.org/wss/2004/01/oasis-200401-wss-wssecurity-secext-1.0.xsd">
         <wss:UsernameToken wsu:Id="UsernameToken-29092662" xmlns:wsu="http://docs.oasis-open.org/wss/2004/01/oasis-200401-wss-wssecurity-utility-1.0.xsd">
            <wss:Username>testsupport_4321</wss:Username>
            <wss:Password Type="http://docs.oasis-open.org/wss/2004/01/oasis-200401-wss-username-token-profile-1.0#PasswordText">t3st1ng</wss:Password>
         </wss:UsernameToken>
      </wss:Security>
      <xcore:SOAConsumerTransactionID xmlns:xcore="http://soa.o2.co.uk/coredata_1">Bermondsey-3973565473977097026</xcore:SOAConsumerTransactionID>
   </soapenv:Header>
   <soapenv:Body>\r
      <oss:getServiceSpecificationList/>\r
   </soapenv:Body>\r
</soapenv:Envelope>]]></con:request><con:assertion type="SOAP Response" id="b66728b3-a92f-483d-b107-51cb42f63cf2"/><con:credentials><con:authType>No Authorization</con:authType></con:credentials><con:jmsConfig JMSDeliveryMode="PERSISTENT"/><con:jmsPropertyConfig/><con:wsaConfig mustUnderstand="NONE" version="200508"/><con:wsrmConfig version="1.2"/></con:request></con:config></con:testStep><con:testStep type="request" name="getServiceSpecificationRecursive" id="b6830462-ef5d-4fe2-acb7-dec598c4a904"><con:settings/><con:config xsi:type="con:RequestStep" xmlns:xsi="http://www.w3.org/2001/XMLSchema-instance"><con:interface>ServiceQuerySoapBinding</con:interface><con:operation>getServiceSpecificationRecursive</con:operation><con:request name="getServiceSpecificationRecursive" id="46bc1d13-83da-4708-9675-85279fe249df" sslKeystore="o2_testsupport_cert20190501.p12"><con:settings><con:setting id="com.eviware.soapui.impl.wsdl.WsdlRequest@request-headers">&lt;xml-fragment/></con:setting></con:settings><con:encoding>UTF-8</con:encoding><con:endpoint>https://localhost:37343/services/ngsf-adapter/RTServiceQuery</con:endpoint><con:request><![CDATA[<soapenv:Envelope xmlns:soapenv="http://schemas.xmlsoap.org/soap/envelope/" xmlns:oss="http://schemas.comarch.com/wsdl/oss-sfquery-0.19/">\r
   <soapenv:Header>
      <wss:Security xmlns:wss="http://docs.oasis-open.org/wss/2004/01/oasis-200401-wss-wssecurity-secext-1.0.xsd">
         <wss:UsernameToken wsu:Id="UsernameToken-29092662" xmlns:wsu="http://docs.oasis-open.org/wss/2004/01/oasis-200401-wss-wssecurity-utility-1.0.xsd">
            <wss:Username>testsupport_4321</wss:Username>
            <wss:Password Type="http://docs.oasis-open.org/wss/2004/01/oasis-200401-wss-username-token-profile-1.0#PasswordText">t3st1ng</wss:Password>
         </wss:UsernameToken>
      </wss:Security>
      <xcore:SOAConsumerTransactionID xmlns:xcore="http://soa.o2.co.uk/coredata_1">Bermondsey-3973565473977097026</xcore:SOAConsumerTransactionID>
   </soapenv:Header>
   <soapenv:Body>\r
      <oss:getServiceSpecificationRecursive/>\r
   </soapenv:Body>\r
</soapenv:Envelope>]]></con:request><con:assertion type="SOAP Response" id="8611df6e-f5ed-4133-aa45-937953855c19"/><con:credentials><con:authType>No Authorization</con:authType></con:credentials><con:jmsConfig JMSDeliveryMode="PERSISTENT"/><con:jmsPropertyConfig/><con:wsaConfig mustUnderstand="NONE" version="200508"/><con:wsrmConfig version="1.2"/></con:request></con:config></con:testStep><con:properties/></con:testCase><con:properties/></con:testSuite><con:properties/><con:wssContainer><con:crypto><con:source>C:/Users/559528/Desktop/o2_testsupport_cert20190501.p12</con:source><con:password>t3st1ng</con:password><con:type>KEYSTORE</con:type></con:crypto></con:wssContainer><con:oAuth2ProfileContainer/><con:oAuth1ProfileContainer/><con:sensitiveInformation/></con:soapui-project>