<?xml version="1.0" encoding="UTF-8"?>
<con:soapui-project id="96c6f5b0-50d2-40c4-af2b-95fc24b1155f" activeEnvironment="Default" name="O2_AG_Contract_mgmt_1" resourceRoot="" soapui-version="5.3.0" abortOnError="false" runType="SEQUENTIAL" xmlns:con="http://eviware.com/soapui/config"><con:settings/><con:interface xsi:type="con:WsdlInterface" id="fec7cf4f-e9a5-4237-a9a3-c6d620a2bb92" wsaVersion="NONE" name="ViewAllowanceBinding" type="wsdl" bindingName="{http://soa.o2.co.uk/viewallowanceservice_2}ViewAllowanceBinding" soapVersion="1_1" anonymous="optional" definition="file:/C:/Users/559528/Desktop/UIT/O2_AG_Contract_mgmt_1/local/wsdl/viewallowanceservice_2_0.wsdl" xmlns:xsi="http://www.w3.org/2001/XMLSchema-instance"><con:settings/><con:definitionCache type="TEXT" rootPart="file:/C:/Users/559528/Desktop/UIT/O2_AG_Contract_mgmt_1/local/wsdl/viewallowanceservice_2_0.wsdl"><con:part><con:url>file:/C:/Users/559528/Desktop/UIT/O2_AG_Contract_mgmt_1/local/wsdl/viewallowanceservice_2_0.wsdl</con:url><con:content><![CDATA[<!--Date			Change		Author			Change Description      						
	10/10/2011		2.0.3		Subramanyam		Added new operations getAllowance_2 & getNonDataAllowance_2.	
	12/01/2011		2.0.2		Subramanyam		Added operation Versioning getDataAllowance & getNonDataAllowance.
	20/12/2010     	2.0.1	    Subramanyam    	Added two new operations getDataAllowance and getNonDataAllowance.	
	17/08/2010     	2.0.0	    Arjun    		Initial Version-->
<wsdl:definitions name="ViewAllowance" targetNamespace="http://soa.o2.co.uk/viewallowanceservice_2" xmlns:wsdl="http://schemas.xmlsoap.org/wsdl/" xmlns:soap="http://schemas.xmlsoap.org/wsdl/soap/" xmlns:val="http://soa.o2.co.uk/viewallowanceservice_2" xmlns:vad="http://soa.o2.co.uk/viewallowancedata_2">
  <wsdl:types>
    <xsd:schema xmlns:xsd="http://www.w3.org/2001/XMLSchema">
      <xsd:import namespace="http://soa.o2.co.uk/viewallowancedata_2" schemaLocation="viewallowancedata_2_0.xsd"/>
    </xsd:schema>
  </wsdl:types>
  <wsdl:message name="getAllowance">
    <wsdl:part name="getAllowance" element="vad:getAllowance"/>
  </wsdl:message>
  <wsdl:message name="getAllowanceResponse">
    <wsdl:part name="getAllowanceResponse" element="vad:getAllowanceResponse"/>
  </wsdl:message>
  <wsdl:message name="getAllowanceFault">
    <wsdl:part name="getAllowanceFault" element="vad:getAllowanceFault"/>
  </wsdl:message>
  <wsdl:message name="getDataAllowance_1">
    <wsdl:part name="getDataAllowance_1" element="vad:getDataAllowance_1"/>
  </wsdl:message>
  <wsdl:message name="getDataAllowance_1Response">
    <wsdl:part name="getDataAllowance_1Response" element="vad:getDataAllowance_1Response"/>
  </wsdl:message>
  <wsdl:message name="getDataAllowance_1Fault">
    <wsdl:part name="getDataAllowance_1Fault" element="vad:getDataAllowance_1Fault"/>
  </wsdl:message>
  <wsdl:message name="getNonDataAllowance_1">
    <wsdl:part name="getNonDataAllowance_1" element="vad:getNonDataAllowance_1"/>
  </wsdl:message>
  <wsdl:message name="getNonDataAllowance_1Response">
    <wsdl:part name="getNonDataAllowance_1Response" element="vad:getNonDataAllowance_1Response"/>
  </wsdl:message>
  <wsdl:message name="getNonDataAllowance_1Fault">
    <wsdl:part name="getNonDataAllowance_1Fault" element="vad:getNonDataAllowance_1Fault"/>
  </wsdl:message>
  <wsdl:message name="getAllowance_2">
    <wsdl:part name="getAllowance_2" element="vad:getAllowance_2"/>
  </wsdl:message>
  <wsdl:message name="getAllowance_2Response">
    <wsdl:part name="getAllowance_2Response" element="vad:getAllowance_2Response"/>
  </wsdl:message>
  <wsdl:message name="getAllowance_2Fault">
    <wsdl:part name="getAllowance_2Fault" element="vad:getAllowance_2Fault"/>
  </wsdl:message>
  <wsdl:message name="getNonDataAllowance_2">
    <wsdl:part name="getNonDataAllowance_2" element="vad:getNonDataAllowance_2"/>
  </wsdl:message>
  <wsdl:message name="getNonDataAllowance_2Response">
    <wsdl:part name="getNonDataAllowance_2Response" element="vad:getNonDataAllowance_2Response"/>
  </wsdl:message>
  <wsdl:message name="getNonDataAllowance_2Fault">
    <wsdl:part name="getNonDataAllowance_2Fault" element="vad:getNonDataAllowance_2Fault"/>
  </wsdl:message>
  <wsdl:portType name="ViewAllowancePortType">
    <wsdl:operation name="getAllowance">
      <wsdl:input name="getAllowance" message="val:getAllowance"/>
      <wsdl:output name="getAllowanceResponse" message="val:getAllowanceResponse"/>
      <wsdl:fault name="getAllowanceFault" message="val:getAllowanceFault"/>
    </wsdl:operation>
    <wsdl:operation name="getDataAllowance_1">
      <wsdl:input name="getDataAllowance_1" message="val:getDataAllowance_1"/>
      <wsdl:output name="getDataAllowance_1Response" message="val:getDataAllowance_1Response"/>
      <wsdl:fault name="getDataAllowance_1Fault" message="val:getDataAllowance_1Fault"/>
    </wsdl:operation>
    <wsdl:operation name="getNonDataAllowance_1">
      <wsdl:input name="getNonDataAllowance_1" message="val:getNonDataAllowance_1"/>
      <wsdl:output name="getNonDataAllowance_1Response" message="val:getNonDataAllowance_1Response"/>
      <wsdl:fault name="getNonDataAllowance_1Fault" message="val:getNonDataAllowance_1Fault"/>
    </wsdl:operation>
    <wsdl:operation name="getAllowance_2">
      <wsdl:input name="getAllowance_2" message="val:getAllowance_2"/>
      <wsdl:output name="getAllowance_2Response" message="val:getAllowance_2Response"/>
      <wsdl:fault name="getAllowance_2Fault" message="val:getAllowance_2Fault"/>
    </wsdl:operation>
    <wsdl:operation name="getNonDataAllowance_2">
      <wsdl:input name="getNonDataAllowance_2" message="val:getNonDataAllowance_2"/>
      <wsdl:output name="getNonDataAllowance_2Response" message="val:getNonDataAllowance_2Response"/>
      <wsdl:fault name="getNonDataAllowance_2Fault" message="val:getNonDataAllowance_2Fault"/>
    </wsdl:operation>
  </wsdl:portType>
  <wsdl:binding name="ViewAllowanceBinding" type="val:ViewAllowancePortType">
    <soap:binding style="document" transport="http://schemas.xmlsoap.org/soap/http"/>
    <wsdl:operation name="getAllowance">
      <soap:operation soapAction=""/>
      <wsdl:input name="getAllowance">
        <soap:body parts="getAllowance" use="literal"/>
      </wsdl:input>
      <wsdl:output name="getAllowanceResponse">
        <soap:body parts="getAllowanceResponse" use="literal"/>
      </wsdl:output>
      <wsdl:fault name="getAllowanceFault">
        <soap:fault name="getAllowanceFault" use="literal"/>
      </wsdl:fault>
    </wsdl:operation>
    <wsdl:operation name="getDataAllowance_1">
      <soap:operation soapAction=""/>
      <wsdl:input name="getDataAllowance_1">
        <soap:body parts="getDataAllowance_1" use="literal"/>
      </wsdl:input>
      <wsdl:output name="getDataAllowance_1Response">
        <soap:body parts="getDataAllowance_1Response" use="literal"/>
      </wsdl:output>
      <wsdl:fault name="getDataAllowance_1Fault">
        <soap:fault name="getDataAllowance_1Fault" use="literal"/>
      </wsdl:fault>
    </wsdl:operation>
    <wsdl:operation name="getNonDataAllowance_1">
      <soap:operation soapAction=""/>
      <wsdl:input name="getNonDataAllowance_1">
        <soap:body parts="getNonDataAllowance_1" use="literal"/>
      </wsdl:input>
      <wsdl:output name="getNonDataAllowance_1Response">
        <soap:body parts="getNonDataAllowance_1Response" use="literal"/>
      </wsdl:output>
      <wsdl:fault name="getNonDataAllowance_1Fault">
        <soap:fault name="getNonDataAllowance_1Fault" use="literal"/>
      </wsdl:fault>
    </wsdl:operation>
    <wsdl:operation name="getAllowance_2">
      <soap:operation soapAction=""/>
      <wsdl:input name="getAllowance_2">
        <soap:body parts="getAllowance_2" use="literal"/>
      </wsdl:input>
      <wsdl:output name="getAllowance_2Response">
        <soap:body parts="getAllowance_2Response" use="literal"/>
      </wsdl:output>
      <wsdl:fault name="getAllowance_2Fault">
        <soap:fault name="getAllowance_2Fault" use="literal"/>
      </wsdl:fault>
    </wsdl:operation>
    <wsdl:operation name="getNonDataAllowance_2">
      <soap:operation soapAction=""/>
      <wsdl:input name="getNonDataAllowance_2">
        <soap:body parts="getNonDataAllowance_2" use="literal"/>
      </wsdl:input>
      <wsdl:output name="getNonDataAllowance_2Response">
        <soap:body parts="getNonDataAllowance_2Response" use="literal"/>
      </wsdl:output>
      <wsdl:fault name="getNonDataAllowance_2Fault">
        <soap:fault name="getNonDataAllowance_2Fault" use="literal"/>
      </wsdl:fault>
    </wsdl:operation>
  </wsdl:binding>
  <wsdl:service name="ViewAllowanceService">
    <wsdl:port name="ViewAllowancePort" binding="val:ViewAllowanceBinding">
      <soap:address location="https://sdpapi.o2.co.uk/services/ViewAllowance_2_0"/>
    </wsdl:port>
  </wsdl:service>
</wsdl:definitions>]]></con:content><con:type>http://schemas.xmlsoap.org/wsdl/</con:type></con:part><con:part><con:url>file:\C:\Users\559528\Desktop\UIT\O2_AG_Contract_mgmt_1\local\wsdl\viewallowancedata_2_0.xsd</con:url><con:content><![CDATA[<!--Date			Change		Author			Change Description
	14/09/2015      2.0.7       Shravan B U		Introduced additional elements  in Request and Response of getDataAllowance_1 & getAllowance operation as part of RolloverDataBundle project.
	14/12/2011		2.0.6		Subramanyam		Removed element "productType" from complex type allowance_2Type.
	28/11/2011  	2.0.5	    Subramanyam		Introduced new element"orderIndex" in complex type allowance_2Type.
	11/10/2011		2.0.4		Subramanyam		Added two new operations getAllowance_2 and getNonDataAllowance_2.
	07/02/2011		2.0.3		Subramanyam		Made the element "msisdnAllowances/dataAllowances/totalAllowanceSummary" as an Optional from Mandatory. 	      						
	12/01/2011		2.0.2		Subramanyam		Added operation Versioning getDataAllowance & getNonDataAllowance.
	20/12/2010     	2.0.1	    Subramanyam    	Added two new operations getDataAllowance and getNonDataAllowance.	
	17/08/2010     	2.0.0	    Arjun    		Initial Version-->
<xsd:schema targetNamespace="http://soa.o2.co.uk/viewallowancedata_2" elementFormDefault="qualified" attributeFormDefault="unqualified" xmlns:xsd="http://www.w3.org/2001/XMLSchema" xmlns:xcore="http://soa.o2.co.uk/coredata_1" xmlns:vad="http://soa.o2.co.uk/viewallowancedata_2">
  <xsd:import namespace="http://soa.o2.co.uk/coredata_1" schemaLocation="coredata_1_1.xsd"/>
  <xsd:element name="getAllowance" type="vad:getAllowance">
    <xsd:annotation>
      <xsd:documentation>The request element for the getAllowance operation.</xsd:documentation>
    </xsd:annotation>
  </xsd:element>
  <xsd:element name="getAllowanceResponse" type="vad:getAllowanceResponse">
    <xsd:annotation>
      <xsd:documentation>The response element for the getAllowance operation.</xsd:documentation>
    </xsd:annotation>
  </xsd:element>
  <xsd:element name="getAllowanceFault" type="xcore:SOAFaultType">
    <xsd:annotation>
      <xsd:documentation>Fault from getAllowance operation.</xsd:documentation>
    </xsd:annotation>
  </xsd:element>
  <xsd:element name="getDataAllowance_1" type="vad:getDataAllowance_1">
    <xsd:annotation>
      <xsd:documentation>The request element for the getAllowance operation.</xsd:documentation>
    </xsd:annotation>
  </xsd:element>
  <xsd:element name="getDataAllowance_1Response" type="vad:getDataAllowance_1Response">
    <xsd:annotation>
      <xsd:documentation>The response element for the getAllowance operation.</xsd:documentation>
    </xsd:annotation>
  </xsd:element>
  <xsd:element name="getDataAllowance_1Fault" type="xcore:SOAFaultType">
    <xsd:annotation>
      <xsd:documentation>Fault from getAllowance operation.</xsd:documentation>
    </xsd:annotation>
  </xsd:element>
  <xsd:element name="getNonDataAllowance_1" type="vad:getNonDataAllowance_1">
    <xsd:annotation>
      <xsd:documentation>The request element for the getAllowance operation.</xsd:documentation>
    </xsd:annotation>
  </xsd:element>
  <xsd:element name="getNonDataAllowance_1Response" type="vad:getNonDataAllowance_1Response">
    <xsd:annotation>
      <xsd:documentation>The response element for the getAllowance operation.</xsd:documentation>
    </xsd:annotation>
  </xsd:element>
  <xsd:element name="getNonDataAllowance_1Fault" type="xcore:SOAFaultType">
    <xsd:annotation>
      <xsd:documentation>Fault from getAllowance operation.</xsd:documentation>
    </xsd:annotation>
  </xsd:element>
  <xsd:element name="getAllowance_2" type="vad:getAllowance_2">
    <xsd:annotation>
      <xsd:documentation>The request element for the getAllowance_2 operation.</xsd:documentation>
    </xsd:annotation>
  </xsd:element>
  <xsd:element name="getAllowance_2Response" type="vad:getAllowance_2Response">
    <xsd:annotation>
      <xsd:documentation>The response element for the getAllowance_2 operation.</xsd:documentation>
    </xsd:annotation>
  </xsd:element>
  <xsd:element name="getAllowance_2Fault" type="xcore:SOAFaultType">
    <xsd:annotation>
      <xsd:documentation>Fault from getAllowance_2 operation.</xsd:documentation>
    </xsd:annotation>
  </xsd:element>
  <xsd:element name="getNonDataAllowance_2" type="vad:getNonDataAllowance_2">
    <xsd:annotation>
      <xsd:documentation>The request element for the getNonDataAllowance_2 operation.</xsd:documentation>
    </xsd:annotation>
  </xsd:element>
  <xsd:element name="getNonDataAllowance_2Response" type="vad:getNonDataAllowance_2Response">
    <xsd:annotation>
      <xsd:documentation>The response element for the getNonDataAllowance_2 operation.</xsd:documentation>
    </xsd:annotation>
  </xsd:element>
  <xsd:element name="getNonDataAllowance_2Fault" type="xcore:SOAFaultType">
    <xsd:annotation>
      <xsd:documentation>Fault from getNonDataAllowance_2 operation.</xsd:documentation>
    </xsd:annotation>
  </xsd:element>
  <xsd:complexType name="getAllowance">
    <xsd:annotation>
      <xsd:documentation>A complex type holding the keys to retrieve both airtime
				and data allowances and usage details.</xsd:documentation>
    </xsd:annotation>
    <xsd:sequence>
      <xsd:element name="account" type="xcore:accountType"/>
      <xsd:element name="allowanceCategory" type="vad:allowanceCategoryType" minOccurs="0" maxOccurs="unbounded"/>
      <xsd:element name="dataSource" type="vad:dataSourceType" minOccurs="0"/>
      <xsd:element name="productList" type="vad:productListType" minOccurs="0"/>
      <xsd:element name="returnAllowanceByBundleType" type="vad:typeYesOrNo" maxOccurs="1" minOccurs="0"/>
    </xsd:sequence>
  </xsd:complexType>
  <xsd:complexType name="getAllowanceResponse">
    <xsd:annotation>
      <xsd:documentation>The service response, contains multiple allowances.</xsd:documentation>
    </xsd:annotation>
    <xsd:sequence>
      <xsd:element name="accountAllowances" minOccurs="0" type="vad:accountAllowancesType"/>
      <xsd:element name="msisdnAllowances" minOccurs="0" type="vad:msisdnAllowances"/>
      <xsd:element name="chargingType" type="xsd:string" minOccurs="0" maxOccurs="unbounded"/>
    </xsd:sequence>
  </xsd:complexType>
  <xsd:complexType name="getDataAllowance_1">
    <xsd:annotation>
      <xsd:documentation>A complex type holding the keys to retrieve data allowance usage details.</xsd:documentation>
    </xsd:annotation>
    <xsd:sequence>
      <xsd:element name="account" type="xcore:accountType"/>
      <xsd:element name="dataSource" type="vad:dataSourceType" minOccurs="0"/>
      <xsd:element name="productList" type="vad:productListType" minOccurs="0"/>
      <xsd:element name="returnAllowanceByBundleType" type="vad:typeYesOrNo" maxOccurs="1" minOccurs="0"/>
    </xsd:sequence>
  </xsd:complexType>
  <xsd:complexType name="getDataAllowance_1Response">
    <xsd:annotation>
      <xsd:documentation>The service response, contains multiple allowances.</xsd:documentation>
    </xsd:annotation>
    <xsd:sequence>
      <xsd:element name="accountAllowances" minOccurs="0" type="vad:accountAllowancesType"/>
      <xsd:element name="msisdnLevelAllowances" minOccurs="0" type="vad:msisdnLevelDataAllowancesType"/>
      <xsd:element name="chargingType" type="xsd:string" minOccurs="0" maxOccurs="1"/>
    </xsd:sequence>
  </xsd:complexType>
  <xsd:complexType name="getNonDataAllowance_1">
    <xsd:annotation>
      <xsd:documentation>A complex type holding the keys to retrieve both airtime
				and data allowances and usage details.</xsd:documentation>
    </xsd:annotation>
    <xsd:sequence>
      <xsd:element name="account" type="xcore:accountType"/>
      <xsd:element name="allowanceCategory" type="vad:allowanceCategoryType" minOccurs="0" maxOccurs="unbounded"/>
    </xsd:sequence>
  </xsd:complexType>
  <xsd:complexType name="getNonDataAllowance_1Response">
    <xsd:annotation>
      <xsd:documentation>The service response, contains multiple allowances.</xsd:documentation>
    </xsd:annotation>
    <xsd:sequence>
      <xsd:element name="accountAllowances" minOccurs="0" type="vad:accountAllowancesType"/>
      <xsd:element name="msisdnLevelAllowances" minOccurs="0" type="vad:msisdnLevelNonDataAllowancesType"/>
      <xsd:element name="chargingType" type="xsd:string" minOccurs="0" maxOccurs="unbounded"/>
    </xsd:sequence>
  </xsd:complexType>
  <xsd:complexType name="getAllowance_2">
    <xsd:annotation>
      <xsd:documentation>A complex type holding the keys to retrieve both airtime
				and data allowances and usage details.</xsd:documentation>
    </xsd:annotation>
    <xsd:sequence>
      <xsd:element name="account" type="xcore:accountType"/>
      <xsd:element name="allowanceCategory" type="vad:allowanceCategoryType" minOccurs="0" maxOccurs="unbounded"/>
      <xsd:element name="dataSource" type="vad:dataSourceType" minOccurs="0"/>
      <xsd:element name="productList" type="vad:productListType" minOccurs="0"/>
    </xsd:sequence>
  </xsd:complexType>
  <xsd:complexType name="getAllowance_2Response">
    <xsd:annotation>
      <xsd:documentation>The service response, contains multiple allowances.</xsd:documentation>
    </xsd:annotation>
    <xsd:sequence>
      <xsd:element name="accountNumber" type="xcore:billingAccountNumberType">
        <xsd:annotation>
          <xsd:documentation>The Companion account number for this number (if
						relevant).</xsd:documentation>
        </xsd:annotation>
      </xsd:element>
      <xsd:element name="accountAllowances" minOccurs="0" type="vad:accountAllowances_2Type"/>
      <xsd:element name="msisdnAllowances" minOccurs="0" type="vad:msisdnAllowances_2Type"/>
      <xsd:element name="chargingType" type="xsd:string" minOccurs="0" maxOccurs="unbounded"/>
    </xsd:sequence>
  </xsd:complexType>
  <xsd:complexType name="getNonDataAllowance_2">
    <xsd:annotation>
      <xsd:documentation>A complex type holding the keys to retrieve both airtime
				and data allowances and usage details.</xsd:documentation>
    </xsd:annotation>
    <xsd:sequence>
      <xsd:element name="account" type="xcore:accountType"/>
      <xsd:element name="allowanceCategory" type="vad:allowanceCategoryType" minOccurs="0" maxOccurs="unbounded"/>
    </xsd:sequence>
  </xsd:complexType>
  <xsd:complexType name="getNonDataAllowance_2Response">
    <xsd:annotation>
      <xsd:documentation>The service response, contains multiple allowances.</xsd:documentation>
    </xsd:annotation>
    <xsd:sequence>
      <xsd:element name="accountNumber" type="xcore:billingAccountNumberType">
        <xsd:annotation>
          <xsd:documentation>The Companion account number for this number (if
						relevant).</xsd:documentation>
        </xsd:annotation>
      </xsd:element>
      <xsd:element name="accountAllowances" minOccurs="0" type="vad:accountAllowances_2Type"/>
      <xsd:element name="msisdnLevelNonDataAllowances" minOccurs="0" type="vad:msisdnNonDataAllowances_2Type"/>
      <xsd:element name="chargingType" type="xsd:string" minOccurs="0" maxOccurs="unbounded"/>
    </xsd:sequence>
  </xsd:complexType>
  <xsd:complexType name="accountAllowancesType">
    <xsd:annotation>
      <xsd:documentation>Allowances shared across mobiles on an account.</xsd:documentation>
    </xsd:annotation>
    <xsd:sequence>
      <xsd:element name="accountNumber" type="xcore:billingAccountNumberType">
        <xsd:annotation>
          <xsd:documentation>The Companion account number for this number (if
						relevant).</xsd:documentation>
        </xsd:annotation>
      </xsd:element>
      <xsd:element name="allowance" type="vad:allowanceType" minOccurs="0" maxOccurs="unbounded"/>
    </xsd:sequence>
  </xsd:complexType>
  <xsd:complexType name="msisdnAllowances">
    <xsd:annotation>
      <xsd:documentation>Allowances relevant to MSISDN.</xsd:documentation>
    </xsd:annotation>
    <xsd:sequence>
      <xsd:element name="msisdn" type="xcore:msisdnType">
        <xsd:annotation>
          <xsd:documentation>The mobile phone that the information is about.</xsd:documentation>
        </xsd:annotation>
      </xsd:element>
      <xsd:element name="voiceAllowances" type="vad:voiceAllowancesType" minOccurs="0"/>
      <xsd:element name="messageAllowances" type="vad:messageAllowancesType" minOccurs="0"/>
      <xsd:element name="dataAllowances" type="vad:dataAllowances_2Type" minOccurs="0"/>
      <xsd:element name="unlimitedAllowances" type="vad:unlimitedAllowancesType" minOccurs="0"/>
    </xsd:sequence>
  </xsd:complexType>
  <xsd:complexType name="msisdnLevelDataAllowancesType">
    <xsd:annotation>
      <xsd:documentation>Allowances relevant to MSISDN.</xsd:documentation>
    </xsd:annotation>
    <xsd:sequence>
      <xsd:element name="msisdn" type="xcore:msisdnType">
        <xsd:annotation>
          <xsd:documentation>The mobile phone that the information is about.</xsd:documentation>
        </xsd:annotation>
      </xsd:element>
      <xsd:element name="dataAllowances" type="vad:dataAllowancesType" minOccurs="0"/>
      <xsd:element name="dataAllowancesByBundleType" type="vad:dataAllowancesByBundleTypeType" minOccurs="0" maxOccurs="1"/>
    </xsd:sequence>
  </xsd:complexType>
  <xsd:complexType name="msisdnLevelNonDataAllowancesType">
    <xsd:annotation>
      <xsd:documentation>Allowances relevant to MSISDN.</xsd:documentation>
    </xsd:annotation>
    <xsd:sequence>
      <xsd:element name="msisdn" type="xcore:msisdnType">
        <xsd:annotation>
          <xsd:documentation>The mobile phone that the information is about.</xsd:documentation>
        </xsd:annotation>
      </xsd:element>
      <xsd:element name="voiceAllowances" type="vad:voiceAllowancesType" minOccurs="0"/>
      <xsd:element name="messageAllowances" type="vad:messageAllowancesType" minOccurs="0"/>
      <xsd:element name="unlimitedAllowances" type="vad:unlimitedAllowancesType" minOccurs="0"/>
    </xsd:sequence>
  </xsd:complexType>
  <xsd:complexType name="voiceAllowancesType">
    <xsd:annotation>
      <xsd:documentation>Allowances related to voice. Provides an overall initial
				and remaining allowances and also a break down of each
				allowance</xsd:documentation>
    </xsd:annotation>
    <xsd:sequence>
      <xsd:element name="totalAllowanceSummary" type="vad:allowanceSummaryType"/>
      <xsd:element name="allowance" type="vad:allowanceType" maxOccurs="unbounded"/>
    </xsd:sequence>
  </xsd:complexType>
  <xsd:complexType name="messageAllowancesType">
    <xsd:annotation>
      <xsd:documentation>Allowances related to message that includes SMS and MMS.
				Provides an overall initial and remaining allowances and
				also a break down of each allowance</xsd:documentation>
    </xsd:annotation>
    <xsd:sequence>
      <xsd:element name="totalAllowanceSummary" type="vad:allowanceSummaryType"/>
      <xsd:element name="allowance" type="vad:allowanceType" maxOccurs="unbounded"/>
    </xsd:sequence>
  </xsd:complexType>
  <xsd:complexType name="dataAllowancesType">
    <xsd:annotation>
      <xsd:documentation>Allowances related to data in KB. Provides an overall
				initial and remaining allowances and also a break down of
				each allowance</xsd:documentation>
    </xsd:annotation>
    <xsd:sequence>
      <xsd:element name="totalAllowanceSummary" type="vad:dataAllowanceSummaryType" minOccurs="0" maxOccurs="unbounded"/>
      <xsd:element name="allowance" type="vad:allowanceType" minOccurs="0" maxOccurs="unbounded"/>
    </xsd:sequence>
  </xsd:complexType>
  <xsd:complexType name="allowanceSummaryType">
    <xsd:annotation>
      <xsd:documentation>Provides the total of allowances summary.</xsd:documentation>
    </xsd:annotation>
    <xsd:sequence>
      <xsd:element name="startingBalance" type="xsd:integer">
        <xsd:annotation>
          <xsd:documentation>Total initial number of unit provided by the product.</xsd:documentation>
        </xsd:annotation>
      </xsd:element>
      <xsd:element name="allowanceUsed" type="xsd:integer">
        <xsd:annotation>
          <xsd:documentation>Total number of units used in the current month.</xsd:documentation>
        </xsd:annotation>
      </xsd:element>
      <xsd:element name="allowanceRemaining" type="xsd:integer" minOccurs="0">
        <xsd:annotation>
          <xsd:documentation>Total number of units available to use.</xsd:documentation>
        </xsd:annotation>
      </xsd:element>
    </xsd:sequence>
  </xsd:complexType>
  <xsd:complexType name="dataAllowanceSummaryType">
    <xsd:annotation>
      <xsd:documentation>Provides the total of data allowances summary.</xsd:documentation>
    </xsd:annotation>
    <xsd:complexContent>
      <xsd:extension base="vad:allowanceSummaryType">
        <xsd:sequence>
          <xsd:element name="dataThresholdType" type="xsd:string" maxOccurs="1" minOccurs="0">
            <xsd:annotation>
              <xsd:documentation>The data allowance threshold category. 
							Example values are:DomesticM,DomesticD,EuQuota,RoWQuota.</xsd:documentation>
            </xsd:annotation>
          </xsd:element>
          <xsd:element name="startDate" type="xsd:dateTime" maxOccurs="1" minOccurs="0">
            <xsd:annotation>
              <xsd:documentation>The allowance start date.</xsd:documentation>
            </xsd:annotation>
          </xsd:element>
          <xsd:element name="renewalDate" type="xsd:date" maxOccurs="1" minOccurs="0">
            <xsd:annotation>
              <xsd:documentation>The allowance renewal date.</xsd:documentation>
            </xsd:annotation>
          </xsd:element>
          <xsd:element name="timestamp" type="xsd:dateTime" maxOccurs="1" minOccurs="0">
            <xsd:annotation>
              <xsd:documentation>The date and time in which the allowance retrieved was valid.</xsd:documentation>
            </xsd:annotation>
          </xsd:element>
        </xsd:sequence>
      </xsd:extension>
    </xsd:complexContent>
  </xsd:complexType>
  <xsd:complexType name="allowanceType">
    <xsd:annotation>
      <xsd:documentation>A set of allowances that are included as part of a "product".</xsd:documentation>
    </xsd:annotation>
    <xsd:sequence>
      <xsd:element name="productCode" minOccurs="0" type="vad:productCode"/>
      <xsd:element name="productName" type="xsd:string">
        <xsd:annotation>
          <xsd:documentation>Marketing name of the product providing the allowance.</xsd:documentation>
        </xsd:annotation>
      </xsd:element>
      <xsd:element name="productType" type="vad:productType"/>
      <xsd:element name="productDescription" type="xsd:string" minOccurs="0">
        <xsd:annotation>
          <xsd:documentation>Textual description of the product. Typically includes
						the number and type of allowances included with the
						product.</xsd:documentation>
        </xsd:annotation>
      </xsd:element>
      <xsd:element name="expiryDate" type="xsd:date">
        <xsd:annotation>
          <xsd:documentation>Date on which the allowance expires.</xsd:documentation>
        </xsd:annotation>
      </xsd:element>
      <xsd:element name="suspended" type="xsd:boolean" minOccurs="0">
        <xsd:annotation>
          <xsd:documentation>Flag indicating whether the product (and by implication
						the allowances provided by the product) are temporarily
						suspended. This may be due (for example) to insufficient
						balance to recharge the allowance. If the element is not
						included the product (and allowances) are currently
						active.</xsd:documentation>
        </xsd:annotation>
      </xsd:element>
      <xsd:element name="allowanceDetail" type="vad:allowanceDetailType">
        <xsd:annotation>
          <xsd:documentation>Numerical descriptions of allowances delivered as part
						of a product. If there are no elements, and a
						productDescription element exists, then the description
						should be used instead.</xsd:documentation>
        </xsd:annotation>
      </xsd:element>
      <xsd:element name="allowanceText" type="xsd:string" minOccurs="0">
        <xsd:annotation>
          <xsd:documentation>This field can be used as an alternative to displaying
						allowanceDetail elements if it is supplied.</xsd:documentation>
        </xsd:annotation>
      </xsd:element>
    </xsd:sequence>
  </xsd:complexType>
  <xsd:complexType name="allowanceDetailType">
    <xsd:annotation>
      <xsd:documentation>Used to denote a product that gives a user an allowance.</xsd:documentation>
    </xsd:annotation>
    <xsd:sequence>
      <xsd:element name="allowanceSummary" type="vad:allowanceSummaryType"/>
      <xsd:element name="allowanceUnit" type="vad:allowanceUnitType"/>
      <xsd:element name="restricted" type="xsd:boolean" minOccurs="0">
        <xsd:annotation>
          <xsd:documentation>Indicates whether there are any restrictions on the use
						of the units (e.g. off-peak, week-ends only, on-net
						only).</xsd:documentation>
        </xsd:annotation>
      </xsd:element>
    </xsd:sequence>
  </xsd:complexType>
  <xsd:complexType name="productListType">
    <xsd:annotation>
      <xsd:documentation>The customer current tariff and the list of services present on the account. If this is provided then the customer data charging type 
			would be determined using the tariff/services combination.</xsd:documentation>
    </xsd:annotation>
    <xsd:sequence>
      <xsd:element name="tariffProductId" type="xcore:productIDType" minOccurs="1"/>
      <xsd:element name="services" type="vad:servicesType" minOccurs="0"/>
    </xsd:sequence>
  </xsd:complexType>
  <xsd:complexType name="servicesType">
    <xsd:annotation>
      <xsd:documentation>A list of services availalbe on the customer current tariff.</xsd:documentation>
    </xsd:annotation>
    <xsd:sequence>
      <xsd:element name="productId" type="xcore:productIDType" maxOccurs="unbounded"/>
    </xsd:sequence>
  </xsd:complexType>
  <xsd:complexType name="unlimitedAllowancesType">
    <xsd:annotation>
      <xsd:documentation>All the unlimited Allowances related to Voice, Text and Data.</xsd:documentation>
    </xsd:annotation>
    <xsd:sequence>
      <xsd:element name="allowance" type="vad:allowanceType" maxOccurs="unbounded"/>
    </xsd:sequence>
  </xsd:complexType>
  <xsd:complexType name="msisdnAllowances_2Type">
    <xsd:annotation>
      <xsd:documentation>Allowances relevant to MSISDN.</xsd:documentation>
    </xsd:annotation>
    <xsd:sequence>
      <xsd:element name="msisdn" type="xcore:msisdnType">
        <xsd:annotation>
          <xsd:documentation>The mobile phone that the information is about.</xsd:documentation>
        </xsd:annotation>
      </xsd:element>
      <xsd:element name="allowances" type="vad:allowancesType" minOccurs="0" maxOccurs="1"/>
    </xsd:sequence>
  </xsd:complexType>
  <xsd:complexType name="msisdnNonDataAllowances_2Type">
    <xsd:annotation>
      <xsd:documentation>Non data allowances relevant to MSISDN.</xsd:documentation>
    </xsd:annotation>
    <xsd:sequence>
      <xsd:element name="msisdn" type="xcore:msisdnType">
        <xsd:annotation>
          <xsd:documentation>The mobile phone that the information is about.</xsd:documentation>
        </xsd:annotation>
      </xsd:element>
      <xsd:element name="allowances" type="vad:allowances_2Type" minOccurs="0" maxOccurs="1"/>
    </xsd:sequence>
  </xsd:complexType>
  <xsd:complexType name="allowancesType">
    <xsd:annotation>
      <xsd:documentation>Allowances relevant to MSISDN.</xsd:documentation>
    </xsd:annotation>
    <xsd:sequence>
      <xsd:element name="allowance" type="vad:allowance_2Type" minOccurs="0" maxOccurs="unbounded">
        <xsd:annotation>
          <xsd:documentation>Complex structure holding allowance details.</xsd:documentation>
        </xsd:annotation>
      </xsd:element>
      <xsd:element name="fairUsageAllowances" type="vad:fairUsageAllowancesType" minOccurs="0" maxOccurs="unbounded"/>
    </xsd:sequence>
  </xsd:complexType>
  <xsd:complexType name="accountAllowances_2Type">
    <xsd:annotation>
      <xsd:documentation>Allowances shared across mobiles on an account.</xsd:documentation>
    </xsd:annotation>
    <xsd:sequence>
      <xsd:element name="allowance" type="vad:allowance_2Type" minOccurs="1" maxOccurs="unbounded">
        <xsd:annotation>
          <xsd:documentation>Complex structure holding allowance details.</xsd:documentation>
        </xsd:annotation>
      </xsd:element>
    </xsd:sequence>
  </xsd:complexType>
  <xsd:complexType name="allowances_2Type">
    <xsd:annotation>
      <xsd:documentation>Fair usage and non-fair usage allowances relevant to MSISDN.</xsd:documentation>
    </xsd:annotation>
    <xsd:sequence>
      <xsd:element name="allowance" type="vad:allowance_2Type" minOccurs="1" maxOccurs="unbounded">
        <xsd:annotation>
          <xsd:documentation>Complex structure holding allowance details.</xsd:documentation>
        </xsd:annotation>
      </xsd:element>
    </xsd:sequence>
  </xsd:complexType>
  <xsd:complexType name="fairUsageAllowancesType">
    <xsd:annotation>
      <xsd:documentation>Provide fair usage allowances summary.</xsd:documentation>
    </xsd:annotation>
    <xsd:complexContent>
      <xsd:extension base="vad:allowanceSummaryType">
        <xsd:sequence>
          <xsd:element name="thresholdType" type="xsd:string" maxOccurs="1" minOccurs="0">
            <xsd:annotation>
              <xsd:documentation>The data allowance threshold category. 
							Example values are:DomesticM,DomesticD,EuQuota,RoWQuota.</xsd:documentation>
            </xsd:annotation>
          </xsd:element>
          <xsd:element name="startDate" type="xsd:dateTime" maxOccurs="1" minOccurs="0">
            <xsd:annotation>
              <xsd:documentation>The allowance start date.</xsd:documentation>
            </xsd:annotation>
          </xsd:element>
          <xsd:element name="renewalDate" type="xsd:date" maxOccurs="1" minOccurs="0">
            <xsd:annotation>
              <xsd:documentation>The allowance renewal date.</xsd:documentation>
            </xsd:annotation>
          </xsd:element>
          <xsd:element name="timestamp" type="xsd:dateTime" maxOccurs="1" minOccurs="0">
            <xsd:annotation>
              <xsd:documentation>The date and time in which the allowance retrieved was valid.</xsd:documentation>
            </xsd:annotation>
          </xsd:element>
        </xsd:sequence>
      </xsd:extension>
    </xsd:complexContent>
  </xsd:complexType>
  <xsd:complexType name="allowanceDetailsType">
    <xsd:annotation>
      <xsd:documentation>Allowances details.</xsd:documentation>
    </xsd:annotation>
    <xsd:sequence>
      <xsd:element name="allowanceDetail" type="vad:allowanceDetailType" minOccurs="1" maxOccurs="unbounded">
        <xsd:annotation>
          <xsd:documentation>The mobile phone that the information is about.</xsd:documentation>
        </xsd:annotation>
      </xsd:element>
    </xsd:sequence>
  </xsd:complexType>
  <xsd:complexType name="allowance_2Type">
    <xsd:annotation>
      <xsd:documentation>A set of allowances that are included as part of a "product".</xsd:documentation>
    </xsd:annotation>
    <xsd:sequence>
      <xsd:element name="productId" type="vad:productCode" minOccurs="0"/>
      <xsd:element name="allowanceName" type="xsd:string">
        <xsd:annotation>
          <xsd:documentation>Marketing name of the product providing the allowance.</xsd:documentation>
        </xsd:annotation>
      </xsd:element>
      <xsd:element name="allowanceUnit" type="vad:allowanceUnitType"/>
      <xsd:element name="shortDescription" type="xsd:string">
        <xsd:annotation>
          <xsd:documentation>Short textual description of the product.</xsd:documentation>
        </xsd:annotation>
      </xsd:element>
      <xsd:element name="longDescription" type="xsd:string">
        <xsd:annotation>
          <xsd:documentation>Long textual description of the product.</xsd:documentation>
        </xsd:annotation>
      </xsd:element>
      <xsd:element name="isRestricted" type="xsd:boolean"/>
      <xsd:element name="restrictionCategory" type="xsd:string"/>
      <xsd:element name="isUnlimited" type="xsd:boolean"/>
      <xsd:element name="expiryDate" type="xsd:date">
        <xsd:annotation>
          <xsd:documentation>Date on which the allowance expires.</xsd:documentation>
        </xsd:annotation>
      </xsd:element>
      <xsd:element name="orderIndex" type="xsd:integer">
        <xsd:annotation>
          <xsd:documentation>Describes the order in which the allowance need to displayed.</xsd:documentation>
        </xsd:annotation>
      </xsd:element>
      <xsd:element name="allowanceUsageSummary" type="vad:allowanceUsageSummaryType" maxOccurs="1" minOccurs="0"/>
    </xsd:sequence>
  </xsd:complexType>
  <xsd:complexType name="allowanceUsageSummaryType">
    <xsd:annotation>
      <xsd:documentation>Provides the summary of allowances usage.</xsd:documentation>
    </xsd:annotation>
    <xsd:sequence>
      <xsd:element name="startingBalance" type="xsd:integer">
        <xsd:annotation>
          <xsd:documentation>Total initial number of unit provided by the product.</xsd:documentation>
        </xsd:annotation>
      </xsd:element>
      <xsd:element name="allowanceUsed" type="xsd:integer">
        <xsd:annotation>
          <xsd:documentation>Total number of units used in the current month.</xsd:documentation>
        </xsd:annotation>
      </xsd:element>
      <xsd:element name="allowanceRemaining" type="xsd:integer" minOccurs="0">
        <xsd:annotation>
          <xsd:documentation>Total number of units available to use.</xsd:documentation>
        </xsd:annotation>
      </xsd:element>
    </xsd:sequence>
  </xsd:complexType>
  <xsd:simpleType name="productCode">
    <xsd:annotation>
      <xsd:documentation>System ID for the product, to aid aggregation (not available for
				all products).</xsd:documentation>
    </xsd:annotation>
    <xsd:restriction base="xsd:string">
      <xsd:maxLength value="20"/>
    </xsd:restriction>
  </xsd:simpleType>
  <xsd:simpleType name="productType">
    <xsd:annotation>
      <xsd:documentation>The type of allowance (tarrif / bolt-on/ treat)</xsd:documentation>
    </xsd:annotation>
    <xsd:restriction base="xsd:string">
      <xsd:enumeration value="TARIFF"/>
      <xsd:enumeration value="BOLT-ON"/>
      <xsd:enumeration value="TREAT"/>
      <xsd:enumeration value="OTHER"/>
    </xsd:restriction>
  </xsd:simpleType>
  <xsd:simpleType name="allowanceUnitType">
    <xsd:annotation>
      <xsd:documentation>The unit of measurement for the allowence.</xsd:documentation>
    </xsd:annotation>
    <xsd:restriction base="xsd:string">
      <xsd:enumeration value="SECOND">
        <xsd:annotation>
          <xsd:documentation>Allowance values are denominated in voice seconds.</xsd:documentation>
        </xsd:annotation>
      </xsd:enumeration>
      <xsd:enumeration value="MESSAGE">
        <xsd:annotation>
          <xsd:documentation>Combined SMS and MMS messages. Note that this will only
						be used where the back-end system allows the same
						allowance to be used for both SMS and MMS. For postpay,
						1 MMS equates to 4 units, for prepay 3 units.</xsd:documentation>
        </xsd:annotation>
      </xsd:enumeration>
      <xsd:enumeration value="KB">
        <xsd:annotation>
          <xsd:documentation>The unit used to represent any data allowance.</xsd:documentation>
        </xsd:annotation>
      </xsd:enumeration>
      <xsd:enumeration value="MMS">
        <xsd:annotation>
          <xsd:documentation>Units are media messages only. Note this will only be
						used where the billing system restricts the allowance
						for use only with MMS.</xsd:documentation>
        </xsd:annotation>
      </xsd:enumeration>
      <xsd:enumeration value="SMS">
        <xsd:annotation>
          <xsd:documentation>Units are short messaging service units only. Note this
						will only be used where the billing system restricts the
						allowance for use only with SMS.</xsd:documentation>
        </xsd:annotation>
      </xsd:enumeration>
    </xsd:restriction>
  </xsd:simpleType>
  <xsd:simpleType name="allowanceCategoryType">
    <xsd:annotation>
      <xsd:documentation>A simple type to define the type of allowance to retrieve.</xsd:documentation>
    </xsd:annotation>
    <xsd:restriction base="xsd:string">
      <xsd:enumeration value="MINUTES"/>
      <xsd:enumeration value="MESSAGES"/>
      <xsd:enumeration value="DATA"/>
    </xsd:restriction>
  </xsd:simpleType>
  <xsd:simpleType name="dataSourceType">
    <xsd:annotation>
      <xsd:documentation>A simple type to define the the source of the allowances.
			 If this element is not provided then the data allowance
			 source would be decided based on the data charging category by default.</xsd:documentation>
    </xsd:annotation>
    <xsd:restriction base="xsd:string">
      <xsd:enumeration value="BILLING"/>
      <xsd:enumeration value="FUP"/>
    </xsd:restriction>
  </xsd:simpleType>
  <xsd:complexType name="dataAllowancesByBundleTypeType">
    <xsd:sequence>
      <xsd:element name="dataBundle" type="vad:dataBundleType" minOccurs="1" maxOccurs="unbounded"/>
    </xsd:sequence>
  </xsd:complexType>
  <xsd:complexType name="dataBundleType">
    <xsd:sequence>
      <xsd:element name="bundleType" type="xsd:string"/>
      <xsd:element name="startingAllowance" type="xsd:integer" maxOccurs="1" minOccurs="1"/>
      <xsd:element name="allowanceUsed" type="xsd:integer" maxOccurs="1" minOccurs="0"/>
      <xsd:element name="allowanceRemaining" type="xsd:integer" maxOccurs="1" minOccurs="0"/>
      <xsd:element name="expiryDate" type="xsd:date" maxOccurs="1" minOccurs="0"/>
    </xsd:sequence>
  </xsd:complexType>
  <xsd:complexType name="returnAllowanceByTypeType">
    <xsd:sequence>
      <xsd:element name="rollOverDetails" type="vad:typeYesOrNo" maxOccurs="1" minOccurs="0"/>
      <xsd:element name="recurringDetails" type="vad:typeYesOrNo" maxOccurs="1" minOccurs="0"/>
      <xsd:element name="retrieveAllDetails" type="vad:typeYesOrNo" maxOccurs="1" minOccurs="0"/>
    </xsd:sequence>
  </xsd:complexType>
  <xsd:simpleType name="typeYesOrNo">
    <xsd:annotation>
      <xsd:documentation>Flag indicating whether or not there are outstanding
				returns on an order (Y/N). Field will be N if no returns
				have been requested.</xsd:documentation>
    </xsd:annotation>
    <xsd:restriction base="xsd:string">
      <xsd:minLength value="1"/>
      <xsd:maxLength value="1"/>
      <xsd:enumeration value="Y"/>
      <xsd:enumeration value="N"/>
    </xsd:restriction>
  </xsd:simpleType>
  <xsd:complexType name="dataAllowances_2Type">
    <xsd:annotation>
      <xsd:documentation>Allowances related to data in KB. Provides an overall
				initial and remaining allowances and also a break down of
				each allowance</xsd:documentation>
    </xsd:annotation>
    <xsd:sequence>
      <xsd:element name="totalAllowanceSummary" type="vad:dataAllowanceSummaryType" minOccurs="0" maxOccurs="unbounded"/>
      <xsd:element name="allowance" type="vad:allowanceType" minOccurs="0" maxOccurs="unbounded"/>
      <xsd:element name="dataAllowancesByBundleType" type="vad:dataAllowancesByBundleTypeType" minOccurs="0" maxOccurs="1"/>
    </xsd:sequence>
  </xsd:complexType>
</xsd:schema>]]></con:content><con:type>http://www.w3.org/2001/XMLSchema</con:type></con:part><con:part><con:url>file:\C:\Users\559528\Desktop\UIT\O2_AG_Contract_mgmt_1\local\wsdl\coredata_1_1.xsd</con:url><con:content><![CDATA[<!--Date            Version       Author				Change Description
	13/07/2017		1.1.6		  Subramanyam			Added a complex type retrieveAdditionalInfoType.
	14/09/2016		1.1.5		  Pronisa Baruah		Added a simple type for email address with restriction.
	16/08/2016		1.1.4		  Devender Kumar		Added a simple typeYesOrNo to be used for flag purposes
	09/09/2011		1.1.3		  Raghu Ugare			Added addressType
	02/09/2011		1.1.2		  Raghu Ugare			Added cardTokenType	
	11/07/2011      1.1.1         Manasa Prasad         Added async element to support async services
	26/05/2011		1.1.0		  Raghu Ugare			Added identityUIDType and identityUsernameType & also updated the documentation for portalIDType
	11/03/2011		1.0.9		  Subramanyam			Added genderType	
	14/10/2010		1.0.8		  Prasanna SV			Added landlineNumberType
	11/08/2010		1.0.7		  Prasanna SV			Added ipAddressType
	19/05/2010		1.0.6		  Venkata Karhtik      	Added ssnType,userIdType
	03/05/2010		1.0.5		  Venkata Karhtik      	Added maskedCardNumberType,maskedBankAccountNumberType
	13/04/2010		1.0.4		  Shiby Varghese		Added spidType
	18/08/2009  	1.0.3         Karthikeyan R D       Added types for bank account number, sort code and account holder name.
	25/06/2009  	1.0.2         Venkata Karhtik      	Added types for credit/debit card related elements, customerTier,emailAddressType and postcode
	12/04/2008  	1.0.1         Kapil Gosian       	Initial version-->
<xsd:schema targetNamespace="http://soa.o2.co.uk/coredata_1" elementFormDefault="qualified" attributeFormDefault="unqualified" xmlns:xsd="http://www.w3.org/2001/XMLSchema" xmlns:xcore="http://soa.o2.co.uk/coredata_1">
  <xsd:complexType name="SOAFaultType">
    <xsd:annotation>
      <xsd:documentation>The type of the response sent to the calling
				application, if something goes wrong.</xsd:documentation>
    </xsd:annotation>
    <xsd:sequence>
      <xsd:element ref="xcore:SOAFaultOriginator"/>
      <xsd:element ref="xcore:SOAFaultCode"/>
      <xsd:element name="faultDescription" type="xsd:string" minOccurs="0">
        <xsd:annotation>
          <xsd:documentation>A human readable description of the error.</xsd:documentation>
        </xsd:annotation>
      </xsd:element>
      <xsd:element name="faultTrace" type="xsd:string" minOccurs="0">
        <xsd:annotation>
          <xsd:documentation>A computer generated dump of the fault (may help
						in debugging problems).</xsd:documentation>
        </xsd:annotation>
      </xsd:element>
      <xsd:element ref="xcore:SOATransactionID" minOccurs="0"/>
    </xsd:sequence>
  </xsd:complexType>
  <xsd:element name="SOAFault" type="xcore:SOAFaultType">
    <xsd:annotation>
      <xsd:documentation>The response sent to the calling application, if
				something goes wrong.</xsd:documentation>
    </xsd:annotation>
  </xsd:element>
  <xsd:element name="SOAFaultCode" type="xsd:string">
    <xsd:annotation>
      <xsd:documentation>A numeric representation of a fault (should be included
				in errors.xml).</xsd:documentation>
    </xsd:annotation>
  </xsd:element>
  <xsd:element name="SOAFaultOriginator" type="xsd:string">
    <xsd:annotation>
      <xsd:documentation>A representation of where a fault originates (should be
				included in errors.xml).</xsd:documentation>
    </xsd:annotation>
  </xsd:element>
  <xsd:element name="SOATransactionID" type="xsd:string">
    <xsd:annotation>
      <xsd:documentation>The transaction ID generated by the ESB.</xsd:documentation>
    </xsd:annotation>
  </xsd:element>
  <xsd:element name="SOAConsumerTransactionID" type="xsd:string">
    <xsd:annotation>
      <xsd:documentation>A transaction ID supplied by the calling aplication. It
				will not be processed but is passed through and logged
				by all underlying services (aids in debugging problems).</xsd:documentation>
    </xsd:annotation>
  </xsd:element>
  <xsd:simpleType name="msisdnType">
    <xsd:annotation>
      <xsd:documentation>Mobile Phone numbers (MSISDNs) should always be defined
				as strings, including country codes i.e. "447734123456";
				and translated into localised formats on the
				presentation and backend layers.</xsd:documentation>
    </xsd:annotation>
    <xsd:restriction base="xsd:string"/>
  </xsd:simpleType>
  <xsd:simpleType name="billingAccountNumberType">
    <xsd:annotation>
      <xsd:documentation>A billing account, as it appears in the back end billing
				system (Companion).</xsd:documentation>
    </xsd:annotation>
    <xsd:restriction base="xsd:string">
      <xsd:minLength value="6"/>
      <xsd:maxLength value="20"/>
    </xsd:restriction>
  </xsd:simpleType>
  <xsd:simpleType name="portalIDType">
    <xsd:annotation>
      <xsd:documentation>The portal account username (i.e., Portal ID). 
				A portal account is normally of the form “john.smith@o2.co.uk". 
				The Portal ID in this example is "john.smith" and the domain is "o2.co.uk".</xsd:documentation>
    </xsd:annotation>
    <xsd:restriction base="xsd:string"/>
  </xsd:simpleType>
  <xsd:complexType name="accountType">
    <xsd:annotation>
      <xsd:documentation>Data type to define a customers account. This could be
				either a portal account, msisdn, or a companion account
				and msisdn. Or a Bank Account program ID and account ID
				(initially for Timberlake)</xsd:documentation>
    </xsd:annotation>
    <xsd:choice>
      <xsd:element name="portalID" type="xcore:portalIDType"/>
      <xsd:element name="msisdn" type="xcore:msisdnType">
        <xsd:annotation>
          <xsd:documentation>A msisdn, in international format i.e.,"447712345678"</xsd:documentation>
        </xsd:annotation>
      </xsd:element>
      <xsd:element name="accountDetail" type="xcore:accountDetail">
        <xsd:annotation>
          <xsd:documentation>Account Details</xsd:documentation>
        </xsd:annotation>
      </xsd:element>
    </xsd:choice>
  </xsd:complexType>
  <xsd:complexType name="accountDetail">
    <xsd:annotation>
      <xsd:documentation>Account Details</xsd:documentation>
    </xsd:annotation>
    <xsd:sequence>
      <xsd:element name="billingAccountType">
        <xsd:annotation>
          <xsd:documentation>The type of account as it is defined in the
						billing system (only "MOBILE" currently
						defined).</xsd:documentation>
        </xsd:annotation>
        <xsd:simpleType>
          <xsd:restriction base="xsd:string">
            <xsd:enumeration value="MOBILE"/>
          </xsd:restriction>
        </xsd:simpleType>
      </xsd:element>
      <xsd:element name="accountNumber" type="xcore:billingAccountNumberType">
        <xsd:annotation>
          <xsd:documentation>The companion account.</xsd:documentation>
        </xsd:annotation>
      </xsd:element>
      <xsd:element name="msisdn" type="xcore:msisdnType">
        <xsd:annotation>
          <xsd:documentation>The msisdn within the above account.</xsd:documentation>
        </xsd:annotation>
      </xsd:element>
    </xsd:sequence>
  </xsd:complexType>
  <xsd:simpleType name="customerIDType">
    <xsd:annotation>
      <xsd:documentation>Main customerID for online services - this is the o2BFid
				in CPDS at the moment</xsd:documentation>
    </xsd:annotation>
    <xsd:restriction base="xsd:string"/>
  </xsd:simpleType>
  <xsd:complexType name="cashCardAccountType">
    <xsd:annotation>
      <xsd:documentation>Uniquely identifies the account in the Prepaid Banking
				system that is being referred to.</xsd:documentation>
    </xsd:annotation>
    <xsd:sequence>
      <xsd:annotation>
        <xsd:documentation>Financial accounts need a programID and accountID
					(Ref: Timberlake)</xsd:documentation>
      </xsd:annotation>
      <xsd:element name="programID" type="xsd:long">
        <xsd:annotation>
          <xsd:documentation>Identifies program. Translates into "Smart" or
						"Freedom" with various limits</xsd:documentation>
        </xsd:annotation>
      </xsd:element>
      <xsd:element name="accountID" type="xsd:long">
        <xsd:annotation>
          <xsd:documentation>Unique internal account ID on the TSYS platform.
						Probably can be applied to other banking systems
						as well.</xsd:documentation>
        </xsd:annotation>
      </xsd:element>
      <xsd:element name="userID" type="xsd:long" minOccurs="0"/>
      <xsd:element name="cardID" type="xsd:long" minOccurs="0"/>
    </xsd:sequence>
  </xsd:complexType>
  <xsd:simpleType name="productIDType">
    <xsd:annotation>
      <xsd:documentation>Identifies a product - temporarily the same as o2BFID
				(and hence customer ID)</xsd:documentation>
    </xsd:annotation>
    <xsd:restriction base="xsd:string"/>
  </xsd:simpleType>
  <xsd:simpleType name="customerRoleType">
    <xsd:annotation>
      <xsd:documentation>The role concept from registration DB or A and R</xsd:documentation>
    </xsd:annotation>
    <xsd:restriction base="xsd:string">
      <xsd:enumeration value="admin"/>
      <xsd:enumeration value="user"/>
      <xsd:enumeration value="chooser"/>
      <xsd:enumeration value="superuser"/>
      <xsd:enumeration value="unknown"/>
    </xsd:restriction>
  </xsd:simpleType>
  <xsd:simpleType name="imsiType">
    <xsd:annotation>
      <xsd:documentation>IMSI Number</xsd:documentation>
    </xsd:annotation>
    <xsd:restriction base="xsd:string"/>
  </xsd:simpleType>
  <xsd:simpleType name="imeiType">
    <xsd:annotation>
      <xsd:documentation>IMEI Number</xsd:documentation>
    </xsd:annotation>
    <xsd:restriction base="xsd:string"/>
  </xsd:simpleType>
  <xsd:element name="subscriberProfile" type="xcore:SubscriberProfileType">
    <xsd:annotation>
      <xsd:documentation>Subscriber Profile Element</xsd:documentation>
    </xsd:annotation>
  </xsd:element>
  <xsd:complexType name="SubscriberProfileType">
    <xsd:annotation>
      <xsd:documentation>Complex Type that defines Subscriber Profile</xsd:documentation>
    </xsd:annotation>
    <xsd:sequence>
      <xsd:element ref="xcore:SubscriberID">
        <xsd:annotation>
          <xsd:documentation>This refers to the MSISDN for Mobile subscribers</xsd:documentation>
        </xsd:annotation>
      </xsd:element>
      <xsd:element ref="xcore:Operator" minOccurs="0">
        <xsd:annotation>
          <xsd:documentation>Operator ID for the particular subscriber</xsd:documentation>
        </xsd:annotation>
      </xsd:element>
      <xsd:element ref="xcore:PaymentCategory" minOccurs="0">
        <xsd:annotation>
          <xsd:documentation>Type of payment, Prepay of Postpay</xsd:documentation>
        </xsd:annotation>
      </xsd:element>
      <xsd:element ref="xcore:Segment" minOccurs="0">
        <xsd:annotation>
          <xsd:documentation>Segment of Subscriber, corporate, consumer, ISP
						etc.</xsd:documentation>
        </xsd:annotation>
      </xsd:element>
      <xsd:element name="channel" type="xsd:string" minOccurs="0"/>
      <xsd:element name="ServiceProviderID" type="xsd:long" minOccurs="0">
        <xsd:annotation>
          <xsd:documentation>SPID which is a unique value for the type of O2
						Service Provider like Tesco, CPW etc.</xsd:documentation>
        </xsd:annotation>
      </xsd:element>
      <xsd:element name="Status" type="xsd:string"/>
    </xsd:sequence>
  </xsd:complexType>
  <xsd:element name="Operator" type="xsd:string">
    <xsd:annotation>
      <xsd:documentation>O2 UK, Tesco or Other normally</xsd:documentation>
    </xsd:annotation>
  </xsd:element>
  <xsd:element name="Segment" type="xcore:SegmentType">
    <xsd:annotation>
      <xsd:documentation>The P and L definition of Consumer/SME/Corp</xsd:documentation>
    </xsd:annotation>
  </xsd:element>
  <xsd:simpleType name="SegmentType">
    <xsd:annotation>
      <xsd:documentation>main ones listed - could be others</xsd:documentation>
    </xsd:annotation>
    <xsd:restriction base="xsd:string">
      <xsd:enumeration value="Consumer"/>
      <xsd:enumeration value="SME"/>
      <xsd:enumeration value="Corporate"/>
      <xsd:enumeration value="ISP"/>
      <xsd:enumeration value="Unknown"/>
    </xsd:restriction>
  </xsd:simpleType>
  <xsd:element name="Channel" type="xsd:string">
    <xsd:annotation>
      <xsd:documentation>The sales channel that owns the subscriber</xsd:documentation>
    </xsd:annotation>
  </xsd:element>
  <xsd:element name="SubscriberID" type="xcore:msisdnType">
    <xsd:annotation>
      <xsd:documentation>Subscriber ID that is unique identifier of the
				subscriber eg: MSISDN no is subscriberID for Mobile
				users</xsd:documentation>
    </xsd:annotation>
  </xsd:element>
  <xsd:element name="PaymentCategory" type="xcore:PaymentCategoryType">
    <xsd:annotation>
      <xsd:documentation>Divides between pay and go/pay monthly</xsd:documentation>
    </xsd:annotation>
  </xsd:element>
  <xsd:simpleType name="PaymentCategoryType">
    <xsd:annotation>
      <xsd:documentation>two values postpay or prepay</xsd:documentation>
    </xsd:annotation>
    <xsd:restriction base="xsd:string">
      <xsd:enumeration value="Prepay"/>
      <xsd:enumeration value="Postpay"/>
      <xsd:enumeration value="Unknown"/>
    </xsd:restriction>
  </xsd:simpleType>
  <xsd:complexType name="ServiceResultType">
    <xsd:annotation>
      <xsd:documentation>This data type represents the status recieved from a
				service for a task that might be earlier assigned to
				that service.</xsd:documentation>
    </xsd:annotation>
    <xsd:sequence>
      <xsd:element name="statusCode" type="xsd:string">
        <xsd:annotation>
          <xsd:documentation>A unique code assigned to the status from the
						service. A set of status codes can be defined
						for services based on the context. A stausCode
						will be suffixed with "S" for success, "F" for
						failure and "E" for Error and "P" for Pending to
						describe the type of status recieved from
						service.</xsd:documentation>
        </xsd:annotation>
      </xsd:element>
      <xsd:element name="externalDescription" type="xsd:string">
        <xsd:annotation>
          <xsd:documentation>A description of status in human-readble form
						that has to be sent to the end-user.</xsd:documentation>
        </xsd:annotation>
      </xsd:element>
      <xsd:element name="internalDescription" type="xsd:string" minOccurs="0">
        <xsd:annotation>
          <xsd:documentation>This is an optional description of the status
						which is meant for logging purpose. This may
						contain the java stack trace or Database error
						trace based on the context.</xsd:documentation>
        </xsd:annotation>
      </xsd:element>
    </xsd:sequence>
  </xsd:complexType>
  <xsd:complexType name="MapItem">
    <xsd:annotation>
      <xsd:documentation>An individual Item that carries key-value pair for
				extensible properties</xsd:documentation>
    </xsd:annotation>
    <xsd:sequence>
      <xsd:element name="key" type="xsd:string"/>
      <xsd:choice>
        <xsd:annotation>
          <xsd:documentation>Only the relevant elemt is populated based on
						the type of the parameter.</xsd:documentation>
        </xsd:annotation>
        <xsd:element name="intValue" type="xsd:integer"/>
        <xsd:element name="strValue" type="xsd:string"/>
        <xsd:element name="boolValue" type="xsd:boolean"/>
      </xsd:choice>
    </xsd:sequence>
  </xsd:complexType>
  <xsd:complexType name="MapType">
    <xsd:annotation>
      <xsd:documentation>A generic extensible complex type that can be used to
				send multiple name-value pairs</xsd:documentation>
    </xsd:annotation>
    <xsd:sequence>
      <xsd:element name="mapItem" type="xcore:MapItem" minOccurs="0" maxOccurs="unbounded"/>
    </xsd:sequence>
  </xsd:complexType>
  <xsd:simpleType name="StatusCodeType">
    <xsd:annotation>
      <xsd:documentation>This is borrowed from SPML definition of a status code -
				the pending status is a bit debatable</xsd:documentation>
    </xsd:annotation>
    <xsd:restriction base="xsd:string">
      <xsd:enumeration value="success"/>
      <xsd:enumeration value="failure"/>
      <xsd:enumeration value="error"/>
      <xsd:enumeration value="pending"/>
      <xsd:enumeration value="expired"/>
    </xsd:restriction>
  </xsd:simpleType>
  <xsd:element name="applicationID" type="xsd:string">
    <xsd:annotation>
      <xsd:documentation>applicationID is part of request identifier handled by
				SOA Access Gateway. Application ID uniquely identifies
				the name of consuming application. Example - DASHB, IVR,
				WAP, etc</xsd:documentation>
    </xsd:annotation>
  </xsd:element>
  <xsd:element name="providerID" type="xsd:string">
    <xsd:annotation>
      <xsd:documentation>providerID is also part of request identifier handled by
				SOA Access Gateway. Provider ID identifies the company
				that provides a functionality to end customers by
				invoking this specific service. Example - O2, Tesco, Car
				Phone Warehouse</xsd:documentation>
    </xsd:annotation>
  </xsd:element>
  <xsd:element name="originatorIP" type="xsd:string">
    <xsd:annotation>
      <xsd:documentation>This parameter indicates the IP address of the
				originating system. This parameter will be added by the
				SOA Access Gateway</xsd:documentation>
    </xsd:annotation>
  </xsd:element>
  <xsd:simpleType name="mobileAccessIdType">
    <xsd:annotation>
      <xsd:documentation>Mobile Access Id is Hash id which is same as the UID
				generated by Wap Gateway</xsd:documentation>
    </xsd:annotation>
    <xsd:restriction base="xsd:string"/>
  </xsd:simpleType>
  <xsd:element name="debugFlag" type="xsd:string">
    <xsd:annotation>
      <xsd:documentation>This parameter indicates whether we should log or not,
				Used for debugging perspective from a Support
				Perspective.</xsd:documentation>
    </xsd:annotation>
  </xsd:element>
  <xsd:simpleType name="cardHolderNameType">
    <xsd:annotation>
      <xsd:documentation>The customer name on the Credit or Debit Card</xsd:documentation>
    </xsd:annotation>
    <xsd:restriction base="xsd:string"/>
  </xsd:simpleType>
  <xsd:simpleType name="cardIssueDateType">
    <xsd:annotation>
      <xsd:documentation>The date when the card was issued. In MM/YY format. It
				is important that the month comes first followed by the
				year.</xsd:documentation>
    </xsd:annotation>
    <xsd:restriction base="xsd:string">
      <xsd:minLength value="1"/>
      <xsd:maxLength value="5"/>
      <xsd:pattern value="\d{2}/\d{2}"/>
    </xsd:restriction>
  </xsd:simpleType>
  <xsd:simpleType name="cardExpiryDateType">
    <xsd:annotation>
      <xsd:documentation>The card expiry date. In MM/YY format. It is important
				that the month comes first followed by the year.</xsd:documentation>
    </xsd:annotation>
    <xsd:restriction base="xsd:string">
      <xsd:minLength value="1"/>
      <xsd:maxLength value="5"/>
      <xsd:pattern value="\d{2}/\d{2}"/>
    </xsd:restriction>
  </xsd:simpleType>
  <xsd:simpleType name="cardNumberType">
    <xsd:annotation>
      <xsd:documentation>The Credit/Debit Card Number(without spaces)</xsd:documentation>
    </xsd:annotation>
    <xsd:restriction base="xsd:string">
      <xsd:pattern value="\d{12,20}"/>
    </xsd:restriction>
  </xsd:simpleType>
  <xsd:simpleType name="cardCV2Type">
    <xsd:annotation>
      <xsd:documentation>The verification number printed on the back of the
				credit/debit card. The CardCV2 usually a 3 or 4 digit
				code on the back of card.</xsd:documentation>
    </xsd:annotation>
    <xsd:restriction base="xsd:string">
      <xsd:minLength value="1"/>
      <xsd:maxLength value="5"/>
    </xsd:restriction>
  </xsd:simpleType>
  <xsd:simpleType name="cardIssueNumberType">
    <xsd:annotation>
      <xsd:documentation>The Credit or Debit Card Issue Number</xsd:documentation>
    </xsd:annotation>
    <xsd:restriction base="xsd:string">
      <xsd:minLength value="1"/>
      <xsd:maxLength value="2"/>
    </xsd:restriction>
  </xsd:simpleType>
  <xsd:simpleType name="cardIssuerType">
    <xsd:annotation>
      <xsd:documentation>The Bank Card Issuer</xsd:documentation>
    </xsd:annotation>
    <xsd:restriction base="xsd:string">
      <xsd:enumeration value="MAESTRO"/>
      <xsd:enumeration value="SOLO"/>
      <xsd:enumeration value="VISA"/>
      <xsd:enumeration value="MASTERCARD"/>
      <xsd:enumeration value="DELTA"/>
      <xsd:enumeration value="AMEX"/>
      <xsd:enumeration value="ELECTRON"/>
    </xsd:restriction>
  </xsd:simpleType>
  <xsd:simpleType name="customerTierType">
    <xsd:annotation>
      <xsd:documentation>Customer friendly description for various segmentation
				keys. Allowed values are Platinum, Gold, Silver, Bronze,
				Blue, Unknown

				Segmentation Key Customer Tier value Platinum Platinum
				Gold Gold Silver Silver Bronze Bronze Select Gold none
				Blue Sel_Inv Silver Sel_Few Platinum</xsd:documentation>
    </xsd:annotation>
    <xsd:restriction base="xsd:string">
      <xsd:enumeration value="Platinum"/>
      <xsd:enumeration value="Gold"/>
      <xsd:enumeration value="Silver"/>
      <xsd:enumeration value="Bronze"/>
      <xsd:enumeration value="Blue"/>
      <xsd:enumeration value="Unknown"/>
    </xsd:restriction>
  </xsd:simpleType>
  <xsd:simpleType name="emailAddressType">
    <xsd:annotation>
      <xsd:documentation>The email address</xsd:documentation>
    </xsd:annotation>
    <xsd:restriction base="xsd:string"/>
  </xsd:simpleType>
  <xsd:simpleType name="emailAddressRestrictionType">
    <xsd:annotation>
      <xsd:documentation>The restriction for an email address format</xsd:documentation>
    </xsd:annotation>
    <xsd:restriction base="xsd:string">
      <xsd:pattern value="([\.a-zA-Z0-9_!#$&amp;%'*+/=?^`{|}~\-])+@([a-zA-Z0-9_\-])+(([a-zA-Z0-9_\-])*\.([a-zA-Z0-9_\-])+)+"/>
    </xsd:restriction>
  </xsd:simpleType>
  <xsd:simpleType name="postcodeType">
    <xsd:annotation>
      <xsd:documentation>The Postcode.</xsd:documentation>
    </xsd:annotation>
    <xsd:restriction base="xsd:string"/>
  </xsd:simpleType>
  <!--v1.0.3: Adding bank related information-->
  <xsd:simpleType name="bankAccountNumberType">
    <xsd:annotation>
      <xsd:documentation>The Bank Account number</xsd:documentation>
    </xsd:annotation>
    <xsd:restriction base="xsd:string"/>
  </xsd:simpleType>
  <xsd:simpleType name="bankSortCodeType">
    <xsd:annotation>
      <xsd:documentation>The Bank Sort code.(Ex:40-42-08)</xsd:documentation>
    </xsd:annotation>
    <xsd:restriction base="xsd:string">
      <xsd:minLength value="8"/>
      <xsd:maxLength value="8"/>
      <xsd:pattern value="\d{2}(-)\d{2}(-)\d{2}"/>
    </xsd:restriction>
  </xsd:simpleType>
  <xsd:simpleType name="bankAccountHolderNameType">
    <xsd:annotation>
      <xsd:documentation>The Bank Account holder name.</xsd:documentation>
    </xsd:annotation>
    <xsd:restriction base="xsd:string"/>
  </xsd:simpleType>
  <!--v1.0.3: Ends-->
  <xsd:simpleType name="spidType">
    <xsd:annotation>
      <xsd:documentation>The service provider identifier.</xsd:documentation>
    </xsd:annotation>
    <xsd:restriction base="xsd:string"/>
  </xsd:simpleType>
  <xsd:simpleType name="maskedCardNumberType">
    <xsd:annotation>
      <xsd:documentation>The Credit/Debit Card Number(without spaces).This
				element is used to represent the masked data. Ex: If the
				card number value is 5683387298913746 and it needs to be
				represented as ************3746, then this data type is
				used.</xsd:documentation>
    </xsd:annotation>
    <xsd:restriction base="xsd:string"/>
  </xsd:simpleType>
  <xsd:simpleType name="maskedBankAccountNumberType">
    <xsd:annotation>
      <xsd:documentation>This type should be used to render a masked
				representation of the bank account number. Ex: If the
				bank account number value is 5683387298913746 and it
				needs to be represented as ************3746, then this
				data type is used.</xsd:documentation>
    </xsd:annotation>
    <xsd:restriction base="xsd:string"/>
  </xsd:simpleType>
  <xsd:simpleType name="ssnType">
    <xsd:annotation>
      <xsd:documentation>Sim Serial Number</xsd:documentation>
    </xsd:annotation>
    <xsd:restriction base="xsd:string">
      <xsd:minLength value="1"/>
      <xsd:maxLength value="20"/>
    </xsd:restriction>
  </xsd:simpleType>
  <xsd:simpleType name="userIdType">
    <xsd:annotation>
      <xsd:documentation>Unique customer identifier, an example would be the Id
				of a CSA who initiated an activity.</xsd:documentation>
    </xsd:annotation>
    <xsd:restriction base="xsd:string">
      <xsd:maxLength value="30"/>
      <xsd:minLength value="1"/>
    </xsd:restriction>
  </xsd:simpleType>
  <xsd:simpleType name="ipAddressType">
    <xsd:annotation>
      <xsd:documentation>This can be an IPv4 address in dotted decimal format,
				(i.e. DDD.DDD.DDD.DDD, where D represents a digit). OR
				It can be an IPv6 address in hexadecimal format,
				(i.e. xxxx:xxxx:xxxx:xxxx:xxxx:xxxx:xxxx:xxxx, where x represents a hex value).</xsd:documentation>
    </xsd:annotation>
    <xsd:restriction base="xsd:string"/>
  </xsd:simpleType>
  <xsd:simpleType name="landlineNumberType">
    <xsd:annotation>
      <xsd:documentation>Landline number should always be defined as string, including
				country codes i.e. "442088702821"; and translated into
				localised format on the presentation and backend layers.</xsd:documentation>
    </xsd:annotation>
    <xsd:restriction base="xsd:string"/>
  </xsd:simpleType>
  <xsd:simpleType name="genderType">
    <xsd:annotation>
      <xsd:documentation>Gender type</xsd:documentation>
    </xsd:annotation>
    <xsd:restriction base="xsd:string">
      <xsd:enumeration value="M"/>
      <xsd:enumeration value="F"/>
      <xsd:enumeration value="U"/>
    </xsd:restriction>
  </xsd:simpleType>
  <xsd:simpleType name="identityUIDType">
    <xsd:annotation>
      <xsd:documentation>The A&amp;R Unique ID. The UID remains static accross userName changes. 
				It is deleted if the Identity becomes merged into another Identity. 
				(A broadcast message will inform systems of this change.)</xsd:documentation>
    </xsd:annotation>
    <xsd:restriction base="xsd:string">
      <xsd:pattern value="[0-9A-Za-z]*"/>
      <xsd:maxLength value="40"/>
    </xsd:restriction>
  </xsd:simpleType>
  <xsd:simpleType name="identityUsernameType">
    <xsd:annotation>
      <xsd:documentation>The full A&amp;R username (eg., user@domain or user@o2.co.uk)</xsd:documentation>
    </xsd:annotation>
    <xsd:restriction base="xcore:emailAddressType">
      <xsd:maxLength value="320"/>
    </xsd:restriction>
  </xsd:simpleType>
  <xsd:element name="async" type="xsd:boolean">
    <xsd:annotation>
      <xsd:documentation>This element indicates whether or not the operation supports an async mode of processing.</xsd:documentation>
    </xsd:annotation>
  </xsd:element>
  <xsd:simpleType name="cardTokenType">
    <xsd:annotation>
      <xsd:documentation>The standard token which corresponds to the details of a payment card.</xsd:documentation>
    </xsd:annotation>
    <xsd:restriction base="xsd:string">
      <xsd:maxLength value="20"/>
    </xsd:restriction>
  </xsd:simpleType>
  <xsd:complexType name="addressType">
    <xsd:annotation>
      <xsd:documentation>The standard address format in line with the latest PAF standards.</xsd:documentation>
    </xsd:annotation>
    <xsd:sequence>
      <xsd:element name="addressKey" type="xcore:addressKeyType" minOccurs="0"/>
      <xsd:element name="organisationName" type="xcore:organisationNameType" minOccurs="0"/>
      <xsd:element name="departmentName" type="xcore:departmentNameType" minOccurs="0"/>
      <xsd:element name="subBuildingName" type="xcore:subBuildingNameType" minOccurs="0"/>
      <xsd:element name="buildingName" type="xcore:buildingNameType" minOccurs="0"/>
      <xsd:element name="buildingNumber" type="xcore:buildingNumberType" minOccurs="0"/>
      <xsd:element name="dependentThoroughfareNameAndDescriptor" type="xcore:thoroughfareNameAndDescriptorType" minOccurs="0"/>
      <xsd:element name="thoroughfareNameAndDescriptor" type="xcore:thoroughfareNameAndDescriptorType" minOccurs="0"/>
      <xsd:element name="doubleDependentLocality" type="xcore:dependentLocalityType" minOccurs="0"/>
      <xsd:element name="dependentLocality" type="xcore:dependentLocalityType" minOccurs="0"/>
      <xsd:element name="postTown" type="xcore:postTownType" minOccurs="0"/>
      <xsd:element name="county" type="xcore:countyType" minOccurs="0"/>
      <xsd:element name="postCode" type="xcore:postcodeType" minOccurs="0"/>
      <xsd:element name="poBoxNumber" type="xcore:poBoxNumberType" minOccurs="0"/>
      <xsd:element name="countryCode" type="xcore:countryCodeType" minOccurs="0"/>
      <xsd:element name="addressMetaData" type="xcore:addressMetaDataType" minOccurs="0" maxOccurs="unbounded"/>
    </xsd:sequence>
  </xsd:complexType>
  <xsd:simpleType name="addressKeyType">
    <xsd:annotation>
      <xsd:documentation>Type for storing address key information, which indicates whether the address has been validated.</xsd:documentation>
    </xsd:annotation>
    <xsd:restriction base="xsd:string">
      <xsd:maxLength value="8"/>
    </xsd:restriction>
  </xsd:simpleType>
  <xsd:simpleType name="organisationNameType">
    <xsd:annotation>
      <xsd:documentation>Type for storing organisation name information.</xsd:documentation>
    </xsd:annotation>
    <xsd:restriction base="xsd:string">
      <xsd:maxLength value="60"/>
    </xsd:restriction>
  </xsd:simpleType>
  <xsd:simpleType name="departmentNameType">
    <xsd:annotation>
      <xsd:documentation>Type for storing department name information.</xsd:documentation>
    </xsd:annotation>
    <xsd:restriction base="xsd:string">
      <xsd:maxLength value="60"/>
    </xsd:restriction>
  </xsd:simpleType>
  <xsd:simpleType name="subBuildingNameType">
    <xsd:annotation>
      <xsd:documentation>Type for storing sub building information.</xsd:documentation>
    </xsd:annotation>
    <xsd:restriction base="xsd:string">
      <xsd:maxLength value="30"/>
    </xsd:restriction>
  </xsd:simpleType>
  <xsd:simpleType name="buildingNameType">
    <xsd:annotation>
      <xsd:documentation>Type for storing building information.</xsd:documentation>
    </xsd:annotation>
    <xsd:restriction base="xsd:string">
      <xsd:maxLength value="50"/>
    </xsd:restriction>
  </xsd:simpleType>
  <xsd:simpleType name="buildingNumberType">
    <xsd:annotation>
      <xsd:documentation>Type for storing building number information.</xsd:documentation>
    </xsd:annotation>
    <xsd:restriction base="xsd:string">
      <xsd:maxLength value="4"/>
    </xsd:restriction>
  </xsd:simpleType>
  <xsd:simpleType name="thoroughfareNameAndDescriptorType">
    <xsd:annotation>
      <xsd:documentation>Type for storing thoroughfare name and descriptor information.
      		As per PAF standards, the max length for Thoroughfare name is 60 chars,
      		and the max length for Thoroughfare descriptor is 20 chars.
      		E.g.,in "Buckingham avenue", "Buckingham" is the thoroughfare-name and "avenue" is the descriptor.</xsd:documentation>
    </xsd:annotation>
    <xsd:restriction base="xsd:string">
      <xsd:maxLength value="81"/>
    </xsd:restriction>
  </xsd:simpleType>
  <xsd:simpleType name="dependentLocalityType">
    <xsd:annotation>
      <xsd:documentation>Type for storing locality information.</xsd:documentation>
    </xsd:annotation>
    <xsd:restriction base="xsd:string">
      <xsd:maxLength value="35"/>
    </xsd:restriction>
  </xsd:simpleType>
  <xsd:simpleType name="postTownType">
    <xsd:annotation>
      <xsd:documentation>Type for storing town or city name.</xsd:documentation>
    </xsd:annotation>
    <xsd:restriction base="xsd:string">
      <xsd:maxLength value="30"/>
    </xsd:restriction>
  </xsd:simpleType>
  <xsd:simpleType name="countyType">
    <xsd:annotation>
      <xsd:documentation>Type for storing county information.</xsd:documentation>
    </xsd:annotation>
    <xsd:restriction base="xsd:string">
      <xsd:maxLength value="30"/>
    </xsd:restriction>
  </xsd:simpleType>
  <xsd:simpleType name="poBoxNumberType">
    <xsd:annotation>
      <xsd:documentation>Type for storing PO Box number information.</xsd:documentation>
    </xsd:annotation>
    <xsd:restriction base="xsd:string">
      <xsd:maxLength value="6"/>
    </xsd:restriction>
  </xsd:simpleType>
  <xsd:simpleType name="countryCodeType">
    <xsd:annotation>
      <xsd:documentation>Type for storing country-code information.</xsd:documentation>
    </xsd:annotation>
    <xsd:restriction base="xsd:string">
      <xsd:maxLength value="3"/>
    </xsd:restriction>
  </xsd:simpleType>
  <xsd:complexType name="addressMetaDataType">
    <xsd:annotation>
      <xsd:documentation>Type for storing any additional address meta-data.
      		This is useful to hold any additional address related fields like addressValidationStatus,etc., as key-value pairs.</xsd:documentation>
    </xsd:annotation>
    <xsd:sequence>
      <xsd:element name="key" type="xsd:string"/>
      <xsd:element name="value" type="xsd:string"/>
    </xsd:sequence>
  </xsd:complexType>
  <xsd:simpleType name="typeYesOrNo">
    <xsd:annotation>
      <xsd:documentation>A type that only allows the value Y or N.</xsd:documentation>
    </xsd:annotation>
    <xsd:restriction base="xsd:string">
      <xsd:minLength value="1"/>
      <xsd:maxLength value="1"/>
      <xsd:enumeration value="Y"/>
      <xsd:enumeration value="N"/>
    </xsd:restriction>
  </xsd:simpleType>
  <xsd:complexType name="retrieveAdditionalInfoType">
    <xsd:annotation>
      <xsd:documentation>Addition information to be retrieved.</xsd:documentation>
    </xsd:annotation>
    <xsd:sequence>
      <xsd:element name="parameterName" type="xsd:string" minOccurs="1" maxOccurs="unbounded">
        <xsd:annotation>
          <xsd:documentation>Indicate the additional information which has to be returned in the response.</xsd:documentation>
        </xsd:annotation>
      </xsd:element>
    </xsd:sequence>
  </xsd:complexType>
</xsd:schema>]]></con:content><con:type>http://www.w3.org/2001/XMLSchema</con:type></con:part></con:definitionCache><con:endpoints><con:endpoint>https://sdpapi.o2.co.uk/services/ViewAllowance_2_0</con:endpoint></con:endpoints><con:operation id="1b77339f-9e20-45a4-8b45-d4e7fe767868" isOneWay="false" action="" name="getAllowance" bindingOperationName="getAllowance" type="Request-Response" outputName="getAllowanceResponse" inputName="getAllowance" receivesAttachments="false" sendsAttachments="false" anonymous="optional"><con:settings/><con:call id="a16ca3d8-8727-4da4-bb19-c6db85713689" name="Request 1"><con:settings/><con:encoding>UTF-8</con:encoding><con:endpoint>https://sdpapi.o2.co.uk/services/ViewAllowance_2_0</con:endpoint><con:request><![CDATA[<soapenv:Envelope xmlns:soapenv="http://schemas.xmlsoap.org/soap/envelope/" xmlns:view="http://soa.o2.co.uk/viewallowancedata_2" xmlns:cor="http://soa.o2.co.uk/coredata_1">\r
   <soapenv:Header/>\r
   <soapenv:Body>\r
      <view:getAllowance>\r
         <view:account>\r
            <!--You have a CHOICE of the next 3 items at this level-->\r
            <cor:portalID>gero et</cor:portalID>\r
            <cor:msisdn>sonoras imperio</cor:msisdn>\r
            <cor:accountDetail>\r
               <cor:billingAccountType>MOBILE</cor:billingAccountType>\r
               <cor:accountNumber>ventos tempestatesqu</cor:accountNumber>\r
               <cor:msisdn>temperat iras</cor:msisdn>\r
            </cor:accountDetail>\r
         </view:account>\r
         <!--Zero or more repetitions:-->\r
         <view:allowanceCategory>MESSAGES</view:allowanceCategory>\r
         <!--Optional:-->\r
         <view:dataSource>BILLING</view:dataSource>\r
         <!--Optional:-->\r
         <view:productList>\r
            <view:tariffProductId>regemque dedit</view:tariffProductId>\r
            <!--Optional:-->\r
            <view:services>\r
               <!--1 or more repetitions:-->\r
               <view:productId>fremunt celsa</view:productId>\r
            </view:services>\r
         </view:productList>\r
         <!--Optional:-->\r
         <view:returnAllowanceByBundleType>N</view:returnAllowanceByBundleType>\r
      </view:getAllowance>\r
   </soapenv:Body>\r
</soapenv:Envelope>]]></con:request><con:credentials><con:authType>No Authorization</con:authType></con:credentials><con:jmsConfig JMSDeliveryMode="PERSISTENT"/><con:jmsPropertyConfig/><con:wsaConfig mustUnderstand="NONE" version="200508" action="http://soa.o2.co.uk/viewallowanceservice_2/ViewAllowancePortType/getAllowance"/><con:wsrmConfig version="1.2"/></con:call></con:operation><con:operation id="bc066984-81cd-4bb7-a644-50d6b289ade8" isOneWay="false" action="" name="getAllowance_2" bindingOperationName="getAllowance_2" type="Request-Response" outputName="getAllowance_2Response" inputName="getAllowance_2" receivesAttachments="false" sendsAttachments="false" anonymous="optional"><con:settings/><con:call id="5b481635-e7a1-4637-abf5-d871733a6fb1" name="Request 1"><con:settings/><con:encoding>UTF-8</con:encoding><con:endpoint>https://sdpapi.o2.co.uk/services/ViewAllowance_2_0</con:endpoint><con:request><![CDATA[<soapenv:Envelope xmlns:soapenv="http://schemas.xmlsoap.org/soap/envelope/" xmlns:view="http://soa.o2.co.uk/viewallowancedata_2" xmlns:cor="http://soa.o2.co.uk/coredata_1">\r
   <soapenv:Header/>\r
   <soapenv:Body>\r
      <view:getAllowance_2>\r
         <view:account>\r
            <!--You have a CHOICE of the next 3 items at this level-->\r
            <cor:portalID>gero et</cor:portalID>\r
            <cor:msisdn>sonoras imperio</cor:msisdn>\r
            <cor:accountDetail>\r
               <cor:billingAccountType>MOBILE</cor:billingAccountType>\r
               <cor:accountNumber>ventos tempestatesqu</cor:accountNumber>\r
               <cor:msisdn>temperat iras</cor:msisdn>\r
            </cor:accountDetail>\r
         </view:account>\r
         <!--Zero or more repetitions:-->\r
         <view:allowanceCategory>MESSAGES</view:allowanceCategory>\r
         <!--Optional:-->\r
         <view:dataSource>BILLING</view:dataSource>\r
         <!--Optional:-->\r
         <view:productList>\r
            <view:tariffProductId>regemque dedit</view:tariffProductId>\r
            <!--Optional:-->\r
            <view:services>\r
               <!--1 or more repetitions:-->\r
               <view:productId>fremunt celsa</view:productId>\r
            </view:services>\r
         </view:productList>\r
      </view:getAllowance_2>\r
   </soapenv:Body>\r
</soapenv:Envelope>]]></con:request><con:wsaConfig mustUnderstand="NONE" version="200508" action="http://soa.o2.co.uk/viewallowanceservice_2/ViewAllowancePortType/getAllowance_2"/></con:call></con:operation><con:operation id="318f1212-1cdf-4cb9-b35a-df799bd2fd37" isOneWay="false" action="" name="getDataAllowance_1" bindingOperationName="getDataAllowance_1" type="Request-Response" outputName="getDataAllowance_1Response" inputName="getDataAllowance_1" receivesAttachments="false" sendsAttachments="false" anonymous="optional"><con:settings/><con:call id="b8fa0891-8d2b-44c1-9e57-62e65fc484b3" name="Request 1"><con:settings/><con:encoding>UTF-8</con:encoding><con:endpoint>https://sdpapi.o2.co.uk/services/ViewAllowance_2_0</con:endpoint><con:request><![CDATA[<soapenv:Envelope xmlns:soapenv="http://schemas.xmlsoap.org/soap/envelope/" xmlns:view="http://soa.o2.co.uk/viewallowancedata_2" xmlns:cor="http://soa.o2.co.uk/coredata_1">\r
   <soapenv:Header/>\r
   <soapenv:Body>\r
      <view:getDataAllowance_1>\r
         <view:account>\r
            <!--You have a CHOICE of the next 3 items at this level-->\r
            <cor:portalID>gero et</cor:portalID>\r
            <cor:msisdn>sonoras imperio</cor:msisdn>\r
            <cor:accountDetail>\r
               <cor:billingAccountType>MOBILE</cor:billingAccountType>\r
               <cor:accountNumber>ventos tempestatesqu</cor:accountNumber>\r
               <cor:msisdn>temperat iras</cor:msisdn>\r
            </cor:accountDetail>\r
         </view:account>\r
         <!--Optional:-->\r
         <view:dataSource>FUP</view:dataSource>\r
         <!--Optional:-->\r
         <view:productList>\r
            <view:tariffProductId>circum claustra</view:tariffProductId>\r
            <!--Optional:-->\r
            <view:services>\r
               <!--1 or more repetitions:-->\r
               <view:productId>nimborum in</view:productId>\r
            </view:services>\r
         </view:productList>\r
         <!--Optional:-->\r
         <view:returnAllowanceByBundleType>N</view:returnAllowanceByBundleType>\r
      </view:getDataAllowance_1>\r
   </soapenv:Body>\r
</soapenv:Envelope>]]></con:request><con:wsaConfig mustUnderstand="NONE" version="200508" action="http://soa.o2.co.uk/viewallowanceservice_2/ViewAllowancePortType/getDataAllowance_1"/></con:call></con:operation><con:operation id="b1f249c9-552e-4f06-b2f4-eb83570ded62" isOneWay="false" action="" name="getNonDataAllowance_1" bindingOperationName="getNonDataAllowance_1" type="Request-Response" outputName="getNonDataAllowance_1Response" inputName="getNonDataAllowance_1" receivesAttachments="false" sendsAttachments="false" anonymous="optional"><con:settings/><con:call id="dc8479d1-4ef4-423e-816d-284194612ebf" name="Request 1"><con:settings/><con:encoding>UTF-8</con:encoding><con:endpoint>https://sdpapi.o2.co.uk/services/ViewAllowance_2_0</con:endpoint><con:request><![CDATA[<soapenv:Envelope xmlns:soapenv="http://schemas.xmlsoap.org/soap/envelope/" xmlns:view="http://soa.o2.co.uk/viewallowancedata_2" xmlns:cor="http://soa.o2.co.uk/coredata_1">\r
   <soapenv:Header/>\r
   <soapenv:Body>\r
      <view:getNonDataAllowance_1>\r
         <view:account>\r
            <!--You have a CHOICE of the next 3 items at this level-->\r
            <cor:portalID>gero et</cor:portalID>\r
            <cor:msisdn>sonoras imperio</cor:msisdn>\r
            <cor:accountDetail>\r
               <cor:billingAccountType>MOBILE</cor:billingAccountType>\r
               <cor:accountNumber>ventos tempestatesqu</cor:accountNumber>\r
               <cor:msisdn>temperat iras</cor:msisdn>\r
            </cor:accountDetail>\r
         </view:account>\r
         <!--Zero or more repetitions:-->\r
         <view:allowanceCategory>MESSAGES</view:allowanceCategory>\r
      </view:getNonDataAllowance_1>\r
   </soapenv:Body>\r
</soapenv:Envelope>]]></con:request><con:wsaConfig mustUnderstand="NONE" version="200508" action="http://soa.o2.co.uk/viewallowanceservice_2/ViewAllowancePortType/getNonDataAllowance_1"/></con:call></con:operation><con:operation id="a9680fc8-35bf-46c5-b323-a6329c34c8c6" isOneWay="false" action="" name="getNonDataAllowance_2" bindingOperationName="getNonDataAllowance_2" type="Request-Response" outputName="getNonDataAllowance_2Response" inputName="getNonDataAllowance_2" receivesAttachments="false" sendsAttachments="false" anonymous="optional"><con:settings/><con:call id="6f14c8ca-aa55-458c-88fe-1f6875721ba5" name="Request 1"><con:settings/><con:encoding>UTF-8</con:encoding><con:endpoint>https://sdpapi.o2.co.uk/services/ViewAllowance_2_0</con:endpoint><con:request><![CDATA[<soapenv:Envelope xmlns:soapenv="http://schemas.xmlsoap.org/soap/envelope/" xmlns:view="http://soa.o2.co.uk/viewallowancedata_2" xmlns:cor="http://soa.o2.co.uk/coredata_1">\r
   <soapenv:Header/>\r
   <soapenv:Body>\r
      <view:getNonDataAllowance_2>\r
         <view:account>\r
            <!--You have a CHOICE of the next 3 items at this level-->\r
            <cor:portalID>gero et</cor:portalID>\r
            <cor:msisdn>sonoras imperio</cor:msisdn>\r
            <cor:accountDetail>\r
               <cor:billingAccountType>MOBILE</cor:billingAccountType>\r
               <cor:accountNumber>ventos tempestatesqu</cor:accountNumber>\r
               <cor:msisdn>temperat iras</cor:msisdn>\r
            </cor:accountDetail>\r
         </view:account>\r
         <!--Zero or more repetitions:-->\r
         <view:allowanceCategory>MESSAGES</view:allowanceCategory>\r
      </view:getNonDataAllowance_2>\r
   </soapenv:Body>\r
</soapenv:Envelope>]]></con:request><con:wsaConfig mustUnderstand="NONE" version="200508" action="http://soa.o2.co.uk/viewallowanceservice_2/ViewAllowancePortType/getNonDataAllowance_2"/></con:call></con:operation></con:interface><con:testSuite id="5d8fac2f-b657-4255-a606-51acbc529e01" name="O2_AG_Contract_mgmt_1"><con:settings/><con:runType>SEQUENTIAL</con:runType><con:testCase id="22ba66aa-8f15-404e-bbd3-3c6aea498935" failOnError="true" failTestCaseOnErrors="true" keepSession="false" maxResults="0" name="O2_AG_Contract_mgmt_1" searchProperties="true"><con:settings/><con:testStep type="request" name="ViewAllowance_2_0.getAllowance" id="2f13c18a-568d-46b1-b879-38d0717a4716"><con:settings/><con:config xsi:type="con:RequestStep" xmlns:xsi="http://www.w3.org/2001/XMLSchema-instance"><con:interface>ViewAllowanceBinding</con:interface><con:operation>getAllowance</con:operation><con:request name="ViewAllowance_2_0.getAllowance" id="820b3137-95ba-4df1-bc6d-3204462286b4" sslKeystore="o2_testsupport_cert20190501.p12"><con:settings><con:setting id="com.eviware.soapui.impl.wsdl.WsdlRequest@request-headers">&lt;xml-fragment/></con:setting></con:settings><con:encoding>UTF-8</con:encoding><con:endpoint>https://localhost:37443/services/ViewAllowance_2_0</con:endpoint><con:request><![CDATA[<soapenv:Envelope xmlns:soapenv="http://schemas.xmlsoap.org/soap/envelope/" xmlns:view="http://soa.o2.co.uk/viewallowancedata_2" xmlns:cor="http://soa.o2.co.uk/coredata_1">\r
   <soapenv:Header>
      <wss:Security xmlns:wss="http://docs.oasis-open.org/wss/2004/01/oasis-200401-wss-wssecurity-secext-1.0.xsd">
         <wss:UsernameToken wsu:Id="UsernameToken-29092662" xmlns:wsu="http://docs.oasis-open.org/wss/2004/01/oasis-200401-wss-wssecurity-utility-1.0.xsd">
            <wss:Username>testsupport_4321</wss:Username>
            <wss:Password Type="http://docs.oasis-open.org/wss/2004/01/oasis-200401-wss-username-token-profile-1.0#PasswordText">t3st1ng</wss:Password>
         </wss:UsernameToken>
      </wss:Security>
      <xcore:SOAConsumerTransactionID xmlns:xcore="http://soa.o2.co.uk/coredata_1">Bermondsey-3973565473977097026</xcore:SOAConsumerTransactionID>
   </soapenv:Header>
   <soapenv:Body>\r
      <view:getAllowance>\r
         <view:account>\r
            <!--You have a CHOICE of the next 3 items at this level-->\r
            
            <cor:msisdn>sonoras imperio</cor:msisdn>\r
            
         </view:account>\r
         <!--Zero or more repetitions:-->\r
         <view:allowanceCategory>MESSAGES</view:allowanceCategory>\r
         <!--Optional:-->\r
         <view:dataSource>BILLING</view:dataSource>\r
         <!--Optional:-->\r
         <view:productList>\r
            <view:tariffProductId>regemque dedit</view:tariffProductId>\r
            <!--Optional:-->\r
            <view:services>\r
               <!--1 or more repetitions:-->\r
               <view:productId>fremunt celsa</view:productId>\r
            </view:services>\r
         </view:productList>\r
         <!--Optional:-->\r
         <view:returnAllowanceByBundleType>N</view:returnAllowanceByBundleType>\r
      </view:getAllowance>\r
   </soapenv:Body>\r
</soapenv:Envelope>]]></con:request><con:assertion type="SOAP Response" id="08df5620-5625-4cb1-9eed-0505bdc8fecb"/><con:credentials><con:authType>No Authorization</con:authType></con:credentials><con:jmsConfig JMSDeliveryMode="PERSISTENT"/><con:jmsPropertyConfig/><con:wsaConfig mustUnderstand="NONE" version="200508"/><con:wsrmConfig version="1.2"/></con:request></con:config></con:testStep><con:properties/></con:testCase><con:properties/></con:testSuite><con:properties/><con:wssContainer><con:crypto><con:source>C:/Users/559528/Desktop/o2_testsupport_cert20190501.p12</con:source><con:password>t3st1ng</con:password><con:type>KEYSTORE</con:type></con:crypto></con:wssContainer><con:oAuth2ProfileContainer/><con:oAuth1ProfileContainer/><con:sensitiveInformation/></con:soapui-project>