<?xml version="1.0" encoding="UTF-8"?>
<con:soapui-project id="faeab36b-6480-4321-8217-7374752866ea" activeEnvironment="Default" name="REST Project 2" resourceRoot="" soapui-version="5.3.0" abortOnError="false" runType="SEQUENTIAL" xmlns:con="http://eviware.com/soapui/config"><con:settings/><con:interface xsi:type="con:RestService" id="e7d72028-97c5-46f6-b437-3b0b147c5af2" wadlVersion="http://wadl.dev.java.net/2009/02" name="https://rstapi.o2.co.uk" type="rest" xmlns:xsi="http://www.w3.org/2001/XMLSchema-instance"><con:settings/><con:definitionCache/><con:endpoints><con:endpoint>https://rstapi.o2.co.uk</con:endpoint></con:endpoints><con:resource name="HardwareLoanAgreementSummary" path="/tukPanCreditApi/Customer/298522/HardwareLoanAgreementSummary/" id="714c2d30-7093-4239-a766-e894203b7c4a"><con:settings/><con:parameters/><con:method name="HardwareLoanAgreementSummary" id="80936f14-7838-4350-82a6-4ffe16b6063e" method="GET"><con:settings/><con:parameters/><con:representation type="RESPONSE"><con:mediaType xsi:nil="true"/><con:status>0</con:status><con:params/><con:element>data</con:element></con:representation><con:representation type="FAULT"><con:mediaType>application/json;charset=ISO-8859-1</con:mediaType><con:status>500</con:status><con:params/><con:element xmlns:har="https://rstapi.o2.co.uk/tukPanCreditApi/Customer/298522/HardwareLoanAgreementSummary/">har:Fault</con:element></con:representation><con:representation type="RESPONSE"><con:mediaType>application/json</con:mediaType><con:status>200</con:status><con:params/><con:element xmlns:har="https://rstapi.o2.co.uk/tukPanCreditApi/Customer/298522/HardwareLoanAgreementSummary/">har:Response</con:element></con:representation><con:representation type="RESPONSE"><con:mediaType>application/json;charset=ISO-8859-1</con:mediaType><con:status>200</con:status><con:params/><con:element xmlns:har="https://rstapi.o2.co.uk/tukPanCreditApi/Customer/298522/HardwareLoanAgreementSummary/">har:Response</con:element></con:representation><con:request name="Request 1" id="fd692c28-9ab2-4c40-bc25-e4698729cff3" mediaType="application/json" sslKeystore="o2_testsupport_cert20190501.p12"><con:settings><con:setting id="com.eviware.soapui.impl.wsdl.WsdlRequest@request-headers">&lt;entry key="SOAConsumerTransactionID" value="vsdgsg" xmlns="http://eviware.com/soapui/config"/></con:setting></con:settings><con:endpoint>https://rstapi.o2.co.uk</con:endpoint><con:request/><con:originalUri>https://rstapi.o2.co.uk/tukPanCreditApi/Customer/298522/HardwareLoanAgreementSummary/</con:originalUri><con:credentials><con:username>testsupport_4321</con:username><con:password>t3st1ng</con:password><con:authType>No Authorization</con:authType></con:credentials><con:jmsConfig JMSDeliveryMode="PERSISTENT"/><con:jmsPropertyConfig/><con:parameters/></con:request></con:method></con:resource></con:interface><con:interface xsi:type="con:RestService" id="be428631-7fef-4f80-926a-5d48e07f5e20" wadlVersion="http://wadl.dev.java.net/2009/02" name="https://rstapi.o2.co.uk" type="rest" xmlns:xsi="http://www.w3.org/2001/XMLSchema-instance"><con:settings/><con:definitionCache/><con:endpoints><con:endpoint>https://rstapi.o2.co.uk</con:endpoint></con:endpoints><con:resource name="07999144048" path="/RESTGateway/restServices/consumerPAYM/promotions/msisdn/07999144048" id="23637eeb-baa6-4538-b34b-52d9a1e69cda"><con:settings/><con:parameters/><con:method name="07999144048" id="bdbadf3e-32b5-4608-84b2-5f48caf78261" method="GET"><con:settings/><con:parameters/><con:representation type="FAULT"><con:mediaType>application/javascript</con:mediaType><con:status>500</con:status><con:params/><con:element xmlns:ns="https://rstapi.o2.co.uk/RESTGateway/restServices/consumerPAYM/promotions/msisdn/07999144048">ns:Fault</con:element></con:representation><con:request name="Request 1" id="fa15ab0f-7a76-47b1-97e4-eb5b19af4027" mediaType="application/json" sslKeystore="o2_testsupport_cert20190501.p12"><con:settings><con:setting id="com.eviware.soapui.impl.wsdl.WsdlRequest@request-headers">&lt;xml-fragment/></con:setting></con:settings><con:endpoint>https://rstapi.o2.co.uk</con:endpoint><con:request/><con:originalUri>https://rstapi.o2.co.uk/RESTGateway/restServices/consumerPAYM/promotions/msisdn/07999144048</con:originalUri><con:credentials><con:username>testsupport_4321</con:username><con:password>t3st1ng</con:password><con:authType>No Authorization</con:authType></con:credentials><con:jmsConfig JMSDeliveryMode="PERSISTENT"/><con:jmsPropertyConfig/><con:parameters/><con:parameterOrder/></con:request></con:method></con:resource></con:interface><con:interface xsi:type="con:RestService" id="e47ab18a-b7ac-4555-808a-031cc9b14c0f" wadlVersion="http://wadl.dev.java.net/2009/02" name="https://rstapi.o2.co.uk" type="rest" xmlns:xsi="http://www.w3.org/2001/XMLSchema-instance"><con:settings/><con:definitionCache/><con:endpoints><con:endpoint>https://rstapi.o2.co.uk</con:endpoint></con:endpoints><con:resource name="IPhone 7 Plus 128GB" path="/RedeemWebAPI/redeemservice/isalive" id="35534cc1-d516-4668-8c64-03e79365fb35"><con:settings/><con:parameters/><con:method name="IPhone 7 Plus 128GB" id="f6e6c313-0124-400d-a0d7-e0f8ae5f95e2" method="GET"><con:settings/><con:parameters/><con:representation type="FAULT"><con:mediaType>application/json</con:mediaType><con:status>500</con:status><con:params/><con:element xmlns:rst="https://rstapi.o2.co.uk/">rst:Fault</con:element></con:representation><con:representation type="RESPONSE"><con:mediaType>application/json</con:mediaType><con:status>200</con:status><con:params/><con:element xmlns:rst="https://rstapi.o2.co.uk/">rst:Response</con:element></con:representation><con:representation type="RESPONSE"><con:mediaType>application/json; charset=utf-8</con:mediaType><con:status>200</con:status><con:params/><con:element xmlns:rst="https://rstapi.o2.co.uk/">rst:Response</con:element></con:representation><con:request name="Request 1" id="3d686abc-fc11-4387-a202-af954cd67aea" mediaType="application/json" sslKeystore="o2_testsupport_cert20190501.p12"><con:settings><con:setting id="com.eviware.soapui.impl.wsdl.WsdlRequest@request-headers">&lt;xml-fragment/></con:setting></con:settings><con:endpoint>https://rstapi.o2.co.uk</con:endpoint><con:request/><con:originalUri>https://rstapi.o2.co.uk/</con:originalUri><con:credentials><con:username>testsupport_4321</con:username><con:password>t3st1ng</con:password><con:authType>No Authorization</con:authType></con:credentials><con:jmsConfig JMSDeliveryMode="PERSISTENT"/><con:jmsPropertyConfig/><con:parameters/></con:request></con:method></con:resource></con:interface><con:interface xsi:type="con:RestService" id="90f99afd-c029-441b-8fcf-3a3e26f0d5a4" wadlVersion="http://wadl.dev.java.net/2009/02" name="https://rstapi.o2.co.uk" type="rest" xmlns:xsi="http://www.w3.org/2001/XMLSchema-instance"><con:settings/><con:definitionCache/><con:endpoints><con:endpoint>https://rstapi.o2.co.uk</con:endpoint></con:endpoints><con:resource name="07734593006" path="/RESTGateway/restServices/consumerPAYM/promotions/msisdn/07734593006" id="62cbd3dc-62ba-4a0b-87ec-2a47cae42ec0"><con:settings/><con:parameters/><con:method name="07734593006" id="b128ee03-f6bc-4dca-9614-24ed030616c7" method="GET"><con:settings/><con:parameters/><con:representation type="FAULT"><con:mediaType>application/json</con:mediaType><con:status>401</con:status><con:params/><con:element xmlns:ns="https://rstapi.o2.co.uk/RESTGateway/restServices/consumerPAYM/promotions/msisdn/07734593006">ns:Fault</con:element></con:representation><con:representation type="FAULT"><con:mediaType>application/javascript</con:mediaType><con:status>500</con:status><con:params/><con:element xmlns:ns="https://rstapi.o2.co.uk/RESTGateway/restServices/consumerPAYM/promotions/msisdn/07734593006">ns:Fault</con:element></con:representation><con:request name="Request 1" id="5ebd5b62-cf54-4695-b480-fe23b8e49144" mediaType="application/json" sslKeystore="o2_testsupport_cert20190501.p12"><con:settings><con:setting id="com.eviware.soapui.impl.wsdl.WsdlRequest@request-headers">&lt;xml-fragment/></con:setting></con:settings><con:endpoint>https://rstapi.o2.co.uk</con:endpoint><con:request/><con:originalUri>https://rstapi.o2.co.uk/RESTGateway/restServices/consumerPAYM/promotions/msisdn/07734593006</con:originalUri><con:credentials><con:username>testsupport_4321</con:username><con:password>t3st1ng</con:password><con:authType>No Authorization</con:authType></con:credentials><con:jmsConfig JMSDeliveryMode="PERSISTENT"/><con:jmsPropertyConfig/><con:parameters/></con:request></con:method></con:resource></con:interface><con:interface xsi:type="con:RestService" id="7b317d70-fe35-4ff3-a306-16d77bafe705" wadlVersion="http://wadl.dev.java.net/2009/02" name="https://rstapi.o2.co.uk" type="rest" xmlns:xsi="http://www.w3.org/2001/XMLSchema-instance"><con:settings/><con:definitionCache/><con:endpoints><con:endpoint>https://rstapi.o2.co.uk</con:endpoint></con:endpoints><con:resource name="07900495271" path="/RESTGateway/restServices/consumerPAYM/promotions/msisdn/07900495271" id="33824c44-467c-4851-a946-572553590b50"><con:settings/><con:parameters/><con:method name="07900495271" id="8ac2850b-06ea-4c06-93c2-d65e730ff312" method="GET"><con:settings/><con:parameters/><con:representation type="FAULT"><con:mediaType>application/javascript</con:mediaType><con:status>500</con:status><con:params/><con:element xmlns:ns="https://rstapi.o2.co.uk/RESTGateway/restServices/consumerPAYM/promotions/msisdn/07900495271">ns:Fault</con:element></con:representation><con:request name="Request 1" id="b7924fff-b8e2-4910-a761-b7f10076d78c" mediaType="application/json" sslKeystore="o2_testsupport_cert20190501.p12"><con:settings><con:setting id="com.eviware.soapui.impl.wsdl.WsdlRequest@request-headers">&lt;xml-fragment/></con:setting></con:settings><con:endpoint>https://rstapi.o2.co.uk</con:endpoint><con:request/><con:originalUri>https://rstapi.o2.co.uk/RESTGateway/restServices/consumerPAYM/promotions/msisdn/07900495271</con:originalUri><con:credentials><con:username>testsupport_4321</con:username><con:password>t3st1ng</con:password><con:authType>No Authorization</con:authType></con:credentials><con:jmsConfig JMSDeliveryMode="PERSISTENT"/><con:jmsPropertyConfig/><con:parameters/></con:request></con:method></con:resource></con:interface><con:interface xsi:type="con:RestService" id="4053ae19-d4eb-461f-81ca-a8f24c849e31" wadlVersion="http://wadl.dev.java.net/2009/02" name="https://rstapi.o2.co.uk" type="rest" xmlns:xsi="http://www.w3.org/2001/XMLSchema-instance"><con:settings/><con:definitionCache/><con:endpoints><con:endpoint>https://rstapi.o2.co.uk</con:endpoint></con:endpoints><con:resource name="IPhone 6 16GB" path="/RedeemWebAPI/o2/valuation/Apple" id="f5bb5592-8342-467f-bf54-b043f0629b28"><con:settings/><con:parameters/><con:method name="IPhone 6 16GB" id="4d5ad73e-05ed-4c60-ae3c-7f9f18ed6b69" method="GET"><con:settings/><con:parameters/><con:representation type="FAULT"><con:mediaType>application/json</con:mediaType><con:status>500</con:status><con:params/><con:element xmlns:rst="https://rstapi.o2.co.uk/">rst:Fault</con:element></con:representation><con:representation type="RESPONSE"><con:mediaType xsi:nil="true"/><con:status>0</con:status><con:params/><con:element>data</con:element></con:representation><con:representation type="RESPONSE"><con:mediaType xsi:nil="true"/><con:status>0</con:status><con:params/><con:element>data</con:element></con:representation><con:representation type="RESPONSE"><con:mediaType xsi:nil="true"/><con:status>0</con:status><con:params/><con:element>data</con:element></con:representation><con:representation type="RESPONSE"><con:mediaType xsi:nil="true"/><con:status>0</con:status><con:params/><con:element>data</con:element></con:representation><con:representation type="RESPONSE"><con:mediaType xsi:nil="true"/><con:status>0</con:status><con:params/><con:element>data</con:element></con:representation><con:representation type="RESPONSE"><con:mediaType xsi:nil="true"/><con:status>0</con:status><con:params/><con:element>data</con:element></con:representation><con:representation type="RESPONSE"><con:mediaType xsi:nil="true"/><con:status>0</con:status><con:params/><con:element>data</con:element></con:representation><con:representation type="RESPONSE"><con:mediaType xsi:nil="true"/><con:status>0</con:status><con:params/><con:element>data</con:element></con:representation><con:representation type="RESPONSE"><con:mediaType xsi:nil="true"/><con:status>0</con:status><con:params/><con:element>data</con:element></con:representation><con:representation type="RESPONSE"><con:mediaType xsi:nil="true"/><con:status>0</con:status><con:params/><con:element>data</con:element></con:representation><con:representation type="RESPONSE"><con:mediaType xsi:nil="true"/><con:status>0</con:status><con:params/><con:element>data</con:element></con:representation><con:representation type="RESPONSE"><con:mediaType xsi:nil="true"/><con:status>0</con:status><con:params/><con:element>data</con:element></con:representation><con:representation type="RESPONSE"><con:mediaType xsi:nil="true"/><con:status>0</con:status><con:params/><con:element>data</con:element></con:representation><con:representation type="RESPONSE"><con:mediaType xsi:nil="true"/><con:status>0</con:status><con:params/><con:element>data</con:element></con:representation><con:representation type="RESPONSE"><con:mediaType xsi:nil="true"/><con:status>0</con:status><con:params/><con:element>data</con:element></con:representation><con:representation type="FAULT"><con:mediaType>application/octet-stream</con:mediaType><con:status>403</con:status><con:params/><con:element>data</con:element></con:representation><con:request name="Request 1" id="e69b8f32-2574-4017-b3a5-d79a36e56e6b" mediaType="application/json" sslKeystore="o2_testsupport_cert20190501.p12"><con:settings><con:setting id="com.eviware.soapui.impl.wsdl.WsdlRequest@request-headers">&lt;xml-fragment/></con:setting></con:settings><con:endpoint>https://rstapi.o2.co.uk</con:endpoint><con:request/><con:originalUri>https://rstapi.o2.co.uk/</con:originalUri><con:credentials><con:username>testsupport_4321</con:username><con:password>t3st1ng</con:password><con:authType>No Authorization</con:authType></con:credentials><con:jmsConfig JMSDeliveryMode="PERSISTENT"/><con:jmsPropertyConfig/><con:parameters/></con:request><con:request name="https://rstapi.o2.co.uk/RedeemWebAPI/o2/valuation/Apple/iPhone%206%2016GB" id="ab152af2-6cfe-4e3c-bf61-0347107ce6e6" mediaType="application/json" sslKeystore="o2_testsupport_cert20190501.p12"><con:settings><con:setting id="com.eviware.soapui.impl.wsdl.WsdlRequest@request-headers">&lt;xml-fragment/></con:setting></con:settings><con:endpoint>https://rstapi.o2.co.uk</con:endpoint><con:request/><con:originalUri>https://rstapi.o2.co.uk/RedeemWebAPI/o2/valuation/Apple/iPhone%206%2016GB</con:originalUri><con:credentials><con:username>testsupport_4321</con:username><con:password>t3st1ng</con:password><con:authType>No Authorization</con:authType></con:credentials><con:jmsConfig JMSDeliveryMode="PERSISTENT"/><con:jmsPropertyConfig/><con:parameters/></con:request></con:method></con:resource></con:interface><con:interface xsi:type="con:RestService" id="38139699-b06d-4669-b055-f67f5a3c24d4" wadlVersion="http://wadl.dev.java.net/2009/02" name="https://rstapi.o2.co.uk" type="rest" xmlns:xsi="http://www.w3.org/2001/XMLSchema-instance"><con:settings/><con:definitionCache/><con:endpoints><con:endpoint>https://rstapi.o2.co.uk</con:endpoint></con:endpoints><con:resource name="HardwareLoanAgreementSummary" path="/tukPanCreditApi/Customer/168652/HardwareLoanAgreementSummary/" id="4a35e09d-556e-49e2-bb67-5427ca4276e9"><con:settings/><con:parameters/><con:method name="HardwareLoanAgreementSummary" id="807c71d6-5117-497c-9924-dd9e011e0757" method="GET"><con:settings/><con:parameters/><con:representation type="FAULT"><con:mediaType>application/json</con:mediaType><con:status>500</con:status><con:params/><con:element xmlns:har="https://rstapi.o2.co.uk/tukPanCreditApi/Customer/168652/HardwareLoanAgreementSummary/">har:Fault</con:element></con:representation><con:request name="Request 1" id="c7c47ee5-bf12-4a7d-a523-06756dc841ef" mediaType="application/json" sslKeystore="o2_testsupport_cert20190501.p12"><con:settings><con:setting id="com.eviware.soapui.impl.wsdl.WsdlRequest@request-headers">&lt;xml-fragment/></con:setting></con:settings><con:endpoint>https://rstapi.o2.co.uk</con:endpoint><con:request/><con:originalUri>https://rstapi.o2.co.uk/tukPanCreditApi/Customer/168652/HardwareLoanAgreementSummary/</con:originalUri><con:credentials><con:username>testsupport_4321</con:username><con:password>t3st1ng</con:password><con:authType>No Authorization</con:authType></con:credentials><con:jmsConfig JMSDeliveryMode="PERSISTENT"/><con:jmsPropertyConfig/><con:parameters/></con:request></con:method></con:resource></con:interface><con:interface xsi:type="con:RestService" id="57d3f5d0-a6c4-46f6-8a30-4c28c4bcd4bf" wadlVersion="http://wadl.dev.java.net/2009/02" name="https://rstapi.o2.co.uk" type="rest" xmlns:xsi="http://www.w3.org/2001/XMLSchema-instance"><con:settings/><con:definitionCache/><con:endpoints><con:endpoint>https://rstapi.o2.co.uk</con:endpoint></con:endpoints><con:resource name="IPhone 6 64GB" path="/RedeemWebAPI/o2/valuation" id="10af7e0b-f82f-4055-8a5d-6b87663dd664"><con:settings/><con:parameters/><con:method name="IPhone 6 64GB" id="f004b483-0a7a-4d7c-b78e-74bf7382ca9c" method="GET"><con:settings/><con:parameters/><con:representation type="FAULT"><con:mediaType>application/json</con:mediaType><con:status>500</con:status><con:params/><con:element xmlns:rst="https://rstapi.o2.co.uk/">rst:Fault</con:element></con:representation><con:representation type="FAULT"><con:mediaType>application/octet-stream</con:mediaType><con:status>403</con:status><con:params/><con:element>data</con:element></con:representation><con:request name="Request 1" id="61466843-1bd8-4579-a26a-c8321c783f45" mediaType="application/json" sslKeystore="o2_testsupport_cert20190501.p12"><con:settings><con:setting id="com.eviware.soapui.impl.wsdl.WsdlRequest@request-headers">&lt;xml-fragment/></con:setting></con:settings><con:endpoint>https://rstapi.o2.co.uk</con:endpoint><con:request/><con:originalUri>https://rstapi.o2.co.uk/</con:originalUri><con:credentials><con:username>testsupport_4321</con:username><con:password>t3st1ng</con:password><con:authType>No Authorization</con:authType></con:credentials><con:jmsConfig JMSDeliveryMode="PERSISTENT"/><con:jmsPropertyConfig/><con:parameters/></con:request></con:method></con:resource></con:interface><con:interface xsi:type="con:RestService" id="bfb47504-49b2-4987-95a8-bc7c9e7a5a4e" wadlVersion="http://wadl.dev.java.net/2009/02" name="https://rstapi.o2.co.uk" type="rest" xmlns:xsi="http://www.w3.org/2001/XMLSchema-instance"><con:settings/><con:definitionCache/><con:endpoints><con:endpoint>https://rstapi.o2.co.uk</con:endpoint></con:endpoints><con:resource name="Documents" path="/tukPanCreditApi/HardwareLoanAgreement/BE0000161253/Documents/" id="29837fb7-8cc2-43b5-9aee-20a958fcf387"><con:settings/><con:parameters/><con:method name="Documents" id="7643468b-2129-4292-a6e1-41e6d132826b" method="GET"><con:settings/><con:parameters/><con:representation type="FAULT"><con:mediaType>application/json</con:mediaType><con:status>500</con:status><con:params/><con:element xmlns:doc="https://rstapi.o2.co.uk/tukPanCreditApi/HardwareLoanAgreement/BE0000161253/Documents/">doc:Fault</con:element></con:representation><con:request name="Request 1" id="ad6307f9-5d62-4e26-9c6b-e1474f47e10e" mediaType="application/json" sslKeystore="o2_testsupport_cert20190501.p12"><con:settings><con:setting id="com.eviware.soapui.impl.wsdl.WsdlRequest@request-headers">&lt;xml-fragment/></con:setting></con:settings><con:endpoint>https://rstapi.o2.co.uk</con:endpoint><con:request/><con:originalUri>https://rstapi.o2.co.uk/tukPanCreditApi/HardwareLoanAgreement/BE0000161253/Documents/</con:originalUri><con:credentials><con:username>testsupport_4321</con:username><con:password>t3st1ng</con:password><con:authType>No Authorization</con:authType></con:credentials><con:jmsConfig JMSDeliveryMode="PERSISTENT"/><con:jmsPropertyConfig/><con:parameters/></con:request></con:method></con:resource></con:interface><con:interface xsi:type="con:RestService" id="6934615f-2f46-453c-82b6-666adfabc70a" wadlVersion="http://wadl.dev.java.net/2009/02" name="https://rstapi.o2.co.uk:443" type="rest" xmlns:xsi="http://www.w3.org/2001/XMLSchema-instance"><con:settings/><con:definitionCache/><con:endpoints><con:endpoint>https://rstapi.o2.co.uk:443</con:endpoint></con:endpoints><con:resource name="Product-families" path="/productService/product-families" id="88c911d8-a710-4134-9ab2-203d3e824ae6"><con:settings/><con:parameters/><con:method name="Product-families" id="1ea65dae-9aca-4633-b690-6187241a595a" method="GET"><con:settings/><con:parameters/><con:representation type="FAULT"><con:mediaType>application/json</con:mediaType><con:status>400</con:status><con:params/><con:element xmlns:prod="https://rstapi.o2.co.uk/productService/product-families">prod:Fault</con:element></con:representation><con:request name="Request 1" id="f3bc2ad0-19de-4726-a84c-ab033791d688" mediaType="application/json" sslKeystore="o2_testsupport_cert20190501.p12"><con:settings><con:setting id="com.eviware.soapui.impl.wsdl.WsdlRequest@request-headers">&lt;xml-fragment/></con:setting></con:settings><con:endpoint>https://rstapi.o2.co.uk:443</con:endpoint><con:request/><con:originalUri>https://rstapi.o2.co.uk/productService/product-families</con:originalUri><con:credentials><con:username>testsupport_4321</con:username><con:password>t3st1ng</con:password><con:authType>No Authorization</con:authType></con:credentials><con:jmsConfig JMSDeliveryMode="PERSISTENT"/><con:jmsPropertyConfig/><con:parameters/></con:request></con:method></con:resource></con:interface><con:interface xsi:type="con:RestService" id="16e991e5-e964-4102-b1b2-8e42befb9efe" wadlVersion="http://wadl.dev.java.net/2009/02" name="https://rstapi.o2.co.uk" type="rest" xmlns:xsi="http://www.w3.org/2001/XMLSchema-instance"><con:settings/><con:definitionCache/><con:endpoints><con:endpoint>https://rstapi.o2.co.uk</con:endpoint></con:endpoints><con:resource name="Consent" path="/consent/v1/consent" id="ef850ccc-ca34-4d9f-b577-8a73cbc9280e"><con:settings/><con:parameters/><con:method name="Consent" id="726bb66f-c4f0-466b-abe5-05824e186623" method="GET"><con:settings/><con:parameters/><con:representation type="FAULT"><con:mediaType>application/json</con:mediaType><con:status>400</con:status><con:params/><con:element xmlns:con1="https://rstapi.o2.co.uk/consent/v1/consent">con1:Fault</con:element></con:representation><con:request name="Request 1" id="88c83207-4227-4ac9-8519-a25862829f57" mediaType="application/json" sslKeystore="o2_testsupport_cert20190501.p12"><con:settings><con:setting id="com.eviware.soapui.impl.wsdl.WsdlRequest@request-headers">&lt;xml-fragment/></con:setting></con:settings><con:endpoint>https://rstapi.o2.co.uk</con:endpoint><con:request/><con:originalUri>https://rstapi.o2.co.uk/consent/v1/consent</con:originalUri><con:credentials><con:username>testsupport_4321</con:username><con:password>t3st1ng</con:password><con:authType>No Authorization</con:authType></con:credentials><con:jmsConfig JMSDeliveryMode="PERSISTENT"/><con:jmsPropertyConfig/><con:parameters/></con:request></con:method></con:resource></con:interface><con:interface xsi:type="con:RestService" id="fefe4ea5-7daf-4915-ba45-c6b8985520f3" wadlVersion="http://wadl.dev.java.net/2009/02" name="https://rstapi.o2.co.uk" type="rest" xmlns:xsi="http://www.w3.org/2001/XMLSchema-instance"><con:settings/><con:definitionCache/><con:endpoints><con:endpoint>https://rstapi.o2.co.uk</con:endpoint></con:endpoints><con:resource name="Pdf" path="/tukPanCreditApi/pdf" id="9a3b585a-ad51-4a71-bbf6-6b9e39b9a6f0"><con:settings/><con:parameters/><con:method name="Pdf" id="742eeaba-7bd6-4c98-ac26-0ac46c84103c" method="GET"><con:settings/><con:parameters/><con:representation type="RESPONSE"><con:mediaType xsi:nil="true"/><con:status>0</con:status><con:params/><con:element>data</con:element></con:representation><con:representation type="RESPONSE"><con:mediaType xsi:nil="true"/><con:status>0</con:status><con:params/><con:element>data</con:element></con:representation><con:request name="Request 1" id="e95945a4-db6d-431c-a063-2b5930b861e5" mediaType="application/json" sslKeystore="o2_testsupport_cert20190501.p12"><con:settings><con:setting id="com.eviware.soapui.impl.wsdl.WsdlRequest@request-headers">&lt;xml-fragment/></con:setting></con:settings><con:endpoint>https://rstapi.o2.co.uk</con:endpoint><con:request/><con:originalUri>https://rstapi.o2.co.uk/tukPanCreditApi/pdf</con:originalUri><con:credentials><con:username>testsupport_4321</con:username><con:password>t3st1ng</con:password><con:authType>No Authorization</con:authType></con:credentials><con:jmsConfig JMSDeliveryMode="PERSISTENT"/><con:jmsPropertyConfig/><con:parameters/></con:request></con:method></con:resource></con:interface><con:interface xsi:type="con:RestService" id="9d079456-6845-49a3-b93a-18523caf5cda" wadlVersion="http://wadl.dev.java.net/2009/02" name="https://rstapi.o2.co.uk" type="rest" xmlns:xsi="http://www.w3.org/2001/XMLSchema-instance"><con:settings/><con:definitionCache/><con:endpoints><con:endpoint>https://rstapi.o2.co.uk</con:endpoint></con:endpoints><con:resource name="Pdf" path="/tukPanCreditApi/Customer/306160/HardwareLoanAgreementSummary/" id="6ad8a969-da57-4fe3-b91a-4e6a8d91c272"><con:settings/><con:parameters/><con:method name="Pdf" id="7e332aa3-5def-4e86-8eb5-1adfa89ecceb" method="GET"><con:settings/><con:parameters/><con:representation type="RESPONSE"><con:mediaType xsi:nil="true"/><con:status>0</con:status><con:params/><con:element>data</con:element></con:representation><con:representation type="RESPONSE"><con:mediaType xsi:nil="true"/><con:status>0</con:status><con:params/><con:element>data</con:element></con:representation><con:representation type="FAULT"><con:mediaType>application/json</con:mediaType><con:status>500</con:status><con:params/><con:element xmlns:pdf="https://rstapi.o2.co.uk/tukPanCreditApi/pdf">pdf:Fault</con:element></con:representation><con:representation type="RESPONSE"><con:mediaType>application/json</con:mediaType><con:status>200</con:status><con:params/><con:element xmlns:pdf="https://rstapi.o2.co.uk/tukPanCreditApi/pdf">pdf:Response</con:element></con:representation><con:request name="Request 1" id="7ca3a655-c2b5-4383-a22f-57585c3f2c25" mediaType="application/json" sslKeystore="o2_testsupport_cert20190501.p12"><con:settings><con:setting id="com.eviware.soapui.impl.wsdl.WsdlRequest@request-headers">&lt;entry key="SOAConsumerTransactionID" value="Alok123" xmlns="http://eviware.com/soapui/config"/></con:setting></con:settings><con:endpoint>https://rstapi.o2.co.uk</con:endpoint><con:request/><con:originalUri>https://rstapi.o2.co.uk/tukPanCreditApi/pdf</con:originalUri><con:credentials><con:username>testsupport_4321</con:username><con:password>t3st1ng</con:password><con:authType>No Authorization</con:authType></con:credentials><con:jmsConfig JMSDeliveryMode="PERSISTENT"/><con:jmsPropertyConfig/><con:parameters/></con:request></con:method></con:resource></con:interface><con:interface xsi:type="con:RestService" id="95a69e76-c798-4d9d-89ee-f81268fe584b" wadlVersion="http://wadl.dev.java.net/2009/02" name="https://rstapi.o2.co.uk" type="rest" xmlns:xsi="http://www.w3.org/2001/XMLSchema-instance"><con:settings/><con:definitionCache/><con:endpoints><con:endpoint>https://rstapi.o2.co.uk</con:endpoint></con:endpoints><con:resource name="IPhone 7 Plus 128GB" path="/RedeemWebAPI/o2/valuation" id="21310223-ae49-4193-8f28-5889cca7d8cb"><con:settings/><con:parameters/><con:method name="IPhone 7 Plus 128GB" id="00ce7e10-a85d-40e0-8654-9ed590b2dee1" method="GET"><con:settings/><con:parameters/><con:representation type="FAULT"><con:mediaType>application/json</con:mediaType><con:status>500</con:status><con:params/><con:element xmlns:rst="https://rstapi.o2.co.uk/">rst:Fault</con:element></con:representation><con:representation type="FAULT"><con:mediaType>application/octet-stream</con:mediaType><con:status>403</con:status><con:params/><con:element>data</con:element></con:representation><con:request name="Request 1" id="d19dadba-6d51-4da2-9f06-9f5dc2bab8a3" mediaType="application/json" sslKeystore="o2_testsupport_cert20190501.p12"><con:settings><con:setting id="com.eviware.soapui.impl.wsdl.WsdlRequest@request-headers">&lt;xml-fragment/></con:setting></con:settings><con:endpoint>https://rstapi.o2.co.uk</con:endpoint><con:request/><con:originalUri>https://rstapi.o2.co.uk/</con:originalUri><con:credentials><con:username>testsupport_4321</con:username><con:password>t3st1ng</con:password><con:authType>No Authorization</con:authType></con:credentials><con:jmsConfig JMSDeliveryMode="PERSISTENT"/><con:jmsPropertyConfig/><con:parameters/></con:request></con:method></con:resource></con:interface><con:interface xsi:type="con:RestService" id="fbf76c28-87e0-4e2b-898d-df1d9057a707" wadlVersion="http://wadl.dev.java.net/2009/02" name="https://rstapi.o2.co.uk" type="rest" xmlns:xsi="http://www.w3.org/2001/XMLSchema-instance"><con:settings/><con:definitionCache/><con:endpoints><con:endpoint>https://rstapi.o2.co.uk</con:endpoint></con:endpoints><con:resource name="07734593006" path="/RESTGateway/restServices/consumerPAYM/promotions/msisdn/07734593006" id="c09a2621-7c27-4863-8ea9-2b26806c79b4"><con:settings/><con:parameters/><con:method name="07734593006" id="3e77141b-10e0-4588-85e0-1009700781f0" method="GET"><con:settings/><con:parameters/><con:representation type="FAULT"><con:mediaType>application/javascript</con:mediaType><con:status>500</con:status><con:params/><con:element xmlns:ns="https://rstapi.o2.co.uk/RESTGateway/restServices/consumerPAYM/promotions/msisdn/07734593006">ns:Fault</con:element></con:representation><con:request name="Request 1" id="b2f78c7f-75f5-4dc1-9c78-424b98841d33" mediaType="application/json" sslKeystore="o2_testsupport_cert20190501.p12"><con:settings><con:setting id="com.eviware.soapui.impl.wsdl.WsdlRequest@request-headers">&lt;xml-fragment/></con:setting></con:settings><con:endpoint>https://rstapi.o2.co.uk</con:endpoint><con:request/><con:originalUri>https://rstapi.o2.co.uk/RESTGateway/restServices/consumerPAYM/promotions/msisdn/07734593006</con:originalUri><con:credentials><con:username>testsupport_4321</con:username><con:password>t3st1ng</con:password><con:authType>No Authorization</con:authType></con:credentials><con:jmsConfig JMSDeliveryMode="PERSISTENT"/><con:jmsPropertyConfig/><con:parameters/></con:request></con:method></con:resource></con:interface><con:interface xsi:type="con:RestService" id="131f7abd-4eea-4ef8-9e90-3ba0a40397fa" wadlVersion="http://wadl.dev.java.net/2009/02" name="https://rstapi.o2.co.uk" type="rest" xmlns:xsi="http://www.w3.org/2001/XMLSchema-instance"><con:settings/><con:definitionCache/><con:endpoints><con:endpoint>https://rstapi.o2.co.uk</con:endpoint></con:endpoints><con:resource name="HardwareLoanAgreementSummary" path="/tukPanCreditApi/Customer/12662/HardwareLoanAgreementSummary/" id="f8431e1d-383f-41b4-896c-5cc3394ea89b"><con:settings/><con:parameters/><con:method name="HardwareLoanAgreementSummary" id="e14f5052-ac3a-4a23-8bfc-9eef7af2bfd3" method="GET"><con:settings/><con:parameters/><con:representation type="FAULT"><con:mediaType>application/json</con:mediaType><con:status>500</con:status><con:params/><con:element xmlns:har="https://rstapi.o2.co.uk/tukPanCreditApi/Customer/12662/HardwareLoanAgreementSummary/">har:Fault</con:element></con:representation><con:representation type="RESPONSE"><con:mediaType>application/json</con:mediaType><con:status>200</con:status><con:params/><con:element xmlns:har="https://rstapi.o2.co.uk/tukPanCreditApi/Customer/12662/HardwareLoanAgreementSummary/">har:Response</con:element></con:representation><con:request name="Request 1" id="5aa93b4d-7245-46c2-966c-109d22eda40f" mediaType="application/json" sslKeystore="o2_testsupport_cert20190501.p12"><con:settings><con:setting id="com.eviware.soapui.impl.wsdl.WsdlRequest@request-headers">&lt;entry key="SOAConsumerTransactionID" value="aloksduibfhs" xmlns="http://eviware.com/soapui/config"/></con:setting></con:settings><con:endpoint>https://rstapi.o2.co.uk</con:endpoint><con:request/><con:originalUri>https://rstapi.o2.co.uk/tukPanCreditApi/Customer/12662/HardwareLoanAgreementSummary/</con:originalUri><con:credentials><con:username>testsupport_4321</con:username><con:password>t3st1ng</con:password><con:authType>No Authorization</con:authType></con:credentials><con:jmsConfig JMSDeliveryMode="PERSISTENT"/><con:jmsPropertyConfig/><con:parameters/></con:request></con:method></con:resource></con:interface><con:interface xsi:type="con:RestService" id="dc236ecf-5535-43ee-afe0-580b2869b7c6" wadlVersion="http://wadl.dev.java.net/2009/02" name="https://rstapi.o2.co.uk" type="rest" xmlns:xsi="http://www.w3.org/2001/XMLSchema-instance"><con:settings/><con:definitionCache/><con:endpoints><con:endpoint>https://rstapi.o2.co.uk</con:endpoint></con:endpoints><con:resource name="Consent" path="/consent/v1/consent" id="49517bbc-9444-44e2-889d-7a9f77e4052a"><con:settings/><con:parameters/><con:method name="Consent" id="b20d0ed0-7041-4731-adbb-927b6ec66d2c" method="GET"><con:settings/><con:parameters/><con:representation type="FAULT"><con:mediaType>application/json</con:mediaType><con:status>400</con:status><con:params/><con:element xmlns:con1="https://rstapi.o2.co.uk/consent/v1/consent">con1:Fault</con:element></con:representation><con:request name="Request 1" id="55b9ba30-991a-4a78-b44b-31f20363bbc7" mediaType="application/json" sslKeystore="o2_testsupport_cert20190501.p12"><con:settings><con:setting id="com.eviware.soapui.impl.wsdl.WsdlRequest@request-headers">&lt;xml-fragment/></con:setting></con:settings><con:endpoint>https://rstapi.o2.co.uk</con:endpoint><con:request/><con:originalUri>https://rstapi.o2.co.uk/consent/v1/consent</con:originalUri><con:credentials><con:username>testsupport_4321</con:username><con:password>t3st1ng</con:password><con:authType>No Authorization</con:authType></con:credentials><con:jmsConfig JMSDeliveryMode="PERSISTENT"/><con:jmsPropertyConfig/><con:parameters/></con:request></con:method></con:resource></con:interface><con:interface xsi:type="con:RestService" id="786d95f0-d72a-4551-8c2b-8040bd59f81b" wadlVersion="http://wadl.dev.java.net/2009/02" name="https://rstapi.o2.co.uk" type="rest" xmlns:xsi="http://www.w3.org/2001/XMLSchema-instance"><con:settings/><con:definitionCache/><con:endpoints><con:endpoint>https://rstapi.o2.co.uk</con:endpoint></con:endpoints><con:resource name="Product-families" path="/productService/product-families" id="d86d7230-0396-4cca-957f-8a420f08ede5"><con:settings/><con:parameters/><con:method name="Product-families" id="244e63e9-a1e5-4db8-aee7-dbb9655c437f" method="GET"><con:settings/><con:parameters/><con:representation type="FAULT"><con:mediaType>application/json</con:mediaType><con:status>400</con:status><con:params/><con:element xmlns:prod="https://rstapi.o2.co.uk/productService/product-families">prod:Fault</con:element></con:representation><con:request name="Request 1" id="4ce9cd2f-f0ba-4cb7-84ee-87701b53fe3f" mediaType="application/json" sslKeystore="o2_testsupport_cert20190501.p12"><con:settings><con:setting id="com.eviware.soapui.impl.wsdl.WsdlRequest@request-headers">&lt;xml-fragment/></con:setting></con:settings><con:endpoint>https://rstapi.o2.co.uk</con:endpoint><con:request/><con:originalUri>https://rstapi.o2.co.uk/productService/product-families</con:originalUri><con:credentials><con:username>testsupport_4321</con:username><con:password>t3st1ng</con:password><con:authType>No Authorization</con:authType></con:credentials><con:jmsConfig JMSDeliveryMode="PERSISTENT"/><con:jmsPropertyConfig/><con:parameters/></con:request></con:method></con:resource></con:interface><con:interface xsi:type="con:RestService" id="1c38a87f-c695-4b82-ba48-306d6db7ae56" wadlVersion="http://wadl.dev.java.net/2009/02" name="https://rstapi.o2.co.uk" type="rest" xmlns:xsi="http://www.w3.org/2001/XMLSchema-instance"><con:settings/><con:definitionCache/><con:endpoints><con:endpoint>https://rstapi.o2.co.uk</con:endpoint></con:endpoints><con:resource name="HardwareLoanAgreementSummary" path="/tukPanCreditApi/Customer/306160/HardwareLoanAgreementSummary/" id="887a128f-51d3-436d-be5c-44f6b02ea95c"><con:settings/><con:parameters/><con:method name="HardwareLoanAgreementSummary" id="9e889aa7-8540-4640-a05b-f5d52bb657f5" method="GET"><con:settings/><con:parameters/><con:representation type="FAULT"><con:mediaType>application/json;charset=ISO-8859-1</con:mediaType><con:status>500</con:status><con:params/><con:element xmlns:har="https://rstapi.o2.co.uk/tukPanCreditApi/Customer/306160/HardwareLoanAgreementSummary/">har:Fault</con:element></con:representation><con:representation type="RESPONSE"><con:mediaType>application/json;charset=ISO-8859-1</con:mediaType><con:status>200</con:status><con:params/><con:element xmlns:har="https://rstapi.o2.co.uk/tukPanCreditApi/Customer/306160/HardwareLoanAgreementSummary/">har:Response</con:element></con:representation><con:request name="Request 1" id="e47bff13-4892-4186-ab53-0df32a3a6c2d" mediaType="application/json" sslKeystore="o2_testsupport_cert20190501.p12"><con:settings><con:setting id="com.eviware.soapui.impl.wsdl.WsdlRequest@request-headers">&lt;entry key="SOAConsumerTransactionID" value="asdasd" xmlns="http://eviware.com/soapui/config"/></con:setting></con:settings><con:endpoint>https://rstapi.o2.co.uk</con:endpoint><con:request/><con:originalUri>https://rstapi.o2.co.uk/tukPanCreditApi/Customer/306160/HardwareLoanAgreementSummary/</con:originalUri><con:credentials><con:username>testsupport_4321</con:username><con:password>t3st1ng</con:password><con:authType>No Authorization</con:authType></con:credentials><con:jmsConfig JMSDeliveryMode="PERSISTENT"/><con:jmsPropertyConfig/><con:parameters/></con:request></con:method></con:resource></con:interface><con:interface xsi:type="con:RestService" id="c6a7af9c-6f36-45c2-b1c1-916ee70f22a0" wadlVersion="http://wadl.dev.java.net/2009/02" name="https://rstapi.o2.co.uk" type="rest" xmlns:xsi="http://www.w3.org/2001/XMLSchema-instance"><con:settings/><con:definitionCache/><con:endpoints><con:endpoint>https://rstapi.o2.co.uk</con:endpoint></con:endpoints><con:resource name="Health" path="/cvos-rest/health" id="ee1c870f-7420-4b83-a982-4982f92aaeb4"><con:settings/><con:parameters/><con:method name="Health" id="11ffe68c-47f2-40af-98b8-0972747a2f78" method="GET"><con:settings/><con:parameters/><con:representation type="RESPONSE"><con:mediaType>application/json</con:mediaType><con:status>200</con:status><con:params/><con:element xmlns:heal="https://rstapi.o2.co.uk/cvos-rest/health">heal:Response</con:element></con:representation><con:request name="Request 1" id="e5fb603e-18d5-40b1-b4ac-b9ddcb1bec50" mediaType="application/json" sslKeystore="o2_testsupport_cert20190501.p12"><con:settings><con:setting id="com.eviware.soapui.impl.wsdl.WsdlRequest@request-headers">&lt;xml-fragment/></con:setting></con:settings><con:endpoint>https://rstapi.o2.co.uk</con:endpoint><con:request/><con:originalUri>https://rstapi.o2.co.uk/cvos-rest/health</con:originalUri><con:credentials><con:username>testsupport_4321</con:username><con:password>t3st1ng</con:password><con:authType>No Authorization</con:authType></con:credentials><con:jmsConfig JMSDeliveryMode="PERSISTENT"/><con:jmsPropertyConfig/><con:parameters/></con:request></con:method></con:resource></con:interface><con:interface xsi:type="con:RestService" id="4b9d73ce-9c2a-4ba4-a6a0-747d7f559947" wadlVersion="http://wadl.dev.java.net/2009/02" name="https://rstapi.o2.co.uk" type="rest" xmlns:xsi="http://www.w3.org/2001/XMLSchema-instance"><con:settings/><con:definitionCache/><con:endpoints><con:endpoint>https://rstapi.o2.co.uk</con:endpoint></con:endpoints><con:resource name="Admin" path="/stores/admin" id="86df260a-ffa4-4249-8c5f-f7f28024db1b"><con:settings/><con:parameters/><con:method name="Admin" id="be7ee758-9f39-4357-b8c0-6b8985f9e878" method="GET"><con:settings/><con:parameters/><con:representation type="FAULT"><con:mediaType>application/octet-stream</con:mediaType><con:status>405</con:status><con:params/><con:element>data</con:element></con:representation><con:request name="Request 1" id="99f5ab3d-e3cc-4194-a981-809122480982" mediaType="application/json" sslKeystore="o2_testsupport_cert20190501.p12"><con:settings><con:setting id="com.eviware.soapui.impl.support.AbstractHttpRequest@follow-redirects">true</con:setting><con:setting id="com.eviware.soapui.impl.wsdl.WsdlRequest@request-headers">&lt;xml-fragment/></con:setting></con:settings><con:endpoint>https://rstapi.o2.co.uk</con:endpoint><con:request/><con:originalUri>https://rstapi.o2.co.uk/stores/admin</con:originalUri><con:credentials><con:username>testsupport_4321</con:username><con:password>t3st1ng</con:password><con:authType>No Authorization</con:authType></con:credentials><con:jmsConfig JMSDeliveryMode="PERSISTENT"/><con:jmsPropertyConfig/><con:parameters/></con:request></con:method></con:resource></con:interface><con:interface xsi:type="con:RestService" id="18d79fdb-d288-44a7-a2f3-87900833ed48" wadlVersion="http://wadl.dev.java.net/2009/02" name="https://rstapi.o2.co.uk" type="rest" xmlns:xsi="http://www.w3.org/2001/XMLSchema-instance"><con:settings/><con:definitionCache/><con:endpoints><con:endpoint>https://rstapi.o2.co.uk</con:endpoint></con:endpoints><con:resource name="Circuit" path="/DISCLOSURE/Circuit" id="6eee0429-01b5-4884-88f2-f426a9593220"><con:settings/><con:parameters/><con:method name="Circuit" id="53b89d36-dc4b-4fc8-a2a3-ddf5fa0e849d" method="GET"><con:settings/><con:parameters/><con:representation type="FAULT"><con:mediaType>text/xml</con:mediaType><con:status>500</con:status><con:params/></con:representation><con:request name="Request 1" id="ee6ac411-c639-4c2c-951b-d4d95cf576bd" mediaType="application/json" sslKeystore="o2_testsupport_cert20190501.p12"><con:settings><con:setting id="com.eviware.soapui.impl.wsdl.WsdlRequest@request-headers">&lt;xml-fragment/></con:setting></con:settings><con:endpoint>https://rstapi.o2.co.uk</con:endpoint><con:request/><con:originalUri>https://rstapi.o2.co.uk/DISCLOSURE/Circuit</con:originalUri><con:credentials><con:username>testsupport_4321</con:username><con:password>t3st1ng</con:password><con:authType>No Authorization</con:authType></con:credentials><con:jmsConfig JMSDeliveryMode="PERSISTENT"/><con:jmsPropertyConfig/><con:parameters/></con:request></con:method></con:resource></con:interface><con:interface xsi:type="con:RestService" id="76e42d8b-1809-4f83-85b0-13cecad28158" wadlVersion="http://wadl.dev.java.net/2009/02" name="https://rstapi.o2.co.uk" type="rest" xmlns:xsi="http://www.w3.org/2001/XMLSchema-instance"><con:settings/><con:definitionCache/><con:endpoints><con:endpoint>https://rstapi.o2.co.uk</con:endpoint></con:endpoints><con:resource name="Orderupdate" path="/storesbroker/orderupdate" id="92a7e443-46cf-4f1a-9579-c3b53fb6129a"><con:settings/><con:parameters/><con:method name="Orderupdate" id="0865ed21-e366-4971-954f-e877b98eaeb4" method="GET"><con:settings/><con:parameters/><con:representation type="FAULT"><con:mediaType>text/xml</con:mediaType><con:status>500</con:status><con:params/></con:representation><con:representation type="FAULT"><con:mediaType>text/xml; charset=UTF-8</con:mediaType><con:status>500</con:status><con:params/><con:element>data</con:element></con:representation><con:request name="Request 1" id="48a294cd-8f98-4437-bc64-0d54334ed57e" mediaType="application/json" sslKeystore="o2_testsupport_cert20190501.p12"><con:settings><con:setting id="com.eviware.soapui.impl.wsdl.WsdlRequest@request-headers">&lt;xml-fragment/></con:setting></con:settings><con:endpoint>https://rstapi.o2.co.uk</con:endpoint><con:request/><con:originalUri>https://rstapi.o2.co.uk/storesbroker/orderupdate</con:originalUri><con:credentials><con:username>testsupport_4321</con:username><con:password>t3st1ng</con:password><con:authType>No Authorization</con:authType></con:credentials><con:jmsConfig JMSDeliveryMode="PERSISTENT"/><con:jmsPropertyConfig/><con:parameters/></con:request></con:method></con:resource></con:interface><con:interface xsi:type="con:RestService" id="c5056132-09fe-4819-b727-de306f136338" wadlVersion="http://wadl.dev.java.net/2009/02" name="https://rstapi.o2.co.uk" type="rest" xmlns:xsi="http://www.w3.org/2001/XMLSchema-instance"><con:settings/><con:definitionCache/><con:endpoints><con:endpoint>https://rstapi.o2.co.uk</con:endpoint></con:endpoints><con:resource name="Orderupdate" path="/storesbroker/orderupdate" id="3cb5d802-ce4d-4778-a184-a6e5c605671d"><con:settings/><con:parameters/><con:method name="Orderupdate" id="53ab47db-0360-406f-b352-0e2f97fad899" method="GET"><con:settings/><con:parameters/><con:representation type="FAULT"><con:mediaType>text/xml</con:mediaType><con:status>500</con:status><con:params/></con:representation><con:request name="Request 1" id="49809669-95bc-4d12-b8af-23590ffc4008" mediaType="application/json" sslKeystore="o2_testsupport_cert20190501.p12"><con:settings><con:setting id="com.eviware.soapui.impl.wsdl.WsdlRequest@request-headers">&lt;xml-fragment/></con:setting></con:settings><con:endpoint>https://rstapi.o2.co.uk</con:endpoint><con:request/><con:originalUri>https://rstapi.o2.co.uk/storesbroker/orderupdate</con:originalUri><con:credentials><con:username>testsupport_4321</con:username><con:password>t3st1ng</con:password><con:authType>No Authorization</con:authType></con:credentials><con:jmsConfig JMSDeliveryMode="PERSISTENT"/><con:jmsPropertyConfig/><con:parameters/></con:request></con:method></con:resource></con:interface><con:interface xsi:type="con:RestService" id="dd1e117d-27db-4ea6-952d-2a2fac797dd2" wadlVersion="http://wadl.dev.java.net/2009/02" name="https://rstapi.o2.co.uk" type="rest" xmlns:xsi="http://www.w3.org/2001/XMLSchema-instance"><con:settings/><con:definitionCache/><con:endpoints><con:endpoint>https://rstapi.o2.co.uk</con:endpoint></con:endpoints><con:resource name="HardwareLoanAgreement" path="/businessPAYM/HardwareLoanAgreement" id="6472838b-6d2a-41d7-a239-f28a78bf89c9"><con:settings/><con:parameters/><con:method name="HardwareLoanAgreement" id="1cbfd6aa-96ad-42db-8dba-b047bc870403" method="GET"><con:settings/><con:parameters/><con:representation type="FAULT"><con:mediaType>text/html; charset=UTF-8</con:mediaType><con:status>404</con:status><con:params/><con:element>html</con:element></con:representation><con:request name="Request 1" id="c10ac5b5-4463-460f-aa99-e4fb75037a75" mediaType="application/json" sslKeystore="o2_testsupport_cert20190501.p12"><con:settings><con:setting id="com.eviware.soapui.impl.wsdl.WsdlRequest@request-headers">&lt;xml-fragment/></con:setting></con:settings><con:endpoint>https://rstapi.o2.co.uk</con:endpoint><con:request/><con:originalUri>https://rstapi.o2.co.uk/businessPAYM/HardwareLoanAgreement</con:originalUri><con:credentials><con:username>testsupport_4321</con:username><con:password>t3st1ng</con:password><con:authType>No Authorization</con:authType></con:credentials><con:jmsConfig JMSDeliveryMode="PERSISTENT"/><con:jmsPropertyConfig/><con:parameters/></con:request></con:method></con:resource></con:interface><con:interface xsi:type="con:RestService" id="42834126-019e-42be-97ca-7952278cb436" wadlVersion="http://wadl.dev.java.net/2009/02" name="https://rstapi.o2.co.uk" type="rest" xmlns:xsi="http://www.w3.org/2001/XMLSchema-instance"><con:settings/><con:definitionCache/><con:endpoints><con:endpoint>https://rstapi.o2.co.uk</con:endpoint></con:endpoints><con:resource name="Siteverify" path="/recaptcha/siteverify" id="c627a0e4-9b30-42d1-8dca-2e3407893609"><con:settings/><con:parameters/><con:method name="Siteverify" id="c99c8170-2eb4-4814-a1b2-e8d3c61fb6a4" method="GET"><con:settings/><con:parameters/><con:representation type="FAULT"><con:mediaType>text/html</con:mediaType><con:status>404</con:status><con:params/><con:element>HTML</con:element></con:representation><con:request name="Request 1" id="4242764b-95f7-4d3f-8a77-108550c517de" mediaType="application/json" sslKeystore="o2_testsupport_cert20190501.p12"><con:settings><con:setting id="com.eviware.soapui.impl.wsdl.WsdlRequest@request-headers">&lt;xml-fragment/></con:setting></con:settings><con:endpoint>https://rstapi.o2.co.uk</con:endpoint><con:request/><con:originalUri>https://rstapi.o2.co.uk/recaptcha/siteverify</con:originalUri><con:credentials><con:username>testsupport_4321</con:username><con:password>t3st1ng</con:password><con:authType>No Authorization</con:authType></con:credentials><con:jmsConfig JMSDeliveryMode="PERSISTENT"/><con:jmsPropertyConfig/><con:parameters/></con:request></con:method></con:resource></con:interface><con:interface xsi:type="con:RestService" id="9b766ddb-203b-4fc6-8178-f32cb302d053" wadlVersion="http://wadl.dev.java.net/2009/02" name="https://rstapi.o2.co.uk" type="rest" xmlns:xsi="http://www.w3.org/2001/XMLSchema-instance"><con:settings/><con:definitionCache/><con:endpoints><con:endpoint>https://rstapi.o2.co.uk</con:endpoint></con:endpoints><con:resource name="Show-order-details" path="/enroll-service/show-order-details" id="60cd1c5d-f83f-486a-afea-82d645ff2a39"><con:settings/><con:parameters/><con:method name="Show-order-details" id="c49cc4cc-2cb5-4fc1-bca1-0afc4ac5e3dc" method="GET"><con:settings/><con:parameters/><con:representation type="RESPONSE"><con:mediaType>text/xml</con:mediaType><con:status>200</con:status><con:params/><con:element xmlns:soapenv="http://schemas.xmlsoap.org/soap/envelope/">soapenv:Envelope</con:element></con:representation><con:representation type="RESPONSE"><con:mediaType>text/xml;charset=utf-8</con:mediaType><con:status>200</con:status><con:params/><con:element xmlns:soapenv="http://schemas.xmlsoap.org/soap/envelope/">soapenv:Envelope</con:element></con:representation><con:request name="Request 1" id="cf466f8c-131d-4038-afb2-314fcf8b2563" mediaType="application/json" sslKeystore="o2_testsupport_cert20190501.p12"><con:settings><con:setting id="com.eviware.soapui.impl.wsdl.WsdlRequest@request-headers">&lt;xml-fragment/></con:setting></con:settings><con:endpoint>https://rstapi.o2.co.uk</con:endpoint><con:request/><con:originalUri>https://rstapi.o2.co.uk/enroll-service/show-order-details</con:originalUri><con:credentials><con:username>testsupport_4321</con:username><con:password>t3st1ng</con:password><con:authType>No Authorization</con:authType></con:credentials><con:jmsConfig JMSDeliveryMode="PERSISTENT"/><con:jmsPropertyConfig/><con:parameters/></con:request></con:method></con:resource></con:interface><con:interface xsi:type="con:RestService" id="2e97cafb-d5d6-4245-baed-1cf741eb20c6" wadlVersion="http://wadl.dev.java.net/2009/02" name="https://rstapi.o2.co.uk" type="rest" xmlns:xsi="http://www.w3.org/2001/XMLSchema-instance"><con:settings/><con:definitionCache/><con:endpoints><con:endpoint>https://rstapi.o2.co.uk</con:endpoint></con:endpoints><con:resource name="Order" path="/UATWebAPI/o2/order" id="d9ee2881-608c-4025-b43b-e79c2b5d7a1f"><con:settings/><con:parameters/><con:method name="Order" id="6f940a17-876a-4804-9a10-69a8d0d52a49" method="GET"><con:settings/><con:parameters/><con:representation type="FAULT"><con:mediaType>application/json</con:mediaType><con:status>500</con:status><con:params/><con:element xmlns:ord="https://rstapi.o2.co.uk/UATWebAPI/o2/order">ord:Fault</con:element></con:representation><con:request name="Request 1" id="95abbb3b-a75d-4501-b47a-0c6615188b9d" mediaType="application/json" sslKeystore="o2_testsupport_cert20190501.p12"><con:settings><con:setting id="com.eviware.soapui.impl.wsdl.WsdlRequest@request-headers">&lt;xml-fragment/></con:setting></con:settings><con:endpoint>https://rstapi.o2.co.uk</con:endpoint><con:request/><con:originalUri>https://rstapi.o2.co.uk/UATWebAPI/o2/order</con:originalUri><con:credentials><con:username>testsupport_4321</con:username><con:password>t3st1ng</con:password><con:authType>No Authorization</con:authType></con:credentials><con:jmsConfig JMSDeliveryMode="PERSISTENT"/><con:jmsPropertyConfig/><con:parameters/></con:request></con:method></con:resource></con:interface><con:interface xsi:type="con:RestService" id="d2fd1619-5846-435f-ba5d-5676ec203e3e" wadlVersion="http://wadl.dev.java.net/2009/02" name="https://rstapi.o2.co.uk" type="rest" xmlns:xsi="http://www.w3.org/2001/XMLSchema-instance"><con:settings/><con:definitionCache/><con:endpoints><con:endpoint>https://rstapi.o2.co.uk</con:endpoint></con:endpoints><con:resource name="Order" path="/o2dtb/EAINotificationService/order" id="3c8d30b1-e49d-47e4-9731-c8008fbba97e"><con:settings/><con:parameters/><con:method name="Order" id="08c030f1-86b2-4331-a21f-71e47989e813" method="GET"><con:settings/><con:parameters/><con:representation type="FAULT"><con:mediaType>text/html;charset=ISO-8859-1</con:mediaType><con:status>404</con:status><con:params/><con:element>html</con:element></con:representation><con:representation type="FAULT"><con:mediaType>text/html</con:mediaType><con:status>404</con:status><con:params/><con:element>html</con:element></con:representation><con:request name="Request 1" id="63b2bb2a-684d-4801-83e5-210ddb3d839b" mediaType="application/json" sslKeystore="o2_testsupport_cert20190501.p12"><con:settings><con:setting id="com.eviware.soapui.impl.wsdl.WsdlRequest@request-headers">&lt;xml-fragment/></con:setting></con:settings><con:endpoint>https://rstapi.o2.co.uk</con:endpoint><con:request/><con:originalUri>https://rstapi.o2.co.uk/o2dtb/EAINotificationService/order</con:originalUri><con:credentials><con:username>testsupport_4321</con:username><con:password>t3st1ng</con:password><con:authType>No Authorization</con:authType></con:credentials><con:jmsConfig JMSDeliveryMode="PERSISTENT"/><con:jmsPropertyConfig/><con:parameters/></con:request></con:method></con:resource></con:interface><con:interface xsi:type="con:RestService" id="0ad18fab-1a1c-4c80-98cf-3373619960d2" wadlVersion="http://wadl.dev.java.net/2009/02" name="https://rstapi.o2.co.uk" type="rest" xmlns:xsi="http://www.w3.org/2001/XMLSchema-instance"><con:settings/><con:definitionCache/><con:endpoints><con:endpoint>https://rstapi.o2.co.uk</con:endpoint></con:endpoints><con:resource name="FRH" path="/IQ/KANAForms/FRH" id="9a5cd2f6-0cbe-41d5-8052-5892aa3efcb2"><con:settings/><con:parameters/><con:method name="FRH" id="275eccf7-6860-4482-b83e-82d368d9e920" method="GET"><con:settings/><con:parameters/><con:representation type="RESPONSE"><con:mediaType>text/html</con:mediaType><con:status>200</con:status><con:params/><con:element>html</con:element></con:representation><con:request name="Request 1" id="79ae3578-f942-40ff-a7c2-12607e8f3751" mediaType="application/json" sslKeystore="o2_testsupport_cert20190501.p12"><con:settings><con:setting id="com.eviware.soapui.impl.wsdl.WsdlRequest@request-headers">&lt;xml-fragment/></con:setting></con:settings><con:endpoint>https://rstapi.o2.co.uk</con:endpoint><con:request/><con:originalUri>https://rstapi.o2.co.uk/IQ/KANAForms/FRH</con:originalUri><con:credentials><con:username>testsupport_4321</con:username><con:password>t3st1ng</con:password><con:authType>No Authorization</con:authType></con:credentials><con:jmsConfig JMSDeliveryMode="PERSISTENT"/><con:jmsPropertyConfig/><con:parameters/></con:request></con:method></con:resource></con:interface><con:interface xsi:type="con:RestService" id="33932f15-c4e8-4c5c-9444-05fcda97c780" wadlVersion="http://wadl.dev.java.net/2009/02" name="https://rstapi.o2.co.uk" type="rest" xmlns:xsi="http://www.w3.org/2001/XMLSchema-instance"><con:settings/><con:definitionCache/><con:endpoints><con:endpoint>https://rstapi.o2.co.uk</con:endpoint></con:endpoints><con:resource name="Log" path="/auditlog/api/audit/log" id="58af53e2-7b53-4bc3-a64e-7615ddf73156"><con:settings/><con:parameters/><con:method name="Log" id="06c98c65-69c9-4060-bbb5-fb181cd09e2c" method="GET"><con:settings/><con:parameters/><con:representation type="FAULT"><con:mediaType>application/json</con:mediaType><con:status>405</con:status><con:params/><con:element xmlns:log="https://rstapi.o2.co.uk/auditlog/api/audit/log">log:Fault</con:element></con:representation><con:representation type="FAULT"><con:mediaType>application/json; charset=utf-8</con:mediaType><con:status>405</con:status><con:params/><con:element xmlns:log="https://rstapi.o2.co.uk/auditlog/api/audit/log">log:Fault</con:element></con:representation><con:request name="Request 1" id="8a6db3b1-fb94-4bb7-a0db-a16a313729b4" mediaType="application/json" sslKeystore="o2_testsupport_cert20190501.p12"><con:settings><con:setting id="com.eviware.soapui.impl.wsdl.WsdlRequest@request-headers">&lt;xml-fragment/></con:setting></con:settings><con:endpoint>https://rstapi.o2.co.uk</con:endpoint><con:request/><con:originalUri>https://rstapi.o2.co.uk/auditlog/api/audit/log</con:originalUri><con:credentials><con:username>testsupport_4321</con:username><con:password>t3st1ng</con:password><con:authType>No Authorization</con:authType></con:credentials><con:jmsConfig JMSDeliveryMode="PERSISTENT"/><con:jmsPropertyConfig/><con:parameters/></con:request></con:method></con:resource></con:interface><con:interface xsi:type="con:RestService" id="6527db3f-b31e-40dd-a87e-9dce8b456fe2" wadlVersion="http://wadl.dev.java.net/2009/02" name="https://rstapi.o2.co.uk" type="rest" xmlns:xsi="http://www.w3.org/2001/XMLSchema-instance"><con:settings/><con:definitionCache/><con:endpoints><con:endpoint>https://rstapi.o2.co.uk</con:endpoint></con:endpoints><con:resource name="Orderupdate" path="/storesbroker/orderupdate" id="b4ff3d6c-d17f-49b1-a91f-3422b24dc3a4"><con:settings/><con:parameters/><con:method name="Orderupdate" id="7ac1d438-03f9-4af8-acd0-de2d32094281" method="GET"><con:settings/><con:parameters/><con:representation type="FAULT"><con:mediaType>text/xml; charset=UTF-8</con:mediaType><con:status>500</con:status><con:params/><con:element>data</con:element></con:representation><con:request name="Request 1" id="6d507f32-c7ee-4469-a1ae-6fe9c3b9a807" mediaType="application/json" sslKeystore="o2_testsupport_cert20190501.p12"><con:settings><con:setting id="com.eviware.soapui.impl.wsdl.WsdlRequest@request-headers">&lt;xml-fragment/></con:setting></con:settings><con:endpoint>https://rstapi.o2.co.uk</con:endpoint><con:request/><con:originalUri>https://rstapi.o2.co.uk/storesbroker/orderupdate</con:originalUri><con:credentials><con:username>testsupport_4321</con:username><con:password>t3st1ng</con:password><con:authType>No Authorization</con:authType></con:credentials><con:jmsConfig JMSDeliveryMode="PERSISTENT"/><con:jmsPropertyConfig/><con:parameters/></con:request></con:method></con:resource></con:interface><con:interface xsi:type="con:RestService" id="969e60ce-c6a4-4b98-9a35-9f4eb5c058bd" wadlVersion="http://wadl.dev.java.net/2009/02" name="https://rstapi.o2.co.uk" type="rest" xmlns:xsi="http://www.w3.org/2001/XMLSchema-instance"><con:settings/><con:definitionCache/><con:endpoints><con:endpoint>https://rstapi.o2.co.uk</con:endpoint></con:endpoints><con:resource name="Customerprofile" path="/resources/v1/customerprofile" id="0d08fefd-0ec3-4803-9755-4a7b9b59ab87"><con:settings/><con:parameters/><con:method name="Customerprofile" id="10269b04-4874-42f1-b9f8-93cd44545789" method="GET"><con:settings/><con:parameters/><con:representation type="RESPONSE"><con:mediaType>application/json</con:mediaType><con:status>200</con:status><con:params/><con:element xmlns:cus="https://rstapi.o2.co.uk/resources/v1/customerprofile">cus:Response</con:element></con:representation><con:request name="Request 1" id="98ea1d86-c235-49ea-9961-302f4dc08e5e" mediaType="application/json" sslKeystore="o2_testsupport_cert20190501.p12"><con:settings><con:setting id="com.eviware.soapui.impl.wsdl.WsdlRequest@request-headers">&lt;xml-fragment/></con:setting></con:settings><con:endpoint>https://rstapi.o2.co.uk</con:endpoint><con:request/><con:originalUri>https://rstapi.o2.co.uk/resources/v1/customerprofile</con:originalUri><con:credentials><con:username>testsupport_4321</con:username><con:password>t3st1ng</con:password><con:authType>No Authorization</con:authType></con:credentials><con:jmsConfig JMSDeliveryMode="PERSISTENT"/><con:jmsPropertyConfig/><con:parameters/></con:request></con:method></con:resource></con:interface><con:interface xsi:type="con:RestService" id="5b6d9a8b-5590-4a04-8ff4-8682d967a2bc" wadlVersion="http://wadl.dev.java.net/2009/02" name="https://rstapi.o2.co.uk" type="rest" xmlns:xsi="http://www.w3.org/2001/XMLSchema-instance"><con:settings/><con:definitionCache/><con:endpoints><con:endpoint>https://rstapi.o2.co.uk</con:endpoint></con:endpoints><con:resource name="V1" path="/ob-events/v1" id="63122b0b-915e-4b31-a559-1ed691a3743c"><con:settings/><con:parameters/><con:method name="V1" id="8c31c8c7-74c3-4725-a20b-1f508a2b8790" method="GET"><con:settings/><con:parameters/><con:representation type="FAULT"><con:mediaType>text/xml</con:mediaType><con:status>500</con:status><con:params/><con:element xmlns:soapenv="http://schemas.xmlsoap.org/soap/envelope/">soapenv:Envelope</con:element></con:representation><con:request name="Request 1" id="2bf44893-c355-4a82-a0a2-21513cf37f8a" mediaType="application/json" sslKeystore="o2_testsupport_cert20190501.p12"><con:settings><con:setting id="com.eviware.soapui.impl.wsdl.WsdlRequest@request-headers">&lt;xml-fragment/></con:setting></con:settings><con:endpoint>https://rstapi.o2.co.uk</con:endpoint><con:request/><con:originalUri>https://rstapi.o2.co.uk/ob-events/v1</con:originalUri><con:credentials><con:username>testsupport_4321</con:username><con:password>t3st1ng</con:password><con:authType>No Authorization</con:authType></con:credentials><con:jmsConfig JMSDeliveryMode="PERSISTENT"/><con:jmsPropertyConfig/><con:parameters/></con:request></con:method></con:resource></con:interface><con:interface xsi:type="con:RestService" id="18912e61-cb53-42eb-b9d3-8e66811bb636" wadlVersion="http://wadl.dev.java.net/2009/02" name="https://rstapi.o2.co.uk" type="rest" xmlns:xsi="http://www.w3.org/2001/XMLSchema-instance"><con:settings/><con:definitionCache/><con:endpoints><con:endpoint>https://rstapi.o2.co.uk</con:endpoint></con:endpoints><con:resource name="Token" path="/token/token" id="c109e40b-1f20-4439-97ab-1cb385276650"><con:settings/><con:parameters/><con:method name="Token" id="88decc91-f36e-41d9-ab70-a31f58c1d48e" method="GET"><con:settings/><con:parameters/><con:representation type="FAULT"><con:mediaType>text/xml</con:mediaType><con:status>500</con:status><con:params/><con:element xmlns:soapenv="http://schemas.xmlsoap.org/soap/envelope/">soapenv:Envelope</con:element></con:representation><con:request name="Request 1" id="cc9546a4-e01c-41ac-8310-82cb37ae48bd" mediaType="application/json" sslKeystore="o2_testsupport_cert20190501.p12"><con:settings><con:setting id="com.eviware.soapui.impl.wsdl.WsdlRequest@request-headers">&lt;xml-fragment/></con:setting></con:settings><con:endpoint>https://rstapi.o2.co.uk</con:endpoint><con:request/><con:originalUri>https://rstapi.o2.co.uk/token/token</con:originalUri><con:credentials><con:username>testsupport_4321</con:username><con:password>t3st1ng</con:password><con:authType>No Authorization</con:authType></con:credentials><con:jmsConfig JMSDeliveryMode="PERSISTENT"/><con:jmsPropertyConfig/><con:parameters/></con:request></con:method></con:resource></con:interface><con:testSuite id="2ade56f7-6b37-4ff0-a4d7-4bae0d7cfa2e" name="RSTAPI-L-Get"><con:settings/><con:runType>SEQUENTIAL</con:runType><con:testCase id="d95728ef-b95e-4f5d-a4bc-8549acd021f7" failOnError="true" failTestCaseOnErrors="true" keepSession="false" maxResults="0" name="RSTAPI-L-Get" searchProperties="true"><con:settings/><con:testStep type="restrequest" name="HardwareLoanAgreement" id="10d663ea-b40c-408c-8ac2-07def178e42b"><con:settings/><con:config service="https://rstapi.o2.co.uk" resourcePath="/tukPanCreditApi/Customer/298522/HardwareLoanAgreementSummary/" methodName="HardwareLoanAgreementSummary" xsi:type="con:RestRequestStep" xmlns:xsi="http://www.w3.org/2001/XMLSchema-instance"><con:restRequest name="HardwareLoanAgreement" id="fd692c28-9ab2-4c40-bc25-e4698729cff3" mediaType="application/json" sslKeystore="o2_testsupport_cert20190501.p12"><con:settings><con:setting id="com.eviware.soapui.impl.wsdl.WsdlRequest@request-headers">&lt;entry key="SOAConsumerTransactionID" value="vsdgsg" xmlns="http://eviware.com/soapui/config"/></con:setting></con:settings><con:endpoint>https://rstapi.ref.o2.co.uk</con:endpoint><con:request/><con:originalUri>https://rstapi.o2.co.uk/tukPanCreditApi/Customer/298522/HardwareLoanAgreementSummary/</con:originalUri><con:credentials><con:username>testsupport_4321</con:username><con:password>t3st1ng</con:password><con:authType>No Authorization</con:authType></con:credentials><con:jmsConfig JMSDeliveryMode="PERSISTENT"/><con:jmsPropertyConfig/><con:parameters/></con:restRequest></con:config></con:testStep><con:testStep type="restrequest" name="consumerPAYM" id="228f6066-f2b5-46bb-914c-f77d43612d7b"><con:settings/><con:config service="https://rstapi.o2.co.uk" resourcePath="/RESTGateway/restServices/consumerPAYM/promotions/msisdn/07999144048" methodName="07999144048" xsi:type="con:RestRequestStep" xmlns:xsi="http://www.w3.org/2001/XMLSchema-instance"><con:restRequest name="consumerPAYM" id="fa15ab0f-7a76-47b1-97e4-eb5b19af4027" mediaType="application/json" sslKeystore="o2_testsupport_cert20190501.p12"><con:settings><con:setting id="com.eviware.soapui.impl.wsdl.WsdlRequest@request-headers">&lt;xml-fragment/></con:setting></con:settings><con:endpoint>https://rstapi.ref.o2.co.uk</con:endpoint><con:request/><con:originalUri>https://rstapi.o2.co.uk/RESTGateway/restServices/consumerPAYM/promotions/msisdn/07999144048</con:originalUri><con:credentials><con:username>testsupport_4321</con:username><con:password>t3st1ng</con:password><con:authType>No Authorization</con:authType></con:credentials><con:jmsConfig JMSDeliveryMode="PERSISTENT"/><con:jmsPropertyConfig/><con:parameters/><con:parameterOrder/></con:restRequest></con:config></con:testStep><con:testStep type="restrequest" name="RedeemWebAPI" id="766dd4a6-c624-43df-8200-bc1865dca3ad"><con:settings/><con:config service="https://rstapi.o2.co.uk" resourcePath="/RedeemWebAPI/redeemservice/isalive" methodName="IPhone 7 Plus 128GB" xsi:type="con:RestRequestStep" xmlns:xsi="http://www.w3.org/2001/XMLSchema-instance"><con:restRequest name="RedeemWebAPI" id="3d686abc-fc11-4387-a202-af954cd67aea" mediaType="application/json" sslKeystore="o2_testsupport_cert20190501.p12"><con:settings><con:setting id="com.eviware.soapui.impl.wsdl.WsdlRequest@request-headers">&lt;xml-fragment/></con:setting></con:settings><con:endpoint>https://rstapi.o2.co.uk</con:endpoint><con:request/><con:originalUri>https://rstapi.o2.co.uk/</con:originalUri><con:credentials><con:username>testsupport_4321</con:username><con:password>t3st1ng</con:password><con:authType>No Authorization</con:authType></con:credentials><con:jmsConfig JMSDeliveryMode="PERSISTENT"/><con:jmsPropertyConfig/><con:parameters/></con:restRequest></con:config></con:testStep><con:testStep type="restrequest" name="consent" id="5eca3f7b-933f-4430-ac59-569831e76e34"><con:settings/><con:config service="https://rstapi.o2.co.uk" resourcePath="/consent/v1/consent" methodName="Consent" xsi:type="con:RestRequestStep" xmlns:xsi="http://www.w3.org/2001/XMLSchema-instance"><con:restRequest name="consent" id="88c83207-4227-4ac9-8519-a25862829f57" mediaType="application/json" sslKeystore="o2_testsupport_cert20190501.p12"><con:settings><con:setting id="com.eviware.soapui.impl.wsdl.WsdlRequest@request-headers">&lt;xml-fragment/></con:setting></con:settings><con:endpoint>https://rstapi.o2.co.uk</con:endpoint><con:request/><con:originalUri>https://rstapi.o2.co.uk/consent/v1/consent</con:originalUri><con:credentials><con:username>testsupport_4321</con:username><con:password>t3st1ng</con:password><con:authType>No Authorization</con:authType></con:credentials><con:jmsConfig JMSDeliveryMode="PERSISTENT"/><con:jmsPropertyConfig/><con:parameters/></con:restRequest></con:config></con:testStep><con:testStep type="restrequest" name="RedeemWebAPI_evolution" id="436ae31a-d3e0-4645-a899-abb6c7725a65"><con:settings/><con:config service="https://rstapi.o2.co.uk" resourcePath="/RedeemWebAPI/o2/valuation/Apple" methodName="IPhone 6 16GB" xsi:type="con:RestRequestStep" xmlns:xsi="http://www.w3.org/2001/XMLSchema-instance"><con:restRequest name="RedeemWebAPI_evolution" id="e69b8f32-2574-4017-b3a5-d79a36e56e6b" mediaType="application/json" sslKeystore="o2_testsupport_cert20190501.p12"><con:settings><con:setting id="com.eviware.soapui.impl.wsdl.WsdlRequest@request-headers">&lt;xml-fragment/></con:setting></con:settings><con:endpoint>https://rstapi.o2.co.uk</con:endpoint><con:request/><con:originalUri>https://rstapi.o2.co.uk/</con:originalUri><con:credentials><con:username>testsupport_4321</con:username><con:password>t3st1ng</con:password><con:authType>No Authorization</con:authType></con:credentials><con:jmsConfig JMSDeliveryMode="PERSISTENT"/><con:jmsPropertyConfig/><con:parameters/></con:restRequest></con:config></con:testStep><con:testStep type="restrequest" name="productService" id="6281d97a-10e9-4064-9921-55b51f46b5dc"><con:settings/><con:config service="https://rstapi.o2.co.uk:443" resourcePath="/productService/product-families" methodName="Product-families" xsi:type="con:RestRequestStep" xmlns:xsi="http://www.w3.org/2001/XMLSchema-instance"><con:restRequest name="productService" id="f3bc2ad0-19de-4726-a84c-ab033791d688" mediaType="application/json" sslKeystore="o2_testsupport_cert20190501.p12"><con:settings><con:setting id="com.eviware.soapui.impl.wsdl.WsdlRequest@request-headers">&lt;xml-fragment/></con:setting></con:settings><con:endpoint>https://rstapi.o2.co.uk:443</con:endpoint><con:request/><con:originalUri>https://rstapi.o2.co.uk/productService/product-families</con:originalUri><con:credentials><con:username>testsupport_4321</con:username><con:password>t3st1ng</con:password><con:authType>No Authorization</con:authType></con:credentials><con:jmsConfig JMSDeliveryMode="PERSISTENT"/><con:jmsPropertyConfig/><con:parameters/></con:restRequest></con:config></con:testStep><con:testStep type="restrequest" name="cvos-rest" id="20afda19-c969-4f23-bc26-e05edbc736c1"><con:settings/><con:config service="https://rstapi.o2.co.uk" resourcePath="/cvos-rest/health" methodName="Health" xsi:type="con:RestRequestStep" xmlns:xsi="http://www.w3.org/2001/XMLSchema-instance"><con:restRequest name="cvos-rest" id="e5fb603e-18d5-40b1-b4ac-b9ddcb1bec50" mediaType="application/json" sslKeystore="o2_testsupport_cert20190501.p12"><con:settings><con:setting id="com.eviware.soapui.impl.wsdl.WsdlRequest@request-headers">&lt;xml-fragment/></con:setting></con:settings><con:endpoint>https://rstapi.o2.co.uk</con:endpoint><con:request/><con:originalUri>https://rstapi.o2.co.uk/cvos-rest/health</con:originalUri><con:credentials><con:username>testsupport_4321</con:username><con:password>t3st1ng</con:password><con:authType>No Authorization</con:authType></con:credentials><con:jmsConfig JMSDeliveryMode="PERSISTENT"/><con:jmsPropertyConfig/><con:parameters/></con:restRequest></con:config></con:testStep><con:testStep type="restrequest" name="stores" id="e68a310f-d437-4bb2-a7f4-644f0fae1059"><con:settings/><con:config service="https://rstapi.o2.co.uk" resourcePath="/stores/admin" methodName="Admin" xsi:type="con:RestRequestStep" xmlns:xsi="http://www.w3.org/2001/XMLSchema-instance"><con:restRequest name="stores" id="99f5ab3d-e3cc-4194-a981-809122480982" mediaType="application/json" sslKeystore="o2_testsupport_cert20190501.p12"><con:settings><con:setting id="com.eviware.soapui.impl.support.AbstractHttpRequest@follow-redirects">true</con:setting><con:setting id="com.eviware.soapui.impl.wsdl.WsdlRequest@request-headers">&lt;xml-fragment/></con:setting></con:settings><con:endpoint>https://rstapi.o2.co.uk</con:endpoint><con:request/><con:originalUri>https://rstapi.o2.co.uk/stores/admin</con:originalUri><con:credentials><con:username>testsupport_4321</con:username><con:password>t3st1ng</con:password><con:authType>No Authorization</con:authType></con:credentials><con:jmsConfig JMSDeliveryMode="PERSISTENT"/><con:jmsPropertyConfig/><con:parameters/></con:restRequest></con:config></con:testStep><con:testStep type="restrequest" name="DISCLOSURE" id="4b539d4c-87bb-4aa5-8c1c-605546affd6c"><con:settings/><con:config service="https://rstapi.o2.co.uk" resourcePath="/DISCLOSURE/Circuit" methodName="Circuit" xsi:type="con:RestRequestStep" xmlns:xsi="http://www.w3.org/2001/XMLSchema-instance"><con:restRequest name="DISCLOSURE" id="ee6ac411-c639-4c2c-951b-d4d95cf576bd" mediaType="application/json" sslKeystore="o2_testsupport_cert20190501.p12"><con:settings><con:setting id="com.eviware.soapui.impl.wsdl.WsdlRequest@request-headers">&lt;xml-fragment/></con:setting></con:settings><con:endpoint>https://rstapi.o2.co.uk</con:endpoint><con:request/><con:originalUri>https://rstapi.o2.co.uk/DISCLOSURE/Circuit</con:originalUri><con:credentials><con:username>testsupport_4321</con:username><con:password>t3st1ng</con:password><con:authType>No Authorization</con:authType></con:credentials><con:jmsConfig JMSDeliveryMode="PERSISTENT"/><con:jmsPropertyConfig/><con:parameters/></con:restRequest></con:config></con:testStep><con:testStep type="restrequest" name="storesbroker" id="e064d7d9-e9de-493e-8c5a-7096a14369cb"><con:settings/><con:config service="https://rstapi.o2.co.uk" resourcePath="/storesbroker/orderupdate" methodName="Orderupdate" xsi:type="con:RestRequestStep" xmlns:xsi="http://www.w3.org/2001/XMLSchema-instance"><con:restRequest name="storesbroker" id="48a294cd-8f98-4437-bc64-0d54334ed57e" mediaType="application/json" sslKeystore="o2_testsupport_cert20190501.p12"><con:settings><con:setting id="com.eviware.soapui.impl.wsdl.WsdlRequest@request-headers">&lt;xml-fragment/></con:setting></con:settings><con:endpoint>https://rstapi.o2.co.uk</con:endpoint><con:request/><con:originalUri>https://rstapi.o2.co.uk/storesbroker/orderupdate</con:originalUri><con:credentials><con:username>testsupport_4321</con:username><con:password>t3st1ng</con:password><con:authType>No Authorization</con:authType></con:credentials><con:jmsConfig JMSDeliveryMode="PERSISTENT"/><con:jmsPropertyConfig/><con:parameters/></con:restRequest></con:config></con:testStep><con:testStep type="restrequest" name="recaptcha" id="7538ddc6-ce87-48bd-b819-a7f34cc6bc61"><con:settings/><con:config service="https://rstapi.o2.co.uk" resourcePath="/recaptcha/siteverify" methodName="Siteverify" xsi:type="con:RestRequestStep" xmlns:xsi="http://www.w3.org/2001/XMLSchema-instance"><con:restRequest name="recaptcha" id="4242764b-95f7-4d3f-8a77-108550c517de" mediaType="application/json" sslKeystore="o2_testsupport_cert20190501.p12"><con:settings><con:setting id="com.eviware.soapui.impl.wsdl.WsdlRequest@request-headers">&lt;xml-fragment/></con:setting></con:settings><con:endpoint>https://rstapi.o2.co.uk</con:endpoint><con:request/><con:originalUri>https://rstapi.o2.co.uk/recaptcha/siteverify</con:originalUri><con:credentials><con:username>testsupport_4321</con:username><con:password>t3st1ng</con:password><con:authType>No Authorization</con:authType></con:credentials><con:jmsConfig JMSDeliveryMode="PERSISTENT"/><con:jmsPropertyConfig/><con:parameters/></con:restRequest></con:config></con:testStep><con:testStep type="restrequest" name="enroll-service" id="49ec5c6c-a5d0-4636-9c0d-0513ac92c0f0"><con:settings/><con:config service="https://rstapi.o2.co.uk" resourcePath="/enroll-service/show-order-details" methodName="Show-order-details" xsi:type="con:RestRequestStep" xmlns:xsi="http://www.w3.org/2001/XMLSchema-instance"><con:restRequest name="enroll-service" id="cf466f8c-131d-4038-afb2-314fcf8b2563" mediaType="application/json" sslKeystore="o2_testsupport_cert20190501.p12"><con:settings><con:setting id="com.eviware.soapui.impl.wsdl.WsdlRequest@request-headers">&lt;xml-fragment/></con:setting></con:settings><con:endpoint>https://rstapi.ref.o2.co.uk</con:endpoint><con:request/><con:originalUri>https://rstapi.o2.co.uk/enroll-service/show-order-details</con:originalUri><con:credentials><con:username>testsupport_4321</con:username><con:password>t3st1ng</con:password><con:authType>No Authorization</con:authType></con:credentials><con:jmsConfig JMSDeliveryMode="PERSISTENT"/><con:jmsPropertyConfig/><con:parameters/></con:restRequest></con:config></con:testStep><con:testStep type="restrequest" name="UATWebAPI" id="445887d9-9fd5-41a0-b2b9-855a2b0fb69c"><con:settings/><con:config service="https://rstapi.o2.co.uk" resourcePath="/UATWebAPI/o2/order" methodName="Order" xsi:type="con:RestRequestStep" xmlns:xsi="http://www.w3.org/2001/XMLSchema-instance"><con:restRequest name="UATWebAPI" id="95abbb3b-a75d-4501-b47a-0c6615188b9d" mediaType="application/json" sslKeystore="o2_testsupport_cert20190501.p12"><con:settings><con:setting id="com.eviware.soapui.impl.wsdl.WsdlRequest@request-headers">&lt;xml-fragment/></con:setting></con:settings><con:endpoint>https://rstapi.o2.co.uk</con:endpoint><con:request/><con:originalUri>https://rstapi.o2.co.uk/UATWebAPI/o2/order</con:originalUri><con:credentials><con:username>testsupport_4321</con:username><con:password>t3st1ng</con:password><con:authType>No Authorization</con:authType></con:credentials><con:jmsConfig JMSDeliveryMode="PERSISTENT"/><con:jmsPropertyConfig/><con:parameters/></con:restRequest></con:config></con:testStep><con:testStep type="restrequest" name="o2dtb" id="7bf6ac0d-bd7e-4f90-b584-cd48bbf128ae"><con:settings/><con:config service="https://rstapi.o2.co.uk" resourcePath="/o2dtb/EAINotificationService/order" methodName="Order" xsi:type="con:RestRequestStep" xmlns:xsi="http://www.w3.org/2001/XMLSchema-instance"><con:restRequest name="o2dtb" id="63b2bb2a-684d-4801-83e5-210ddb3d839b" mediaType="application/json" sslKeystore="o2_testsupport_cert20190501.p12"><con:settings><con:setting id="com.eviware.soapui.impl.wsdl.WsdlRequest@request-headers">&lt;xml-fragment/></con:setting></con:settings><con:endpoint>https://rstapi.o2.co.uk</con:endpoint><con:request/><con:originalUri>https://rstapi.o2.co.uk/o2dtb/EAINotificationService/order</con:originalUri><con:credentials><con:username>testsupport_4321</con:username><con:password>t3st1ng</con:password><con:authType>No Authorization</con:authType></con:credentials><con:jmsConfig JMSDeliveryMode="PERSISTENT"/><con:jmsPropertyConfig/><con:parameters/></con:restRequest></con:config></con:testStep><con:testStep type="restrequest" name="KANAForms" id="bd12e268-3a43-48c8-b4f5-5ed81bfc51ae"><con:settings/><con:config service="https://rstapi.o2.co.uk" resourcePath="/IQ/KANAForms/FRH" methodName="FRH" xsi:type="con:RestRequestStep" xmlns:xsi="http://www.w3.org/2001/XMLSchema-instance"><con:restRequest name="KANAForms" id="79ae3578-f942-40ff-a7c2-12607e8f3751" mediaType="application/json" sslKeystore="o2_testsupport_cert20190501.p12"><con:settings><con:setting id="com.eviware.soapui.impl.wsdl.WsdlRequest@request-headers">&lt;xml-fragment/></con:setting></con:settings><con:endpoint>https://rstapi.o2.co.uk</con:endpoint><con:request/><con:originalUri>https://rstapi.o2.co.uk/IQ/KANAForms/FRH</con:originalUri><con:credentials><con:username>testsupport_4321</con:username><con:password>t3st1ng</con:password><con:authType>No Authorization</con:authType></con:credentials><con:jmsConfig JMSDeliveryMode="PERSISTENT"/><con:jmsPropertyConfig/><con:parameters/></con:restRequest></con:config></con:testStep><con:testStep type="restrequest" name="auditlog" id="68f04274-4a6a-4a11-bd40-d1c779a80e3a"><con:settings/><con:config service="https://rstapi.o2.co.uk" resourcePath="/auditlog/api/audit/log" methodName="Log" xsi:type="con:RestRequestStep" xmlns:xsi="http://www.w3.org/2001/XMLSchema-instance"><con:restRequest name="auditlog" id="8a6db3b1-fb94-4bb7-a0db-a16a313729b4" mediaType="application/json" sslKeystore="o2_testsupport_cert20190501.p12"><con:settings><con:setting id="com.eviware.soapui.impl.wsdl.WsdlRequest@request-headers">&lt;xml-fragment/></con:setting></con:settings><con:endpoint>https://rstapi.o2.co.uk</con:endpoint><con:request/><con:originalUri>https://rstapi.o2.co.uk/auditlog/api/audit/log</con:originalUri><con:credentials><con:username>testsupport_4321</con:username><con:password>t3st1ng</con:password><con:authType>No Authorization</con:authType></con:credentials><con:jmsConfig JMSDeliveryMode="PERSISTENT"/><con:jmsPropertyConfig/><con:parameters/></con:restRequest></con:config></con:testStep><con:testStep type="restrequest" name="resources" id="ae142111-c0fc-460d-a102-46b6df9ee43d"><con:settings/><con:config service="https://rstapi.o2.co.uk" resourcePath="/resources/v1/customerprofile" methodName="Customerprofile" xsi:type="con:RestRequestStep" xmlns:xsi="http://www.w3.org/2001/XMLSchema-instance"><con:restRequest name="resources" id="98ea1d86-c235-49ea-9961-302f4dc08e5e" mediaType="application/json" sslKeystore="o2_testsupport_cert20190501.p12"><con:settings><con:setting id="com.eviware.soapui.impl.wsdl.WsdlRequest@request-headers">&lt;xml-fragment/></con:setting></con:settings><con:endpoint>https://rstapi.o2.co.uk</con:endpoint><con:request/><con:originalUri>https://rstapi.o2.co.uk/resources/v1/customerprofile</con:originalUri><con:credentials><con:username>testsupport_4321</con:username><con:password>t3st1ng</con:password><con:authType>No Authorization</con:authType></con:credentials><con:jmsConfig JMSDeliveryMode="PERSISTENT"/><con:jmsPropertyConfig/><con:parameters/></con:restRequest></con:config></con:testStep><con:testStep type="restrequest" name="ob-events" id="b1faf962-d6e6-4643-95b5-aedd6f028d3b"><con:settings/><con:config service="https://rstapi.o2.co.uk" resourcePath="/ob-events/v1" methodName="V1" xsi:type="con:RestRequestStep" xmlns:xsi="http://www.w3.org/2001/XMLSchema-instance"><con:restRequest name="ob-events" id="2bf44893-c355-4a82-a0a2-21513cf37f8a" mediaType="application/json" sslKeystore="o2_testsupport_cert20190501.p12"><con:settings><con:setting id="com.eviware.soapui.impl.wsdl.WsdlRequest@request-headers">&lt;xml-fragment/></con:setting></con:settings><con:endpoint>https://rstapi.o2.co.uk</con:endpoint><con:request/><con:originalUri>https://rstapi.o2.co.uk/ob-events/v1</con:originalUri><con:credentials><con:username>testsupport_4321</con:username><con:password>t3st1ng</con:password><con:authType>No Authorization</con:authType></con:credentials><con:jmsConfig JMSDeliveryMode="PERSISTENT"/><con:jmsPropertyConfig/><con:parameters/></con:restRequest></con:config></con:testStep><con:testStep type="restrequest" name="token" id="82e469bf-7087-4401-a98d-0cd76dbc19a6"><con:settings/><con:config service="https://rstapi.o2.co.uk" resourcePath="/token/token" methodName="Token" xsi:type="con:RestRequestStep" xmlns:xsi="http://www.w3.org/2001/XMLSchema-instance"><con:restRequest name="token" id="cc9546a4-e01c-41ac-8310-82cb37ae48bd" mediaType="application/json" sslKeystore="o2_testsupport_cert20190501.p12"><con:settings><con:setting id="com.eviware.soapui.impl.wsdl.WsdlRequest@request-headers">&lt;xml-fragment/></con:setting></con:settings><con:endpoint>https://rstapi.o2.co.uk</con:endpoint><con:request/><con:originalUri>https://rstapi.o2.co.uk/token/token</con:originalUri><con:credentials><con:username>testsupport_4321</con:username><con:password>t3st1ng</con:password><con:authType>No Authorization</con:authType></con:credentials><con:jmsConfig JMSDeliveryMode="PERSISTENT"/><con:jmsPropertyConfig/><con:parameters/></con:restRequest></con:config></con:testStep><con:properties/></con:testCase><con:properties/></con:testSuite><con:properties/><con:wssContainer><con:crypto><con:source>C:/Users/559528/Desktop/o2_testsupport_cert20190501.p12</con:source><con:password>t3st1ng</con:password><con:type>KEYSTORE</con:type></con:crypto></con:wssContainer><con:oAuth2ProfileContainer/><con:oAuth1ProfileContainer/><con:sensitiveInformation/></con:soapui-project>