<?xml version="1.0" encoding="UTF-8"?>
<con:soapui-project id="ee597a59-5ca2-4fef-b4f9-09e31ea96c73" activeEnvironment="Default" name="F-MPGW" resourceRoot="" soapui-version="5.3.0" abortOnError="false" runType="SEQUENTIAL" xmlns:con="http://eviware.com/soapui/config"><con:settings/><con:interface xsi:type="con:RestService" id="7f14ee0b-8e5c-42b2-ae0f-472fb5efdbd8" wadlVersion="http://wadl.dev.java.net/2009/02" name="https://localhost:4801" type="rest" xmlns:xsi="http://www.w3.org/2001/XMLSchema-instance"><con:settings/><con:definitionCache type="TEXT" rootPart=""/><con:endpoints><con:endpoint>https://localhost:4041</con:endpoint><con:endpoint>https://localhost:8343</con:endpoint><con:endpoint>https://localhost:8360</con:endpoint><con:endpoint>https://smip.ref.o2.co.uk:8543</con:endpoint></con:endpoints><con:resource name="CSRforSMKI" path="/commsHub/CSRforSMKI" id="848e632a-9d7c-4510-8d05-15e0f1f215d0"><con:settings/><con:parameters/><con:method name="CSRforSMKI" id="6b2c96b7-c61b-44bf-9cfe-0d61847eee90" method="POST"><con:settings/><con:parameters/><con:representation type="RESPONSE"><con:mediaType xsi:nil="true"/><con:status>0</con:status><con:params/><con:element>data</con:element></con:representation><con:representation type="FAULT"><con:mediaType>text/xml</con:mediaType><con:status>400 500</con:status><con:params/></con:representation><con:representation type="RESPONSE"><con:mediaType>text/xml</con:mediaType><con:status>200</con:status><con:params/><con:element>DeviceCertificateSigningResponse</con:element></con:representation><con:representation type="RESPONSE"><con:mediaType xsi:nil="true"/><con:status>0</con:status><con:params/><con:element>data</con:element></con:representation><con:representation type="RESPONSE"><con:mediaType>text/html</con:mediaType><con:status>200</con:status><con:params/><con:element>DeviceCertificateSigningResponse</con:element></con:representation><con:representation type="RESPONSE"><con:mediaType>application/json</con:mediaType><con:status>200</con:status><con:params/></con:representation><con:representation type="RESPONSE"><con:mediaType>application/xml</con:mediaType><con:status>200</con:status><con:params/><con:element>DeviceCertificateSigningResponse</con:element></con:representation><con:representation type="RESPONSE"><con:mediaType xsi:nil="true"/><con:status>0</con:status><con:params/><con:element>data</con:element></con:representation><con:representation type="RESPONSE"><con:mediaType xsi:nil="true"/><con:status>0</con:status><con:params/><con:element>data</con:element></con:representation><con:representation type="FAULT"><con:mediaType>application/xml</con:mediaType><con:status>500 400</con:status><con:params/><con:element>deviceCertificateSigningResponse</con:element></con:representation><con:representation type="RESPONSE"><con:mediaType xsi:nil="true"/><con:status>0</con:status><con:params/><con:element>data</con:element></con:representation><con:representation type="RESPONSE"><con:mediaType xsi:nil="true"/><con:status>0</con:status><con:params/><con:element>data</con:element></con:representation><con:representation type="RESPONSE"><con:mediaType xsi:nil="true"/><con:status>0</con:status><con:params/><con:element>data</con:element></con:representation><con:representation type="RESPONSE"><con:mediaType xsi:nil="true"/><con:status>0</con:status><con:params/><con:element>data</con:element></con:representation><con:representation type="RESPONSE"><con:mediaType xsi:nil="true"/><con:status>0</con:status><con:params/><con:element>data</con:element></con:representation><con:representation type="RESPONSE"><con:mediaType xsi:nil="true"/><con:status>0</con:status><con:params/><con:element>data</con:element></con:representation><con:representation type="RESPONSE"><con:mediaType xsi:nil="true"/><con:status>0</con:status><con:params/><con:element>data</con:element></con:representation><con:representation type="RESPONSE"><con:mediaType xsi:nil="true"/><con:status>0</con:status><con:params/><con:element>data</con:element></con:representation><con:representation type="RESPONSE"><con:mediaType xsi:nil="true"/><con:status>0</con:status><con:params/><con:element>data</con:element></con:representation><con:representation type="RESPONSE"><con:mediaType xsi:nil="true"/><con:status>0</con:status><con:params/><con:element>data</con:element></con:representation><con:representation type="RESPONSE"><con:mediaType xsi:nil="true"/><con:status>0</con:status><con:params/><con:element>data</con:element></con:representation><con:representation type="RESPONSE"><con:mediaType xsi:nil="true"/><con:status>0</con:status><con:params/><con:element>data</con:element></con:representation><con:representation type="FAULT"><con:mediaType>application/json</con:mediaType><con:status>400</con:status><con:params/></con:representation><con:representation type="FAULT"><con:mediaType>jksbjkgbk</con:mediaType><con:status>400</con:status><con:params/><con:element>data</con:element></con:representation><con:representation type="FAULT"><con:mediaType>jksbjkgbkxml</con:mediaType><con:status>400</con:status><con:params/></con:representation><con:representation type="FAULT"><con:mediaType>bjkbsjkdbg</con:mediaType><con:status>400</con:status><con:params/><con:element>data</con:element></con:representation><con:representation type="FAULT"><con:mediaType>bjkbsjkdbgxml</con:mediaType><con:status>400</con:status><con:params/><con:element>ErrorResponse</con:element></con:representation><con:representation type="FAULT"><con:mediaType>bjkbsjkdbgxmxml</con:mediaType><con:status>400</con:status><con:params/><con:element>ErrorResponse</con:element></con:representation><con:representation type="FAULT"><con:mediaType>bjkbsjkdbgxmxm</con:mediaType><con:status>400</con:status><con:params/><con:element>data</con:element></con:representation><con:representation type="RESPONSE"><con:mediaType xsi:nil="true"/><con:status>0</con:status><con:params/><con:element>data</con:element></con:representation><con:representation type="RESPONSE"><con:mediaType xsi:nil="true"/><con:status>0</con:status><con:params/><con:element>data</con:element></con:representation><con:representation type="RESPONSE"><con:mediaType xsi:nil="true"/><con:status>0</con:status><con:params/><con:element>data</con:element></con:representation><con:representation type="FAULT"><con:mediaType>text/html</con:mediaType><con:status>403</con:status><con:params/><con:element>html</con:element></con:representation><con:representation type="RESPONSE"><con:mediaType xsi:nil="true"/><con:status>0</con:status><con:params/><con:element>data</con:element></con:representation><con:representation type="RESPONSE"><con:mediaType xsi:nil="true"/><con:status>0</con:status><con:params/><con:element>data</con:element></con:representation><con:representation type="RESPONSE"><con:mediaType xsi:nil="true"/><con:status>0</con:status><con:params/><con:element>data</con:element></con:representation><con:representation type="RESPONSE"><con:mediaType xsi:nil="true"/><con:status>0</con:status><con:params/><con:element>data</con:element></con:representation><con:representation type="RESPONSE"><con:mediaType xsi:nil="true"/><con:status>0</con:status><con:params/><con:element>data</con:element></con:representation><con:representation type="RESPONSE"><con:mediaType xsi:nil="true"/><con:status>0</con:status><con:params/><con:element>data</con:element></con:representation><con:representation type="RESPONSE"><con:mediaType xsi:nil="true"/><con:status>0</con:status><con:params/><con:element>data</con:element></con:representation><con:request name="Request 1" id="a9fafee9-6c68-40ed-af58-79bdcd671f9b" mediaType="application/xml" postQueryString="false" sslKeystore="soapui_client_internal.pkcs12"><con:settings><con:setting id="com.eviware.soapui.impl.wsdl.WsdlRequest@request-headers">&lt;xml-fragment xmlns:con="http://eviware.com/soapui/config">
  &lt;con:entry key="content-type" value="application/xml"/>
  &lt;con:entry key="consumer-transaction-id" value="123"/>
&lt;/xml-fragment></con:setting></con:settings><con:endpoint>https://localhost:6200</con:endpoint><con:request><![CDATA[ <DeviceCertificateSigningRequest ID="clientId1">
 <Version>1.0</Version>        
 <CertificateSigningRequest>MIIBDTCBtAIBADAAMFkwEwYHKoZIzj0CAQYIKoZIzj0DAQcDQgAEzg8s5FYCzGvCzb3hC4KAiNOfBKHmBBhqOIEI+Wn0mrWNu1exXBzPx6Vjy2rOP7aTxWSVSSnUXkv8s5cLwYOsHqBSMFAGCSqGSIb3IACy52PPLM8E47WpP9bF0QHhtMdD+SNHXESeEHULdtQN</CertificateSigningRequest>
</DeviceCertificateSigningRequest>
]]></con:request><con:originalUri>https://localhost/commsHub/CSRforSMKI</con:originalUri><con:credentials><con:authType>No Authorization</con:authType></con:credentials><con:jmsConfig JMSDeliveryMode="PERSISTENT"/><con:jmsPropertyConfig/><con:parameters/></con:request></con:method></con:resource><con:resource name="certificateSearch" path="/commsHub/certificateSearch" id="f1090840-8346-44f6-ad38-6338d192705f"><con:settings/><con:parameters><con:parameter><con:name>apikey</con:name><con:value/><con:style>QUERY</con:style><con:default/><con:description xsi:nil="true"/></con:parameter></con:parameters><con:method name="CertificateSearch" id="de7e9905-cd65-4b17-9661-6aec11fb7d96" method="POST"><con:settings/><con:parameters/><con:request name="Request 1" id="6a114f05-9d38-4fec-be36-4baedae1f7d3" mediaType="application/xml" postQueryString="false"><con:settings><con:setting id="com.eviware.soapui.impl.wsdl.WsdlRequest@request-headers">&lt;xml-fragment xmlns:con="http://eviware.com/soapui/config">
  &lt;con:entry key="content-type" value="application/xml"/>
  &lt;con:entry key="consumer-transaction-id" value="135435"/>
&lt;/xml-fragment></con:setting></con:settings><con:endpoint>https://localhost:4041</con:endpoint><con:request><![CDATA[<CertificateSearchRequest>
  <CertificateSubjectAltName>01-02-03-04-05-06-07-08</CertificateSubjectAltName>
  <PubDateRangeStart>2014-01-01</PubDateRangeStart>
  <PubDateRangeEnd>2018-01-01</PubDateRangeEnd>
</CertificateSearchRequest>]]></con:request><con:credentials><con:authType>No Authorization</con:authType></con:credentials><con:jmsConfig JMSDeliveryMode="PERSISTENT"/><con:jmsPropertyConfig/><con:parameters><entry key="apikey" value="u3bg9gt38htd0j2" xmlns="http://eviware.com/soapui/config"/></con:parameters><con:parameterOrder><con:entry>apikey</con:entry></con:parameterOrder></con:request></con:method></con:resource><con:resource name="commsHubDeliveryStatusUpdate" path="/commsHub/commsHubDeliveryStatusUpdate" id="9d988ed8-3e62-46e6-a87b-123f8cf9f9ca"><con:settings/><con:parameters/><con:method name="CommsHubDeliveryStatusUpdate" id="0adf7933-273b-4dac-a782-74ea12896b95" method="POST"><con:settings/><con:parameters/><con:representation type="RESPONSE"><con:mediaType xsi:nil="true"/><con:status>0</con:status><con:params/><con:element>data</con:element></con:representation><con:representation type="RESPONSE"><con:mediaType xsi:nil="true"/><con:status>0</con:status><con:params/><con:element>data</con:element></con:representation><con:representation type="FAULT"><con:mediaType>application/json</con:mediaType><con:status>500 400</con:status><con:params/><con:element xmlns:com="https://localhost/commsHub/commsHubDeliveryStatusUpdate">com:Fault</con:element></con:representation><con:representation type="RESPONSE"><con:mediaType>application/json</con:mediaType><con:status>200</con:status><con:params/><con:element xmlns:com="https://localhost/commsHub/commsHubDeliveryStatusUpdate">com:Response</con:element></con:representation><con:representation type="RESPONSE"><con:mediaType xsi:nil="true"/><con:status>0</con:status><con:params/><con:element>data</con:element></con:representation><con:representation type="RESPONSE"><con:mediaType xsi:nil="true"/><con:status>0</con:status><con:params/><con:element>data</con:element></con:representation><con:representation type="RESPONSE"><con:mediaType xsi:nil="true"/><con:status>0</con:status><con:params/><con:element>data</con:element></con:representation><con:representation type="RESPONSE"><con:mediaType xsi:nil="true"/><con:status>0</con:status><con:params/><con:element>data</con:element></con:representation><con:representation type="RESPONSE"><con:mediaType xsi:nil="true"/><con:status>0</con:status><con:params/><con:element>data</con:element></con:representation><con:request name="Request 1" id="bdbc4f3f-0b9d-4bf4-9b90-ae36c06769c1" mediaType="application/json" postQueryString="false"><con:settings><con:setting id="com.eviware.soapui.impl.wsdl.WsdlRequest@request-headers">&lt;xml-fragment xmlns:con="http://eviware.com/soapui/config">
  &lt;con:entry key="content-type" value="application/json"/>
  &lt;con:entry key="consumer-transaction-id" value="1234567890"/>
&lt;/xml-fragment></con:setting></con:settings><con:endpoint>https://localhost:4041</con:endpoint><con:request>
                        {
                        "commsHubDeliveryStatusUpdateRequest": {
                        "requestId": "123e4567-e89b-12d3-a456-426655440000",
                        "commsHubs": [
                        {
                        "commsHubId": "99-00-AA-BB-CC-DD-EE-FF",
                        "logisticsStatus": "DELIVERED",
                        "deliveryMonth": "05",
                        "actualDeliveryDate": "2017-05-10"
                        },
                        {
                        "commsHubId": "99-00-AA-BB-CC-DD-EE-11",
                        "logisticsStatus": "SHIPPED",
                        "deliveryMonth": "05",
                        "actualDeliveryDate": "2017-05-10"
                        }
                        ]
                        }
                        } 
                    </con:request><con:credentials><con:authType>No Authorization</con:authType></con:credentials><con:jmsConfig JMSDeliveryMode="PERSISTENT"/><con:jmsPropertyConfig/><con:parameters/></con:request></con:method></con:resource><con:resource name="commsHubDiagnostic" path="/commsHub/commsHubDiagnostic" id="5ebbad79-5950-4569-ad97-e7a7314f54cf"><con:settings/><con:parameters/><con:method name="CommsHubDiagnostic" id="09ca592a-2246-4659-b74d-f62180294453" method="POST"><con:settings/><con:parameters/><con:representation type="FAULT"><con:mediaType>application/json</con:mediaType><con:status>400</con:status><con:params/><con:element xmlns:com="https://localhost/commsHub/commsHubDiagnostic">com:Fault</con:element></con:representation><con:request name="Request 1" id="4cfa7f81-7801-4e0e-b319-504c5507b684" mediaType="application/json" postQueryString="false"><con:settings><con:setting id="com.eviware.soapui.impl.wsdl.WsdlRequest@request-headers">&lt;xml-fragment xmlns:con="http://eviware.com/soapui/config">
  &lt;con:entry key="content-type" value="application/json"/>
  &lt;con:entry key="consumer-transaction-id" value="1244235"/>
&lt;/xml-fragment></con:setting></con:settings><con:endpoint>https://localhost:4041</con:endpoint><con:request>{"commsHubDiagnosticRequest": {
    "requestId": "C2F440A248C84B919124DD8CCEBF8883",
    "commsHubId": "85-03-E9-E5-7F-60-72-73"
}}
</con:request><con:credentials><con:authType>No Authorization</con:authType></con:credentials><con:jmsConfig JMSDeliveryMode="PERSISTENT"/><con:jmsPropertyConfig/><con:parameters/></con:request></con:method></con:resource><con:resource name="commsHubNotification" path="/commsHub/commsHubNotification" id="251dc062-9d6e-415c-a353-230a72b671c8"><con:settings/><con:parameters/><con:method name="CommsHubNotification" id="019d7f8a-a05b-4912-9aff-f7d920eae4b3" method="POST"><con:settings/><con:parameters/><con:representation type="RESPONSE"><con:mediaType>application/json</con:mediaType><con:status>200</con:status><con:params/><con:element xmlns:com="https://localhost/commsHub/commsHubNotification">com:Response</con:element></con:representation><con:representation type="FAULT"><con:mediaType>application/json</con:mediaType><con:status>500 400</con:status><con:params/><con:element xmlns:com="https://localhost/commsHub/commsHubNotification">com:Fault</con:element></con:representation><con:representation type="RESPONSE"><con:mediaType xsi:nil="true"/><con:status>0</con:status><con:params/><con:element>data</con:element></con:representation><con:request name="Request 1" id="308867cb-b592-4630-8501-9eee794dd61f" mediaType="application/json" postQueryString="false" sslKeystore="smip-testsupport.pkcs12"><con:settings><con:setting id="com.eviware.soapui.impl.wsdl.WsdlRequest@request-headers">&lt;xml-fragment xmlns:con="http://eviware.com/soapui/config">
  &lt;con:entry key="content-type" value="application/json"/>
  &lt;con:entry key="consumer-transaction-id" value="123456789"/>
&lt;/xml-fragment></con:setting></con:settings><con:encoding/><con:endpoint>https://localhost:8360</con:endpoint><con:request>{
	"commsHubNotificationRequest": {
		"requestId": "123e4567-e89b-12d3-a456-426655440000",
		"id": "88-73-84-01-00-02-48-1B"
	}
}
</con:request><con:originalUri>https://smip.o2.co.uk/commsHub/commsHubNotification</con:originalUri><con:credentials><con:authType>No Authorization</con:authType></con:credentials><con:jmsConfig JMSDeliveryMode="PERSISTENT"/><con:jmsPropertyConfig/><con:parameters/></con:request></con:method></con:resource><con:resource name="commsHubPreNotification" path="/commsHub/commsHubPreNotification" id="ba1b7bb3-29c7-4db9-8338-493f5ecd2708"><con:settings/><con:parameters/><con:method name="CommsHubPreNotification" id="90c57929-c27d-4b52-898b-2e9ec0295d07" method="POST"><con:settings/><con:parameters/><con:representation type="RESPONSE"><con:mediaType>application/json</con:mediaType><con:status>200</con:status><con:params/><con:element xmlns:com="https://localhost/commsHub/commsHubPreNotification">com:Response</con:element></con:representation><con:representation type="FAULT"><con:mediaType>application/json</con:mediaType><con:status>500 400</con:status><con:params/><con:element xmlns:com="https://localhost/commsHub/commsHubPreNotification">com:Fault</con:element></con:representation><con:request name="Request 1" id="b24b3a55-f355-4294-9e36-526697d31414" mediaType="application/json" postQueryString="false"><con:settings><con:setting id="com.eviware.soapui.impl.wsdl.WsdlRequest@request-headers">&lt;xml-fragment xmlns:con="http://eviware.com/soapui/config">
  &lt;con:entry key="content-type" value="application/json"/>
  &lt;con:entry key="consumer-transaction-id" value="1234567890"/>
&lt;/xml-fragment></con:setting></con:settings><con:endpoint>https://localhost:4041</con:endpoint><con:request>{
"commsHubCreationRequest": {
    "requestId": "123e4567-e89b-12d3-a456-426655440000",
    "commsHubs": [
        {
        "commsHubId": "99-00-AA-BB-CC-DD-EE-FF",
        "gpfId": "99-01-A1-B1-CC-DD-EE-FF",
        "serviceUserReference": "05-06-A7-B8-CC-DD-EE-FF",
        "logisticsStatus": "DELIVERED",
        "deviceType": "CHF",
        "firmwareVersion": "1100EEFF",
        "manufacturer": "AB02",
        "manufactureDate": "2016-01-10",
        "commsHubVariant": "Variant1",
        "commsHubModel": "D7A50E04"
        }
    ]
    }
}
</con:request><con:credentials><con:authType>No Authorization</con:authType></con:credentials><con:jmsConfig JMSDeliveryMode="PERSISTENT"/><con:jmsPropertyConfig/><con:parameters/></con:request></con:method></con:resource><con:resource name="commsHubStatus" path="/commsHub/commsHubStatus" id="ced58d9b-9a89-417b-9b6c-7275142ebfaa"><con:settings/><con:parameters/><con:method name="CommsHubStatus" id="8a806adb-4380-4907-9ac1-d7a4347d87f2" method="POST"><con:settings/><con:parameters/><con:representation type="RESPONSE"><con:mediaType xsi:nil="true"/><con:status>0</con:status><con:params/><con:element>data</con:element></con:representation><con:representation type="FAULT"><con:mediaType>application/json</con:mediaType><con:status>400</con:status><con:params/><con:element xmlns:com="https://localhost/commsHub/commsHubStatus">com:Fault</con:element></con:representation><con:request name="Request 1" id="770c134e-5833-4ff0-aee7-a5530f66b1ef" mediaType="application/json" postQueryString="false"><con:settings><con:setting id="com.eviware.soapui.impl.wsdl.WsdlRequest@request-headers">&lt;xml-fragment xmlns:con="http://eviware.com/soapui/config">
  &lt;con:entry key="content-type" value="application/json"/>
  &lt;con:entry key="consumer-transaction-id" value="123456789"/>
&lt;/xml-fragment></con:setting></con:settings><con:endpoint>https://localhost:4041</con:endpoint><con:request>
{
	"commsHubStatusRequest": {
		"requestId": "C2F440A248C84B919124DD8CCEBF8883",
		"commsHubId": "85-03-E9-E5-7F-60-72-73"
	}
}
</con:request><con:credentials><con:authType>No Authorization</con:authType></con:credentials><con:jmsConfig JMSDeliveryMode="PERSISTENT"/><con:jmsPropertyConfig/><con:parameters/></con:request></con:method></con:resource><con:resource name="active" path="/commsHub/pauseResumeDMMOperation/api2/external/v3/dmm/54b64a37fc26b213702c1e08/job-single-operation/23f79ae5-3802-423c-a2ef-0cc3dddf1a1a/request/active" id="50448b43-ea6a-4e73-81c7-b413f48f71ae"><con:settings/><con:parameters/><con:method name="Active" id="32ca47fd-3477-4799-8a85-32010f6a3dc2" method="PUT"><con:settings/><con:parameters/><con:representation type="FAULT"><con:mediaType>application/json</con:mediaType><con:status>401</con:status><con:params/><con:element xmlns:act="https://localhost/commsHub/pauseResumeDMMOperation/api2/external/v3/dmm/54b64a37fc26b213702c1e08/job-single-operation/23f79ae5-3802-423c-a2ef-0cc3dddf1a1a/request/active">act:Fault</con:element></con:representation><con:request name="Request 1" id="055abe5a-d8fa-4c34-93f4-06bea7bf5bdb" mediaType="application/json" postQueryString="false"><con:settings><con:setting id="com.eviware.soapui.impl.wsdl.WsdlRequest@request-headers">&lt;xml-fragment xmlns:con="http://eviware.com/soapui/config">
  &lt;con:entry key="content-type" value="application/json"/>
  &lt;con:entry key="consumer-transaction-id" value="7894543"/>
&lt;/xml-fragment></con:setting></con:settings><con:endpoint>https://localhost:4041</con:endpoint><con:request>{"active": false}</con:request><con:credentials><con:authType>No Authorization</con:authType></con:credentials><con:jmsConfig JMSDeliveryMode="PERSISTENT"/><con:jmsPropertyConfig/><con:parameters/></con:request></con:method></con:resource><con:resource name="postcodeCoverage" path="/coverage/postcodeCoverage" id="4ecac72f-d961-4e90-bbcf-962e8ad11970"><con:settings/><con:parameters/><con:method name="PostcodeCoverage" id="b39e25ed-56b1-4c11-93f4-efccb7cec048" method="POST"><con:settings/><con:parameters/><con:representation type="FAULT"><con:mediaType>application/json</con:mediaType><con:status>400</con:status><con:params/><con:element xmlns:pos="https://localhost/coverage/postcodeCoverage">pos:Fault</con:element></con:representation><con:representation type="RESPONSE"><con:mediaType xsi:nil="true"/><con:status>0</con:status><con:params/><con:element>data</con:element></con:representation><con:request name="Request 1" id="3fa6122c-72cf-4b6c-8176-f7a7d6d228ee" mediaType="application/json" postQueryString="false"><con:settings><con:setting id="com.eviware.soapui.impl.wsdl.WsdlRequest@request-headers">&lt;xml-fragment xmlns:con="http://eviware.com/soapui/config">
  &lt;con:entry key="content-type" value="application/json"/>
  &lt;con:entry key="consumer-transaction-id" value="123456789"/>
&lt;/xml-fragment></con:setting></con:settings><con:endpoint>https://localhost:4041</con:endpoint><con:request>{
	"postcodeCoverageRequest": {
		"requestId": "123e4567-e89b-12d3-a456-426655440000",
		"postcode": "KT22 7AL"
	}
}
</con:request><con:credentials><con:authType>No Authorization</con:authType></con:credentials><con:jmsConfig JMSDeliveryMode="PERSISTENT"/><con:jmsPropertyConfig/><con:parameters/></con:request></con:method></con:resource><con:resource name="powerAlert" path="/commsHub/powerAlert" id="78ff18f8-bdbc-44f9-8481-cf8047f6bea4"><con:settings/><con:parameters/><con:method name="PowerAlert" id="c7553b7f-a0d1-42d4-8333-81303fabddf2" method="POST"><con:settings/><con:parameters/><con:representation type="FAULT"><con:mediaType>application/json</con:mediaType><con:status>400 500</con:status><con:params/><con:element xmlns:pow="https://localhost/commsHub/powerAlert">pow:Fault</con:element></con:representation><con:representation type="RESPONSE"><con:mediaType>application/json</con:mediaType><con:status>200</con:status><con:params/><con:element xmlns:pow="https://localhost/commsHub/powerAlert">pow:Response</con:element></con:representation><con:request name="Request 1" id="b6c57b1c-36c6-4a16-9e49-8847ff502ffd" mediaType="application/json" postQueryString="false"><con:settings><con:setting id="com.eviware.soapui.impl.wsdl.WsdlRequest@request-headers">&lt;xml-fragment xmlns:con="http://eviware.com/soapui/config">
  &lt;con:entry key="content-type" value="application/json"/>
  &lt;con:entry key="consumer-transaction-id" value="123"/>
&lt;/xml-fragment></con:setting></con:settings><con:endpoint>https://localhost:4041</con:endpoint><con:request>{
	"powerAlert": {
		"responseId": " 57BAF0D0149445939962105A4BB3EF93",
		"commsHubId": " C9-F8-3F-DB-B7-63-41-B9",
		"timestamp": "20150101122543.547",
		"alarmType": "RESTORE",
		"outageDuration": 37562
	}
}
</con:request><con:credentials><con:authType>No Authorization</con:authType></con:credentials><con:jmsConfig JMSDeliveryMode="PERSISTENT"/><con:jmsPropertyConfig/><con:parameters/></con:request></con:method></con:resource><con:resource name="retrieveCertificate" path="/commsHub/retrieveCertificate/" id="d4dce70d-b160-4833-bb64-1f4aef6040ec"><con:settings/><con:parameters><con:parameter><con:name>apikey</con:name><con:value/><con:style>QUERY</con:style><con:default/><con:description xsi:nil="true"/></con:parameter></con:parameters><con:method name="RetrieveCertificate" id="61e1cebd-47f0-4a21-86cf-71c0741d25ad" method="POST"><con:settings/><con:parameters/><con:request name="Request 1" id="f6f1b197-2122-4b49-9fa7-dd527b8c0079" mediaType="application/xml" postQueryString="false"><con:settings><con:setting id="com.eviware.soapui.impl.wsdl.WsdlRequest@request-headers">&lt;xml-fragment xmlns:con="http://eviware.com/soapui/config">
  &lt;con:entry key="content-type" value="application/xml"/>
  &lt;con:entry key="consumer-transaction-id" value="123124"/>
&lt;/xml-fragment></con:setting></con:settings><con:endpoint>https://localhost:4041</con:endpoint><con:request>&lt;CertificateDataRequest>
  &lt;CertificateSerial>00926EAABE07B701DF&lt;/CertificateSerial>
&lt;/CertificateDataRequest></con:request><con:credentials><con:authType>No Authorization</con:authType></con:credentials><con:jmsConfig JMSDeliveryMode="PERSISTENT"/><con:jmsPropertyConfig/><con:parameters><entry key="apikey" value="u3bg9gt38htd0j2dfghdf" xmlns="http://eviware.com/soapui/config"/></con:parameters><con:parameterOrder><con:entry>apikey</con:entry></con:parameterOrder></con:request></con:method></con:resource><con:resource name="commsHubCommandLocalDelivery" path="/testcommsHub/commsHubCommandLocalDelivery" id="28341124-8b48-445e-a529-e71f67db736b"><con:settings/><con:parameters/><con:method name="CommsHubCommandLocalDelivery" id="cca2caf9-36ea-413c-8372-f1d51b2d5844" method="POST"><con:settings/><con:parameters/><con:representation type="RESPONSE"><con:mediaType>application/xml</con:mediaType><con:status>200</con:status><con:params/><con:element xmlns:csp="http://www.dccinterface.co.uk/CSPManagement">csp:Response</con:element></con:representation><con:representation type="FAULT"><con:mediaType>application/xml</con:mediaType><con:status>500</con:status><con:params/><con:element xmlns:csp="http://www.dccinterface.co.uk/CSPManagement">csp:Response</con:element></con:representation><con:request name="Request 1" id="6fb8d847-18da-40b5-91c9-67b7e14a212a" mediaType="application/json" postQueryString="false"><con:settings><con:setting id="com.eviware.soapui.impl.wsdl.WsdlRequest@request-headers">&lt;xml-fragment xmlns:con="http://eviware.com/soapui/config">
  &lt;con:entry key="content-type" value="Application/xml"/>
  &lt;con:entry key="consumer-transaction-id" value="54411845"/>
&lt;/xml-fragment></con:setting></con:settings><con:endpoint>https://localhost:4041</con:endpoint><con:request><![CDATA[<Request xmlns="http://www.dccinterface.co.uk/CSPManagement" xmlns:ds="http://www.w3.org/2000/09/xmldsig#" xmlns:xsi="http://www.w3.org/2001/XMLSchema-instance" schemaVersion="1">
	<Header>
		<RequestID>00-00-00-00-00-00-00-00:00-00-00-00-00-00-00-00:0</RequestID>
		<CommandVariant>6</CommandVariant>
		<ServiceReference>100.1</ServiceReference>
		<ServiceReferenceVariant>100.1.2</ServiceReferenceVariant>
	</Header>
	<Body>
		<SignedPreCommand>
			<GBCSPayload>UjBsR09EbGhjZ0dTQUxNQUFBUUNBRU1tQ1p0dU1GUXhEUzhi</GBCSPayload>
		</SignedPreCommand>
	</Body>
	<ds:Signature>
		<ds:SignedInfo>
			<ds:CanonicalizationMethod Algorithm="http://www.altova.com/"/>
			<ds:SignatureMethod Algorithm="http://www.altova.com/"/>
			<ds:Reference>
				<ds:DigestMethod Algorithm="http://www.altova.com/"/>
				<ds:DigestValue>UjBsR09EbGhjZ0dTQUxNQUFBUUNBRU1tQ1p0dU1GUXhEUzhi</ds:DigestValue>
			</ds:Reference>
		</ds:SignedInfo>
		<ds:SignatureValue>UjBsR09EbGhjZ0dTQUxNQUFBUUNBRU1tQ1p0dU1GUXhEUzhi</ds:SignatureValue>
	</ds:Signature>
</Request>
]]></con:request><con:credentials><con:authType>No Authorization</con:authType></con:credentials><con:jmsConfig JMSDeliveryMode="PERSISTENT"/><con:jmsPropertyConfig/><con:parameters/></con:request></con:method></con:resource><con:resource name="commsHubDeliveryStatusUpdate" path="/testcommsHub/commsHubDeliveryStatusUpdate" id="2aa2b57f-1d9f-46a7-9c4b-955ce78aed12"><con:settings/><con:parameters/><con:method name="Method 1" id="2054969f-91f6-4b08-9ec2-f09e581e27ea" method="POST"><con:settings/><con:parameters/><con:representation type="FAULT"><con:mediaType>application/json</con:mediaType><con:status>400 500</con:status><con:params/><con:element xmlns:com="https://localhost/testcommsHub/commsHubDeliveryStatusUpdate">com:Fault</con:element></con:representation><con:representation type="RESPONSE"><con:mediaType>application/json</con:mediaType><con:status>200</con:status><con:params/><con:element xmlns:com="https://localhost/testcommsHub/commsHubDeliveryStatusUpdate">com:Response</con:element></con:representation><con:request name="Request 1" id="6e815a89-7b77-484c-a05f-8a26921341cf" mediaType="application/json" postQueryString="false"><con:settings><con:setting id="com.eviware.soapui.impl.wsdl.WsdlRequest@request-headers">&lt;xml-fragment xmlns:con="http://eviware.com/soapui/config">
  &lt;con:entry key="content-type" value="application/json"/>
  &lt;con:entry key="consumer-transaction-id" value="1234567890"/>
&lt;/xml-fragment></con:setting></con:settings><con:endpoint>https://localhost:4041</con:endpoint><con:request>
                        {
                        "commsHubDeliveryStatusUpdateRequest": {
                        "requestId": "123e4567-e89b-12d3-a456-426655440000",
                        "commsHubs": [
                        {
                        "commsHubId": "99-00-AA-BB-CC-DD-EE-FF",
                        "logisticsStatus": "DELIVERED",
                        "deliveryMonth": "05",
                        "actualDeliveryDate": "2017-05-10"
                        },
                        {
                        "commsHubId": "99-00-AA-BB-CC-DD-EE-11",
                        "logisticsStatus": "SHIPPED",
                        "deliveryMonth": "05",
                        "actualDeliveryDate": "2017-05-10"
                        }
                        ]
                        }
                        } 
                    </con:request><con:credentials><con:authType>No Authorization</con:authType></con:credentials><con:jmsConfig JMSDeliveryMode="PERSISTENT"/><con:jmsPropertyConfig/><con:parameters/></con:request></con:method></con:resource><con:resource name="commsHubDiagnostic" path="/testcommsHub/commsHubDiagnostic" id="e497f397-3cb7-4966-9c54-554c532f5fde"><con:settings/><con:parameters/><con:method name="Method 1" id="b1bd2576-6483-40df-bc58-afad5c138c9a" method="POST"><con:settings/><con:parameters/><con:representation type="FAULT"><con:mediaType>application/json</con:mediaType><con:status>400</con:status><con:params/><con:element xmlns:com="https://localhost/testcommsHub/commsHubDiagnostic">com:Fault</con:element></con:representation><con:request name="Request 1" id="f823aab2-7571-4e4d-924b-aa37f53d00bd" mediaType="application/json" postQueryString="false"><con:settings><con:setting id="com.eviware.soapui.impl.wsdl.WsdlRequest@request-headers">&lt;xml-fragment xmlns:con="http://eviware.com/soapui/config">
  &lt;con:entry key="content-type" value="application/json"/>
  &lt;con:entry key="consumer-transaction-id" value="1244235"/>
&lt;/xml-fragment></con:setting></con:settings><con:endpoint>https://localhost:4041</con:endpoint><con:request>{"commsHubDiagnosticRequest": {
    "requestId": "C2F440A248C84B919124DD8CCEBF8883",
    "commsHubId": "85-03-E9-E5-7F-60-72-73"
}}
</con:request><con:credentials><con:authType>No Authorization</con:authType></con:credentials><con:jmsConfig JMSDeliveryMode="PERSISTENT"/><con:jmsPropertyConfig/><con:parameters/></con:request></con:method></con:resource><con:resource name="commsHubNotification" path="/testcommsHub/commsHubNotification" id="d9767961-bd22-4941-862f-2a82b8c660db"><con:settings/><con:parameters/><con:method name="Method 1" id="6e217be3-02bd-461e-a638-b241fe3fc4d4" method="POST"><con:settings/><con:parameters/><con:representation type="RESPONSE"><con:mediaType>application/json</con:mediaType><con:status>200</con:status><con:params/><con:element xmlns:com="https://localhost/testcommsHub/commsHubNotification">com:Response</con:element></con:representation><con:representation type="FAULT"><con:mediaType>application/json</con:mediaType><con:status>500 400</con:status><con:params/><con:element xmlns:com="https://localhost/testcommsHub/commsHubNotification">com:Fault</con:element></con:representation><con:request name="Request 1" id="b04e0fd7-7a8c-41b7-b85d-d3eb356e2d39" mediaType="application/json" postQueryString="false"><con:settings><con:setting id="com.eviware.soapui.impl.wsdl.WsdlRequest@request-headers">&lt;xml-fragment xmlns:con="http://eviware.com/soapui/config">
  &lt;con:entry key="content-type" value="application/json"/>
  &lt;con:entry key="consumer-transaction-id" value="123456789"/>
&lt;/xml-fragment></con:setting></con:settings><con:endpoint>https://localhost:4041</con:endpoint><con:request>{
	"commsHubNotificationRequest": {
		"requestId": "123e4567-e89b-12d3-a456-426655440000",
		"id": "2D-61-4C-5F-87-2D-48-91"
	}
}
</con:request><con:credentials><con:authType>No Authorization</con:authType></con:credentials><con:jmsConfig JMSDeliveryMode="PERSISTENT"/><con:jmsPropertyConfig/><con:parameters/></con:request></con:method></con:resource><con:resource name="commsHubPreNotification" path="/testcommsHub/commsHubPreNotification" id="10cb8488-a078-4f9e-aaf4-4aa125b09582"><con:settings/><con:parameters/><con:method name="Method 1" id="942d0adf-ed6a-4e4f-803a-5255b4cf8fea" method="POST"><con:settings/><con:parameters/><con:representation type="RESPONSE"><con:mediaType>application/json</con:mediaType><con:status>200</con:status><con:params/><con:element xmlns:com="https://localhost/testcommsHub/commsHubPreNotification">com:Response</con:element></con:representation><con:representation type="FAULT"><con:mediaType>application/json</con:mediaType><con:status>500 400</con:status><con:params/><con:element xmlns:com="https://localhost/testcommsHub/commsHubPreNotification">com:Fault</con:element></con:representation><con:request name="Request 1" id="c6c87198-d1bc-421c-97af-1bf9078f5f00" mediaType="application/json" postQueryString="false"><con:settings><con:setting id="com.eviware.soapui.impl.wsdl.WsdlRequest@request-headers">&lt;xml-fragment xmlns:con="http://eviware.com/soapui/config">
  &lt;con:entry key="content-type" value="application/json"/>
  &lt;con:entry key="consumer-transaction-id" value="1234567890"/>
&lt;/xml-fragment></con:setting></con:settings><con:endpoint>https://localhost:4041</con:endpoint><con:request>{
"commsHubCreationRequest": {
    "requestId": "123e4567-e89b-12d3-a456-426655440000",
    "commsHubs": [
        {
        "commsHubId": "99-00-AA-BB-CC-DD-EE-FF",
        "gpfId": "99-01-A1-B1-CC-DD-EE-FF",
        "serviceUserReference": "05-06-A7-B8-CC-DD-EE-FF",
        "logisticsStatus": "DELIVERED",
        "deviceType": "CHF",
        "firmwareVersion": "1100EEFF",
        "manufacturer": "AB02",
        "manufactureDate": "2016-01-10",
        "commsHubVariant": "Variant1",
        "commsHubModel": "D7A50E04"
        }
    ]
    }
}
</con:request><con:credentials><con:authType>No Authorization</con:authType></con:credentials><con:jmsConfig JMSDeliveryMode="PERSISTENT"/><con:jmsPropertyConfig/><con:parameters/></con:request></con:method></con:resource><con:resource name="234110005260144" path="/testcommsHub/manageCommsHubSM2MCore/subscriptions/234110005260144" id="57f2691d-83b9-48ae-8201-48e6b9c92fd7"><con:settings/><con:parameters/><con:method name="Method 1" id="753509b4-9e59-48eb-94ae-04bacafb6a03" method="POST"><con:settings/><con:parameters/><con:representation type="FAULT"><con:mediaType>application/json</con:mediaType><con:status>400</con:status><con:params/><con:element xmlns:ns="https://localhost/testcommsHub/manageCommsHubSM2MCore/subscriptions/234110005260144">ns:Fault</con:element></con:representation><con:request name="Request 1" id="22442ddc-e852-433f-885d-43fa8d4b9299" mediaType="application/json" postQueryString="false"><con:settings><con:setting id="com.eviware.soapui.impl.wsdl.WsdlRequest@request-headers">&lt;xml-fragment xmlns:con="http://eviware.com/soapui/config">
  &lt;con:entry key="content-type" value="application/json"/>
  &lt;con:entry key="consumer-transaction-id" value="123456789"/>
&lt;/xml-fragment></con:setting></con:settings><con:endpoint>https://localhost:4041</con:endpoint><con:request>{
  "apn1": "smip.o2uk", 
  "apn2": "", 
  "apn3": "", 
  "apn4": "", 
  "apn5": "", 
  "apn6": "", 
  "apn7": "", 
  "apn8": "", 
  "apn9": "", 
  "apn10": ""
}
</con:request><con:credentials><con:authType>No Authorization</con:authType></con:credentials><con:jmsConfig JMSDeliveryMode="PERSISTENT"/><con:jmsPropertyConfig/><con:parameters/></con:request></con:method></con:resource><con:resource name="commsHubCommandLocalDelivery" path="/commsHub/commsHubCommandLocalDelivery" id="3884dab2-dc1c-42b0-928c-0d4315c3db12"><con:settings/><con:parameters/><con:method name="Method 1" id="828ff1cf-a10e-4309-91f3-01c629e33c5f" method="POST"><con:settings/><con:parameters/><con:representation type="RESPONSE"><con:mediaType>application/xml</con:mediaType><con:status>200</con:status><con:params/><con:element xmlns:csp="http://www.dccinterface.co.uk/CSPManagement">csp:Response</con:element></con:representation><con:representation type="FAULT"><con:mediaType>application/xml</con:mediaType><con:status>500</con:status><con:params/><con:element xmlns:csp="http://www.dccinterface.co.uk/CSPManagement">csp:Response</con:element></con:representation><con:representation type="RESPONSE"><con:mediaType xsi:nil="true"/><con:status>0</con:status><con:params/><con:element>data</con:element></con:representation><con:request name="Request 1" id="9c232b58-7394-4c3c-9d88-52376700b1cb" mediaType="application/json" postQueryString="false"><con:settings><con:setting id="com.eviware.soapui.impl.wsdl.WsdlRequest@request-headers">&lt;xml-fragment xmlns:con="http://eviware.com/soapui/config">
  &lt;con:entry key="content-type" value="Application/xml"/>
  &lt;con:entry key="consumer-transaction-id" value="54411845"/>
&lt;/xml-fragment></con:setting></con:settings><con:endpoint>https://localhost:4041</con:endpoint><con:request><![CDATA[<Request xmlns="http://www.dccinterface.co.uk/CSPManagement" xmlns:ds="http://www.w3.org/2000/09/xmldsig#" xmlns:xsi="http://www.w3.org/2001/XMLSchema-instance" schemaVersion="1">
	<Header>
		<RequestID>00-00-00-00-00-00-00-00:00-00-00-00-00-00-00-00:0</RequestID>
		<CommandVariant>6</CommandVariant>
		<ServiceReference>100.1</ServiceReference>
		<ServiceReferenceVariant>100.1.2</ServiceReferenceVariant>
	</Header>
	<Body>
		<SignedPreCommand>
			<GBCSPayload>UjBsR09EbGhjZ0dTQUxNQUFBUUNBRU1tQ1p0dU1GUXhEUzhi</GBCSPayload>
		</SignedPreCommand>
	</Body>
	<ds:Signature>
		<ds:SignedInfo>
			<ds:CanonicalizationMethod Algorithm="http://www.altova.com/"/>
			<ds:SignatureMethod Algorithm="http://www.altova.com/"/>
			<ds:Reference>
				<ds:DigestMethod Algorithm="http://www.altova.com/"/>
				<ds:DigestValue>UjBsR09EbGhjZ0dTQUxNQUFBUUNBRU1tQ1p0dU1GUXhEUzhi</ds:DigestValue>
			</ds:Reference>
		</ds:SignedInfo>
		<ds:SignatureValue>UjBsR09EbGhjZ0dTQUxNQUFBUUNBRU1tQ1p0dU1GUXhEUzhi</ds:SignatureValue>
	</ds:Signature>
</Request>
]]></con:request><con:credentials><con:authType>No Authorization</con:authType></con:credentials><con:jmsConfig JMSDeliveryMode="PERSISTENT"/><con:jmsPropertyConfig/><con:parameters/></con:request></con:method></con:resource><con:resource name="234110005260144" path="/commsHub/manageCommsHubSM2MCore/subscriptions/234110005260144" id="c76f75af-852f-4ad0-8b9e-b2ea9e13ed84"><con:settings/><con:parameters/><con:method name="Method 1" id="6da05ac1-1b81-4bb2-bd39-9724c54b6024" method="POST"><con:settings/><con:parameters/><con:representation type="FAULT"><con:mediaType>application/json</con:mediaType><con:status>400</con:status><con:params/><con:element xmlns:ns="https://localhost/commsHub/manageCommsHubSM2MCore/subscriptions/234110005260144">ns:Fault</con:element></con:representation><con:representation type="RESPONSE"><con:mediaType>application/json</con:mediaType><con:status>200</con:status><con:params/><con:element xmlns:ns="https://localhost/commsHub/manageCommsHubSM2MCore/subscriptions/234110005260144">ns:Response</con:element></con:representation><con:request name="Request 1" id="7623a8cf-c547-4b2f-9f2d-ea14ebc5f962" mediaType="application/json" postQueryString="false"><con:settings><con:setting id="com.eviware.soapui.impl.wsdl.WsdlRequest@request-headers">&lt;xml-fragment xmlns:con="http://eviware.com/soapui/config">
  &lt;con:entry key="content-type" value="application/json"/>
  &lt;con:entry key="consumer-transaction-id" value="123456789"/>
&lt;/xml-fragment></con:setting></con:settings><con:endpoint>https://localhost:4041</con:endpoint><con:request>{
  "apn1": "smip.o2uk", 
  "apn2": "", 
  "apn3": "", 
  "apn4": "", 
  "apn5": "", 
  "apn6": "", 
  "apn7": "", 
  "apn8": "", 
  "apn9": "", 
  "apn10": ""
}
</con:request><con:credentials><con:authType>No Authorization</con:authType></con:credentials><con:jmsConfig JMSDeliveryMode="PERSISTENT"/><con:jmsPropertyConfig/><con:parameters/></con:request></con:method></con:resource><con:resource name="manageCommsHubSM2MDMM" path="/commsHub/manageCommsHubSM2MDMM" id="c9369bf5-597e-4f1f-8ac0-095f90b04f0c"><con:settings/><con:parameters/><con:method name="Method 1" id="9b4d1b5e-6913-404a-8969-f66045c4f035" method="DELETE"><con:settings/><con:parameters/><con:representation type="FAULT"><con:mediaType>application/json</con:mediaType><con:status>500</con:status><con:params/><con:element xmlns:man="https://localhost/commsHub/manageCommsHubSM2MDMM">man:Fault</con:element></con:representation><con:request name="Request 1" id="292bfd1c-10ea-48f4-80f6-cff9b33df131" mediaType="application/json" postQueryString="false"><con:settings><con:setting id="com.eviware.soapui.impl.wsdl.WsdlRequest@request-headers">&lt;xml-fragment xmlns:con="http://eviware.com/soapui/config">
  &lt;con:entry key="content-type" value="application/json"/>
  &lt;con:entry key="consumer-transaction-id" value="123456789"/>
&lt;/xml-fragment></con:setting></con:settings><con:endpoint>https://localhost:4041</con:endpoint><con:request>{
    "device": {
        "id": "device_id",
        "provision": {
            "specificType": "COMMSHUB",
            "type": "GATEWAY"
        }
    },
    "subscriptions": [{"provision": {
        "specificType": "MOBILE",
        "imsi": ["3434343434343434"]
    }}],
    "subscribers": [{"provision": {
        "specificType": "SIM",
        "icc": ["3434343434343434"]
    }}],
    "communicationsModules": [
        {"provision": {
            "specificType": "MOBILE",
            "imei": ["3434343434343434"]
        }},
        {"provision": {
            "specificType": "HAN",
            "macAddress": ["87:56:65:43:34:34:34"]
        }},
        {"provision": {
            "specificType": "MESH",
            "macAddress": ["87:56:65:43:34:34:34"]
        }}
    ]
}
</con:request><con:credentials><con:authType>No Authorization</con:authType></con:credentials><con:jmsConfig JMSDeliveryMode="PERSISTENT"/><con:jmsPropertyConfig/><con:parameters/></con:request></con:method></con:resource><con:resource name="powerAlert" path="/commsHub/powerAlert" id="f302c305-da8a-43b5-86b9-f4a436fc0951"><con:settings/><con:parameters/><con:method name="Method 1" id="88e81eb9-76e6-4baa-a27c-7cbf61e972a3" method="POST"><con:settings/><con:parameters/><con:representation type="FAULT"><con:mediaType>application/json</con:mediaType><con:status>400 500</con:status><con:params/><con:element xmlns:pow="https://localhost/commsHub/powerAlert">pow:Fault</con:element></con:representation><con:representation type="RESPONSE"><con:mediaType>application/json</con:mediaType><con:status>200</con:status><con:params/><con:element xmlns:pow="https://localhost/commsHub/powerAlert">pow:Response</con:element></con:representation><con:request name="Request 1" id="6c53da11-eed4-45fc-8e1a-aeb9f90eea0a" mediaType="application/json" postQueryString="false"><con:settings><con:setting id="com.eviware.soapui.impl.wsdl.WsdlRequest@request-headers">&lt;xml-fragment xmlns:con="http://eviware.com/soapui/config">
  &lt;con:entry key="content-type" value="application/json"/>
  &lt;con:entry key="consumer-transaction-id" value="123"/>
&lt;/xml-fragment></con:setting></con:settings><con:endpoint>https://localhost:4041</con:endpoint><con:request>{
	"powerAlert": {
		"responseId": " 57BAF0D0149445939962105A4BB3EF93",
		"commsHubId": " C9-F8-3F-DB-B7-63-41-B9",
		"timestamp": "20150101122543.547",
		"alarmType": "RESTORE",
		"outageDuration": 37562
	}
}
</con:request><con:credentials><con:authType>No Authorization</con:authType></con:credentials><con:jmsConfig JMSDeliveryMode="PERSISTENT"/><con:jmsPropertyConfig/><con:parameters/></con:request></con:method></con:resource></con:interface><con:testSuite id="6a7d4516-8b0a-406c-92a6-1095ae70fa87" name="F-TestSuite"><con:settings/><con:runType>SEQUENTIAL</con:runType><con:testCase id="5fa7abd1-9ae1-435f-a4c4-b634bf0749e8" failOnError="true" failTestCaseOnErrors="true" keepSession="false" maxResults="0" name="CSRforSMKI" searchProperties="true"><con:settings/><con:testStep type="restrequest" name="CSRforSMKI - Request 1" id="da547385-7eb1-47ef-a760-e055acf642e4"><con:settings/><con:config service="https://localhost:4801" resourcePath="/commsHub/CSRforSMKI" methodName="CSRforSMKI" xsi:type="con:RestRequestStep" xmlns:xsi="http://www.w3.org/2001/XMLSchema-instance"><con:restRequest name="CSRforSMKI - Request 1" id="bfe20f69-98c2-45cc-9c9e-6e77cb7ed8c6" mediaType="application/xml" postQueryString="false" sslKeystore="moorgate.pkcs12"><con:settings><con:setting id="com.eviware.soapui.impl.wsdl.WsdlRequest@request-headers">&lt;xml-fragment xmlns:con="http://eviware.com/soapui/config">
  &lt;con:entry key="content-type" value="application/xml"/>
  &lt;con:entry key="consumer-transaction-id" value="123"/>
&lt;/xml-fragment></con:setting></con:settings><con:endpoint>https://localhost:6300</con:endpoint><con:request><![CDATA[ <DeviceCertificateSigningRequest ID="clientId1">
 <Version>1.0</Version>        
 <CertificateSigningRequest>MIIBDTCBtAIBADAAMFkwEwYHKoZIzj0CAQYIKoZIzj0DAQcDQgAEzg8s5FYCzGvCzb3hC4KAiNOfBKHmBBhqOIEI+Wn0mrWNu1exXBzPx6Vjy2rOP7aTxWSVSSnUXkv8s5cLwYOsHqBSMFAGCSqGSIb3IACy52PPLM8E47WpP9bF0QHhtMdD+SNHXESeEHULdtQN</CertificateSigningRequest>
</DeviceCertificateSigningRequest>
]]></con:request><con:originalUri>https://localhost/commsHub/CSRforSMKI</con:originalUri><con:assertion type="Valid HTTP Status Codes" id="2da6207a-0337-4d81-9af7-13af05f3fe21" name="Valid HTTP Status Codes"><con:configuration><codes>200</codes></con:configuration></con:assertion><con:credentials><con:authType>No Authorization</con:authType></con:credentials><con:jmsConfig JMSDeliveryMode="PERSISTENT"/><con:jmsPropertyConfig/><con:parameters/></con:restRequest></con:config></con:testStep><con:properties/></con:testCase><con:testCase id="2e27ad07-d166-4fd2-9625-aeb6a5cbb2ad" failOnError="true" failTestCaseOnErrors="true" keepSession="false" maxResults="0" name="CertificateSearch" searchProperties="true"><con:settings/><con:testStep type="restrequest" name="CertificateSearch - Request 1" id="dc6ce732-7806-49b7-96e0-89ce9f8ef55c"><con:settings/><con:config service="https://localhost:4801" resourcePath="/commsHub/certificateSearch" methodName="CertificateSearch" xsi:type="con:RestRequestStep" xmlns:xsi="http://www.w3.org/2001/XMLSchema-instance"><con:restRequest name="CertificateSearch - Request 1" id="6a114f05-9d38-4fec-be36-4baedae1f7d3" mediaType="application/xml" postQueryString="false" sslKeystore="moorgate.pkcs12"><con:settings><con:setting id="com.eviware.soapui.impl.wsdl.WsdlRequest@request-headers">&lt;xml-fragment xmlns:con="http://eviware.com/soapui/config">
  &lt;con:entry key="content-type" value="application/xml"/>
  &lt;con:entry key="consumer-transaction-id" value="135435"/>
&lt;/xml-fragment></con:setting></con:settings><con:endpoint>https://localhost:6300</con:endpoint><con:request><![CDATA[<CertificateSearchRequest>
  <CertificateSubjectAltName>01-02-03-04-05-06-07-08</CertificateSubjectAltName>
  <PubDateRangeStart>2014-01-01</PubDateRangeStart>
  <PubDateRangeEnd>2018-01-01</PubDateRangeEnd>
</CertificateSearchRequest>]]></con:request><con:originalUri>https://localhost/commsHub/certificateSearch</con:originalUri><con:assertion type="Valid HTTP Status Codes" id="d494b935-c1bb-431d-ac46-a7ab899a73d9" name="Valid HTTP Status Codes"><con:configuration><codes>200</codes></con:configuration></con:assertion><con:credentials><con:authType>No Authorization</con:authType></con:credentials><con:jmsConfig JMSDeliveryMode="PERSISTENT"/><con:jmsPropertyConfig/><con:parameters><entry key="apikey" value="u3bg9gt38htd0j2" xmlns="http://eviware.com/soapui/config"/></con:parameters><con:parameterOrder><con:entry>apikey</con:entry></con:parameterOrder></con:restRequest></con:config></con:testStep><con:properties/></con:testCase><con:testCase id="faf92fa7-1100-4b2c-8cd4-56f41c818080" failOnError="true" failTestCaseOnErrors="true" keepSession="false" maxResults="0" name="CommsHubDeliveryStatusUpdate" searchProperties="true"><con:settings/><con:testStep type="restrequest" name="CommsHubDeliveryStatusUpdate - Request 1" id="3af73b87-e707-40ff-9c66-1ce73a51b4fc"><con:settings/><con:config service="https://localhost:4801" resourcePath="/commsHub/commsHubDeliveryStatusUpdate" methodName="CommsHubDeliveryStatusUpdate" xsi:type="con:RestRequestStep" xmlns:xsi="http://www.w3.org/2001/XMLSchema-instance"><con:restRequest name="CommsHubDeliveryStatusUpdate - Request 1" id="bdbc4f3f-0b9d-4bf4-9b90-ae36c06769c1" mediaType="application/json" postQueryString="false" sslKeystore="moorgate.pkcs12"><con:settings><con:setting id="com.eviware.soapui.impl.wsdl.WsdlRequest@request-headers">&lt;xml-fragment xmlns:con="http://eviware.com/soapui/config">
  &lt;con:entry key="content-type" value="application/json"/>
  &lt;con:entry key="consumer-transaction-id" value="1234567890"/>
&lt;/xml-fragment></con:setting></con:settings><con:endpoint>https://localhost:6300</con:endpoint><con:request>
                        {
                        "commsHubDeliveryStatusUpdateRequest": {
                        "requestId": "123e4567-e89b-12d3-a456-426655440000",
                        "commsHubs": [
                        {
                        "commsHubId": "99-00-AA-BB-CC-DD-EE-FF",
                        "logisticsStatus": "DELIVERED",
                        "deliveryMonth": "05",
                        "actualDeliveryDate": "2017-05-10"
                        },
                        {
                        "commsHubId": "99-00-AA-BB-CC-DD-EE-11",
                        "logisticsStatus": "SHIPPED",
                        "deliveryMonth": "05",
                        "actualDeliveryDate": "2017-05-10"
                        }
                        ]
                        }
                        } 
                    </con:request><con:originalUri>https://localhost/commsHub/commsHubDeliveryStatusUpdate</con:originalUri><con:assertion type="Valid HTTP Status Codes" id="ed23d56d-dbe5-4ba5-abd1-c5999161f642" name="Valid HTTP Status Codes"><con:configuration><codes>200</codes></con:configuration></con:assertion><con:credentials><con:authType>No Authorization</con:authType></con:credentials><con:jmsConfig JMSDeliveryMode="PERSISTENT"/><con:jmsPropertyConfig/><con:parameters/></con:restRequest></con:config></con:testStep><con:properties/></con:testCase><con:testCase id="29875d4a-ac72-48b8-8cbe-e9a681e1ee12" failOnError="true" failTestCaseOnErrors="true" keepSession="false" maxResults="0" name="CommsHubDiagnostic" searchProperties="true"><con:settings/><con:testStep type="restrequest" name="CommsHubDiagnostic - Request 1" id="bf47d37e-e830-4a04-9d9c-9a7cdfd0598f"><con:settings/><con:config service="https://localhost:4801" resourcePath="/commsHub/commsHubDiagnostic" methodName="CommsHubDiagnostic" xsi:type="con:RestRequestStep" xmlns:xsi="http://www.w3.org/2001/XMLSchema-instance"><con:restRequest name="CommsHubDiagnostic - Request 1" id="4cfa7f81-7801-4e0e-b319-504c5507b684" mediaType="application/json" postQueryString="false" sslKeystore="moorgate.pkcs12"><con:settings><con:setting id="com.eviware.soapui.impl.wsdl.WsdlRequest@request-headers">&lt;xml-fragment xmlns:con="http://eviware.com/soapui/config">
  &lt;con:entry key="content-type" value="application/json"/>
  &lt;con:entry key="consumer-transaction-id" value="1244235"/>
&lt;/xml-fragment></con:setting></con:settings><con:endpoint>https://localhost:6300</con:endpoint><con:request>{"commsHubDiagnosticRequest": {
    "requestId": "C2F440A248C84B919124DD8CCEBF8883",
    "commsHubId": "85-03-E9-E5-7F-60-72-73"
}}
</con:request><con:originalUri>https://localhost/commsHub/commsHubDiagnostic</con:originalUri><con:assertion type="Valid HTTP Status Codes" id="0def43b2-96ad-43a7-8d0d-bff9a900ee67" name="Valid HTTP Status Codes"><con:configuration><codes>200</codes></con:configuration></con:assertion><con:credentials><con:authType>No Authorization</con:authType></con:credentials><con:jmsConfig JMSDeliveryMode="PERSISTENT"/><con:jmsPropertyConfig/><con:parameters/></con:restRequest></con:config></con:testStep><con:properties/></con:testCase><con:testCase id="7d203c3b-bb02-4455-bebb-ccd799431bfe" failOnError="true" failTestCaseOnErrors="true" keepSession="false" maxResults="0" name="CommsHubNotification" searchProperties="true"><con:settings/><con:testStep type="restrequest" name="CommsHubNotification - Request 1" id="d370ea35-1bb8-4dab-ab68-88b51d8a706c"><con:settings/><con:config service="https://localhost:4801" resourcePath="/commsHub/commsHubNotification" methodName="CommsHubNotification" xsi:type="con:RestRequestStep" xmlns:xsi="http://www.w3.org/2001/XMLSchema-instance"><con:restRequest name="CommsHubNotification - Request 1" id="308867cb-b592-4630-8501-9eee794dd61f" mediaType="application/json" postQueryString="false" sslKeystore="moorgate.pkcs12"><con:settings><con:setting id="com.eviware.soapui.impl.wsdl.WsdlRequest@request-headers">&lt;xml-fragment xmlns:con="http://eviware.com/soapui/config">
  &lt;con:entry key="content-type" value="application/json"/>
  &lt;con:entry key="consumer-transaction-id" value="123456789"/>
&lt;/xml-fragment></con:setting></con:settings><con:endpoint>https://localhost:6300</con:endpoint><con:request>{
	"commsHubNotificationRequest": {
		"requestId": "123e4567-e89b-12d3-a456-426655440000",
		"id": "2D-61-4C-5F-87-2D-48-91"
	}
}
</con:request><con:originalUri>https://localhost/commsHub/commsHubNotification</con:originalUri><con:assertion type="Valid HTTP Status Codes" id="1ee2b9ff-efef-4208-9899-6ea227e84d86" name="Valid HTTP Status Codes"><con:configuration><codes>200</codes></con:configuration></con:assertion><con:credentials><con:authType>No Authorization</con:authType></con:credentials><con:jmsConfig JMSDeliveryMode="PERSISTENT"/><con:jmsPropertyConfig/><con:parameters/></con:restRequest></con:config></con:testStep><con:properties/></con:testCase><con:testCase id="9beeba6b-78f3-4a49-9b01-53f7259e7f0d" failOnError="true" failTestCaseOnErrors="true" keepSession="false" maxResults="0" name="CommsHubPreNotification" searchProperties="true"><con:settings/><con:testStep type="restrequest" name="CommsHubPreNotification - Request 1" id="2bbf0fbd-ec21-43e6-919e-1bb1e7b60a19"><con:settings/><con:config service="https://localhost:4801" resourcePath="/commsHub/commsHubPreNotification" methodName="CommsHubPreNotification" xsi:type="con:RestRequestStep" xmlns:xsi="http://www.w3.org/2001/XMLSchema-instance"><con:restRequest name="CommsHubPreNotification - Request 1" id="b24b3a55-f355-4294-9e36-526697d31414" mediaType="application/json" postQueryString="false" sslKeystore="moorgate.pkcs12"><con:settings><con:setting id="com.eviware.soapui.impl.wsdl.WsdlRequest@request-headers">&lt;xml-fragment xmlns:con="http://eviware.com/soapui/config">
  &lt;con:entry key="content-type" value="application/json"/>
  &lt;con:entry key="consumer-transaction-id" value="1234567890"/>
&lt;/xml-fragment></con:setting></con:settings><con:endpoint>https://localhost:6300</con:endpoint><con:request>{
"commsHubCreationRequest": {
    "requestId": "123e4567-e89b-12d3-a456-426655440000",
    "commsHubs": [
        {
        "commsHubId": "99-00-AA-BB-CC-DD-EE-FF",
        "gpfId": "99-01-A1-B1-CC-DD-EE-FF",
        "serviceUserReference": "05-06-A7-BB-CC-DD-EE-FF",
        "logisticsStatus": "DELIVERED",
        "deviceType": "CHF",
        "firmwareVersion": "1100EEFF",
        "manufacturer": "AB02",
        "manufactureDate": "2016-01-10",
        "commsHubVariant": "Variant1",
        "commsHubModel": "D7A50E04"
        }
    ]
    }
}
</con:request><con:originalUri>https://localhost/commsHub/commsHubPreNotification</con:originalUri><con:assertion type="Valid HTTP Status Codes" id="dde386e6-35cd-4be9-9b50-f78b4872c1ce" name="Valid HTTP Status Codes"><con:configuration><codes>200</codes></con:configuration></con:assertion><con:credentials><con:authType>No Authorization</con:authType></con:credentials><con:jmsConfig JMSDeliveryMode="PERSISTENT"/><con:jmsPropertyConfig/><con:parameters/></con:restRequest></con:config></con:testStep><con:properties/></con:testCase><con:testCase id="8fc60987-1779-4fc0-95a7-2a94510f6989" failOnError="true" failTestCaseOnErrors="true" keepSession="false" maxResults="0" name="CommsHubStatus" searchProperties="true"><con:settings/><con:testStep type="restrequest" name="CommsHubStatus - Request 1" id="4f1b6ace-cdd5-4abd-b11d-0ff899c9212d"><con:settings/><con:config service="https://localhost:4801" resourcePath="/commsHub/commsHubStatus" methodName="CommsHubStatus" xsi:type="con:RestRequestStep" xmlns:xsi="http://www.w3.org/2001/XMLSchema-instance"><con:restRequest name="CommsHubStatus - Request 1" id="770c134e-5833-4ff0-aee7-a5530f66b1ef" mediaType="application/json" postQueryString="false" sslKeystore="moorgate.pkcs12"><con:settings><con:setting id="com.eviware.soapui.impl.wsdl.WsdlRequest@request-headers">&lt;xml-fragment xmlns:con="http://eviware.com/soapui/config">
  &lt;con:entry key="content-type" value="application/json"/>
  &lt;con:entry key="consumer-transaction-id" value="123456789"/>
&lt;/xml-fragment></con:setting></con:settings><con:endpoint>https://localhost:6300</con:endpoint><con:request>
{
	"commsHubStatusRequest": {
		"requestId": "C2F440A248C84B919124DD8CCEBF8883",
		"commsHubId": "85-03-E9-E5-7F-60-72-73"
	}
}
</con:request><con:originalUri>https://localhost/commsHub/commsHubStatus</con:originalUri><con:assertion type="Valid HTTP Status Codes" id="6a6e526e-b352-4289-85d7-7f93b81cda78" name="Valid HTTP Status Codes"><con:configuration><codes>200</codes></con:configuration></con:assertion><con:credentials><con:authType>No Authorization</con:authType></con:credentials><con:jmsConfig JMSDeliveryMode="PERSISTENT"/><con:jmsPropertyConfig/><con:parameters/></con:restRequest></con:config></con:testStep><con:properties/></con:testCase><con:testCase id="966788ae-d2a0-4588-83ea-302c13cd2f82" failOnError="true" failTestCaseOnErrors="true" keepSession="false" maxResults="0" name="PauseResumeDMMOperation" searchProperties="true"><con:settings/><con:testStep type="restrequest" name="Active - Request 1" id="1363e258-33f3-4481-a4e1-95e1885228b0"><con:settings/><con:config service="https://localhost:4801" resourcePath="/commsHub/pauseResumeDMMOperation/api2/external/v3/dmm/54b64a37fc26b213702c1e08/job-single-operation/23f79ae5-3802-423c-a2ef-0cc3dddf1a1a/request/active" methodName="Active" xsi:type="con:RestRequestStep" xmlns:xsi="http://www.w3.org/2001/XMLSchema-instance"><con:restRequest name="Active - Request 1" id="055abe5a-d8fa-4c34-93f4-06bea7bf5bdb" mediaType="application/json" postQueryString="false" sslKeystore="moorgate.pkcs12"><con:settings><con:setting id="com.eviware.soapui.impl.wsdl.WsdlRequest@request-headers">&lt;xml-fragment xmlns:con="http://eviware.com/soapui/config">
  &lt;con:entry key="content-type" value="application/json"/>
  &lt;con:entry key="consumer-transaction-id" value="7894543"/>
&lt;/xml-fragment></con:setting></con:settings><con:endpoint>https://localhost:6300</con:endpoint><con:request>{"active": false}</con:request><con:originalUri>https://localhost/commsHub/pauseResumeDMMOperation/api2/external/v3/dmm/54b64a37fc26b213702c1e08/job-single-operation/23f79ae5-3802-423c-a2ef-0cc3dddf1a1a/request/active</con:originalUri><con:assertion type="Valid HTTP Status Codes" id="be6aa9d3-fffb-4f6c-8994-2ecc5681f6be" name="Valid HTTP Status Codes"><con:configuration><codes>200</codes></con:configuration></con:assertion><con:credentials><con:authType>No Authorization</con:authType></con:credentials><con:jmsConfig JMSDeliveryMode="PERSISTENT"/><con:jmsPropertyConfig/><con:parameters/></con:restRequest></con:config></con:testStep><con:properties/></con:testCase><con:testCase id="714bc361-f34c-4028-8bea-8b77c001ac99" failOnError="true" failTestCaseOnErrors="true" keepSession="false" maxResults="0" name="PostcodeCoverage" searchProperties="true"><con:settings/><con:testStep type="restrequest" name="PostcodeCoverage - Request 1" id="9f8bffde-309b-463f-86b7-1d84d16819d0"><con:settings/><con:config service="https://localhost:4801" resourcePath="/coverage/postcodeCoverage" methodName="PostcodeCoverage" xsi:type="con:RestRequestStep" xmlns:xsi="http://www.w3.org/2001/XMLSchema-instance"><con:restRequest name="PostcodeCoverage - Request 1" id="3fa6122c-72cf-4b6c-8176-f7a7d6d228ee" mediaType="application/json" postQueryString="false" sslKeystore="moorgate.pkcs12"><con:settings><con:setting id="com.eviware.soapui.impl.wsdl.WsdlRequest@request-headers">&lt;xml-fragment xmlns:con="http://eviware.com/soapui/config">
  &lt;con:entry key="content-type" value="application/json"/>
  &lt;con:entry key="consumer-transaction-id" value="123456789"/>
&lt;/xml-fragment></con:setting></con:settings><con:endpoint>https://localhost:6300</con:endpoint><con:request>{
	"postcodeCoverageRequest": {
		"requestId": "123e4567-e89b-12d3-a456-426655440000",
		"postcode": "KT22 7AL"
	}
}
</con:request><con:originalUri>https://localhost/coverage/postcodeCoverage</con:originalUri><con:assertion type="Valid HTTP Status Codes" id="a149e69d-2b93-4139-9287-980af663c2f9" name="Valid HTTP Status Codes"><con:configuration><codes>200</codes></con:configuration></con:assertion><con:credentials><con:authType>No Authorization</con:authType></con:credentials><con:jmsConfig JMSDeliveryMode="PERSISTENT"/><con:jmsPropertyConfig/><con:parameters/></con:restRequest></con:config></con:testStep><con:properties/></con:testCase><con:testCase id="1033e9e8-5590-4255-af33-2b54ffef3738" failOnError="true" failTestCaseOnErrors="true" keepSession="false" maxResults="0" name="PowerAlert" searchProperties="true"><con:settings/><con:testStep type="restrequest" name="PowerAlert - Request 1" id="84dcae6d-25aa-458c-b09a-27aef75f5fcd"><con:settings/><con:config service="https://localhost:4801" resourcePath="/commsHub/powerAlert" methodName="PowerAlert" xsi:type="con:RestRequestStep" xmlns:xsi="http://www.w3.org/2001/XMLSchema-instance"><con:restRequest name="PowerAlert - Request 1" id="b6c57b1c-36c6-4a16-9e49-8847ff502ffd" mediaType="application/json" postQueryString="false" sslKeystore="moorgate.pkcs12"><con:settings><con:setting id="com.eviware.soapui.impl.wsdl.WsdlRequest@request-headers">&lt;xml-fragment xmlns:con="http://eviware.com/soapui/config">
  &lt;con:entry key="content-type" value="application/json"/>
  &lt;con:entry key="consumer-transaction-id" value="123"/>
&lt;/xml-fragment></con:setting></con:settings><con:endpoint>https://localhost:6300</con:endpoint><con:request>{
	"powerAlert": {
		"responseId": " 57BAF0D0149445939962105A4BB3EF93",
		"commsHubId": " C9-F8-3F-DB-B7-63-41-B9",
		"timestamp": "20150101122543.547",
		"alarmType": "RESTORE",
		"outageDuration": 37562
	}
}
</con:request><con:originalUri>https://localhost/commsHub/powerAlert</con:originalUri><con:assertion type="Valid HTTP Status Codes" id="2d9f922c-2985-4a6c-9d7f-de42940f584f" name="Valid HTTP Status Codes"><con:configuration><codes>200</codes></con:configuration></con:assertion><con:credentials><con:authType>No Authorization</con:authType></con:credentials><con:jmsConfig JMSDeliveryMode="PERSISTENT"/><con:jmsPropertyConfig/><con:parameters/></con:restRequest></con:config></con:testStep><con:properties/></con:testCase><con:testCase id="471bcd7c-fafd-466d-93ca-a72e3e4b0021" failOnError="true" failTestCaseOnErrors="true" keepSession="false" maxResults="0" name="RetrieveCertificate" searchProperties="true"><con:settings/><con:testStep type="restrequest" name="RetrieveCertificate - Request 1" id="e4ecdc87-c9db-494c-a3ab-c0566fe57a01"><con:settings/><con:config service="https://localhost:4801" resourcePath="/commsHub/retrieveCertificate/" methodName="RetrieveCertificate" xsi:type="con:RestRequestStep" xmlns:xsi="http://www.w3.org/2001/XMLSchema-instance"><con:restRequest name="RetrieveCertificate - Request 1" id="f6f1b197-2122-4b49-9fa7-dd527b8c0079" mediaType="application/xml" postQueryString="false" sslKeystore="moorgate.pkcs12"><con:settings><con:setting id="com.eviware.soapui.impl.wsdl.WsdlRequest@request-headers">&lt;xml-fragment xmlns:con="http://eviware.com/soapui/config">
  &lt;con:entry key="content-type" value="application/xml"/>
  &lt;con:entry key="consumer-transaction-id" value="123124"/>
&lt;/xml-fragment></con:setting></con:settings><con:endpoint>https://localhost:6300</con:endpoint><con:request>&lt;CertificateDataRequest>
  &lt;CertificateSerial>00926EAABE07B701DF&lt;/CertificateSerial>
&lt;/CertificateDataRequest></con:request><con:originalUri>https://localhost/commsHub/retrieveCertificate/</con:originalUri><con:assertion type="Valid HTTP Status Codes" id="9e252adb-32f6-4074-93bc-5e6aa0cff88e" name="Valid HTTP Status Codes"><con:configuration><codes>200</codes></con:configuration></con:assertion><con:credentials><con:authType>No Authorization</con:authType></con:credentials><con:jmsConfig JMSDeliveryMode="PERSISTENT"/><con:jmsPropertyConfig/><con:parameters><entry key="apikey" value="u3bg9gt38htd0j2dfghdf" xmlns="http://eviware.com/soapui/config"/></con:parameters><con:parameterOrder><con:entry>apikey</con:entry></con:parameterOrder></con:restRequest></con:config></con:testStep><con:properties/></con:testCase><con:testCase id="87ddf763-f5d9-4ce3-a42d-00ad3767f2af" failOnError="true" failTestCaseOnErrors="true" keepSession="false" maxResults="0" name="TestCommsHubCommandLocalDelivery" searchProperties="true"><con:settings/><con:testStep type="restrequest" name="CommsHubCommandLocalDelivery - Request 1" id="f91afca7-d4a0-4918-9416-e056ec99fb6d"><con:settings/><con:config service="https://localhost:4801" resourcePath="/testcommsHub/commsHubCommandLocalDelivery" methodName="CommsHubCommandLocalDelivery" xsi:type="con:RestRequestStep" xmlns:xsi="http://www.w3.org/2001/XMLSchema-instance"><con:restRequest name="CommsHubCommandLocalDelivery - Request 1" id="6fb8d847-18da-40b5-91c9-67b7e14a212a" mediaType="application/json" postQueryString="false" sslKeystore="moorgate.pkcs12"><con:settings><con:setting id="com.eviware.soapui.impl.wsdl.WsdlRequest@request-headers">&lt;xml-fragment xmlns:con="http://eviware.com/soapui/config">
  &lt;con:entry key="content-type" value="Application/xml"/>
  &lt;con:entry key="consumer-transaction-id" value="54411845"/>
&lt;/xml-fragment></con:setting></con:settings><con:endpoint>https://localhost:6300</con:endpoint><con:request><![CDATA[<Request xmlns="http://www.dccinterface.co.uk/CSPManagement" xmlns:ds="http://www.w3.org/2000/09/xmldsig#" xmlns:xsi="http://www.w3.org/2001/XMLSchema-instance" schemaVersion="1">
	<Header>
		<RequestID>00-00-00-00-00-00-00-00:00-00-00-00-00-00-00-00:0</RequestID>
		<CommandVariant>6</CommandVariant>
		<ServiceReference>100.1</ServiceReference>
		<ServiceReferenceVariant>100.1.2</ServiceReferenceVariant>
	</Header>
	<Body>
		<SignedPreCommand>
			<GBCSPayload>UjBsR09EbGhjZ0dTQUxNQUFBUUNBRU1tQ1p0dU1GUXhEUzhi</GBCSPayload>
		</SignedPreCommand>
	</Body>
	<ds:Signature>
		<ds:SignedInfo>
			<ds:CanonicalizationMethod Algorithm="http://www.altova.com/"/>
			<ds:SignatureMethod Algorithm="http://www.altova.com/"/>
			<ds:Reference>
				<ds:DigestMethod Algorithm="http://www.altova.com/"/>
				<ds:DigestValue>UjBsR09EbGhjZ0dTQUxNQUFBUUNBRU1tQ1p0dU1GUXhEUzhi</ds:DigestValue>
			</ds:Reference>
		</ds:SignedInfo>
		<ds:SignatureValue>UjBsR09EbGhjZ0dTQUxNQUFBUUNBRU1tQ1p0dU1GUXhEUzhi</ds:SignatureValue>
	</ds:Signature>
</Request>
]]></con:request><con:originalUri>https://localhost/testcommsHub/commsHubCommandLocalDelivery</con:originalUri><con:assertion type="Valid HTTP Status Codes" id="37ba1488-5b5f-4704-a320-49d8f2b852b7" name="Valid HTTP Status Codes"><con:configuration><codes>200</codes></con:configuration></con:assertion><con:credentials><con:authType>No Authorization</con:authType></con:credentials><con:jmsConfig JMSDeliveryMode="PERSISTENT"/><con:jmsPropertyConfig/><con:parameters/></con:restRequest></con:config></con:testStep><con:properties/></con:testCase><con:testCase id="4d5152df-8eb5-4239-9abe-45fa9be7aa95" failOnError="true" failTestCaseOnErrors="true" keepSession="false" maxResults="0" name="TestcommsHubDeliveryStatusUpdate" searchProperties="true"><con:settings/><con:testStep type="restrequest" name="Method 1 - Request 1" id="2e74cb95-fd6a-456f-8c07-c402819ace73"><con:settings/><con:config service="https://localhost:4801" resourcePath="/testcommsHub/commsHubDeliveryStatusUpdate" methodName="Method 1" xsi:type="con:RestRequestStep" xmlns:xsi="http://www.w3.org/2001/XMLSchema-instance"><con:restRequest name="Method 1 - Request 1" id="6e815a89-7b77-484c-a05f-8a26921341cf" mediaType="application/json" postQueryString="false" sslKeystore="moorgate.pkcs12"><con:settings><con:setting id="com.eviware.soapui.impl.wsdl.WsdlRequest@request-headers">&lt;xml-fragment xmlns:con="http://eviware.com/soapui/config">
  &lt;con:entry key="content-type" value="application/json"/>
  &lt;con:entry key="consumer-transaction-id" value="1234567890"/>
&lt;/xml-fragment></con:setting></con:settings><con:endpoint>https://localhost:6300</con:endpoint><con:request>
                        {
                        "commsHubDeliveryStatusUpdateRequest": {
                        "requestId": "123e4567-e89b-12d3-a456-426655440000",
                        "commsHubs": [
                        {
                        "commsHubId": "99-00-AA-BB-CC-DD-EE-FF",
                        "logisticsStatus": "DELIVERED",
                        "deliveryMonth": "05",
                        "actualDeliveryDate": "2017-05-10"
                        },
                        {
                        "commsHubId": "99-00-AA-BB-CC-DD-EE-11",
                        "logisticsStatus": "SHIPPED",
                        "deliveryMonth": "05",
                        "actualDeliveryDate": "2017-05-10"
                        }
                        ]
                        }
                        } 
                    </con:request><con:originalUri>https://localhost/testcommsHub/commsHubDeliveryStatusUpdate</con:originalUri><con:assertion type="Valid HTTP Status Codes" id="2e5ebcc9-2ac9-4df4-bdb2-4dda9b182625" name="Valid HTTP Status Codes"><con:configuration><codes>200</codes></con:configuration></con:assertion><con:credentials><con:authType>No Authorization</con:authType></con:credentials><con:jmsConfig JMSDeliveryMode="PERSISTENT"/><con:jmsPropertyConfig/><con:parameters/></con:restRequest></con:config></con:testStep><con:properties/></con:testCase><con:testCase id="a1edd905-bfce-4944-b769-1bd274268181" failOnError="true" failTestCaseOnErrors="true" keepSession="false" maxResults="0" name="TestcommsHubDiagnostic" searchProperties="true"><con:settings/><con:testStep type="restrequest" name="Method 1 - Request 1" id="1c97df64-5b8d-4198-b204-cd1e84047afe"><con:settings/><con:config service="https://localhost:4801" resourcePath="/testcommsHub/commsHubDiagnostic" methodName="Method 1" xsi:type="con:RestRequestStep" xmlns:xsi="http://www.w3.org/2001/XMLSchema-instance"><con:restRequest name="Method 1 - Request 1" id="f823aab2-7571-4e4d-924b-aa37f53d00bd" mediaType="application/json" postQueryString="false" sslKeystore="moorgate.pkcs12"><con:settings><con:setting id="com.eviware.soapui.impl.wsdl.WsdlRequest@request-headers">&lt;xml-fragment xmlns:con="http://eviware.com/soapui/config">
  &lt;con:entry key="content-type" value="application/json"/>
  &lt;con:entry key="consumer-transaction-id" value="1244235"/>
&lt;/xml-fragment></con:setting></con:settings><con:endpoint>https://localhost:6300</con:endpoint><con:request>{"commsHubDiagnosticRequest": {
    "requestId": "C2F440A248C84B919124DD8CCEBF8883",
    "commsHubId": "85-03-E9-E5-7F-60-72-73"
}}
</con:request><con:originalUri>https://localhost/testcommsHub/commsHubDiagnostic</con:originalUri><con:assertion type="Valid HTTP Status Codes" id="54614c7d-e663-4585-b510-92143272cc92" name="Valid HTTP Status Codes"><con:configuration><codes>200</codes></con:configuration></con:assertion><con:credentials><con:authType>No Authorization</con:authType></con:credentials><con:jmsConfig JMSDeliveryMode="PERSISTENT"/><con:jmsPropertyConfig/><con:parameters/></con:restRequest></con:config></con:testStep><con:properties/></con:testCase><con:testCase id="9897fbcb-2ff5-4b2e-a65d-1c0ab0bd163d" failOnError="true" failTestCaseOnErrors="true" keepSession="false" maxResults="0" name="TestcommsHubNotification" searchProperties="true"><con:settings/><con:testStep type="restrequest" name="Method 1 - Request 1" id="ab63325a-cf1d-4b98-987c-0180f2d87b4c"><con:settings/><con:config service="https://localhost:4801" resourcePath="/testcommsHub/commsHubNotification" methodName="Method 1" xsi:type="con:RestRequestStep" xmlns:xsi="http://www.w3.org/2001/XMLSchema-instance"><con:restRequest name="Method 1 - Request 1" id="b04e0fd7-7a8c-41b7-b85d-d3eb356e2d39" mediaType="application/json" postQueryString="false" sslKeystore="moorgate.pkcs12"><con:settings><con:setting id="com.eviware.soapui.impl.wsdl.WsdlRequest@request-headers">&lt;xml-fragment xmlns:con="http://eviware.com/soapui/config">
  &lt;con:entry key="content-type" value="application/json"/>
  &lt;con:entry key="consumer-transaction-id" value="123456789"/>
&lt;/xml-fragment></con:setting></con:settings><con:endpoint>https://localhost:6300</con:endpoint><con:request>{
	"commsHubNotificationRequest": {
		"requestId": "123e4567-e89b-12d3-a456-426655440000",
		"id": "2D-61-4C-5F-87-2D-48-91"
	}
}
</con:request><con:originalUri>https://localhost/testcommsHub/commsHubNotification</con:originalUri><con:assertion type="Valid HTTP Status Codes" id="b7ce8b19-864d-4058-acfc-085e12c84b36" name="Valid HTTP Status Codes"><con:configuration><codes>200</codes></con:configuration></con:assertion><con:credentials><con:authType>No Authorization</con:authType></con:credentials><con:jmsConfig JMSDeliveryMode="PERSISTENT"/><con:jmsPropertyConfig/><con:parameters/></con:restRequest></con:config></con:testStep><con:properties/></con:testCase><con:testCase id="38facefd-4b30-4021-8e40-5e02f33bbf60" failOnError="true" failTestCaseOnErrors="true" keepSession="false" maxResults="0" name="TestcommsHubPreNotification" searchProperties="true"><con:settings/><con:testStep type="restrequest" name="Method 1 - Request 1" id="c2b732d8-1c63-467d-b9f6-ef7dae0b4513"><con:settings/><con:config service="https://localhost:4801" resourcePath="/testcommsHub/commsHubPreNotification" methodName="Method 1" xsi:type="con:RestRequestStep" xmlns:xsi="http://www.w3.org/2001/XMLSchema-instance"><con:restRequest name="Method 1 - Request 1" id="c6c87198-d1bc-421c-97af-1bf9078f5f00" mediaType="application/json" postQueryString="false" sslKeystore="moorgate.pkcs12"><con:settings><con:setting id="com.eviware.soapui.impl.wsdl.WsdlRequest@request-headers">&lt;xml-fragment xmlns:con="http://eviware.com/soapui/config">
  &lt;con:entry key="content-type" value="application/json"/>
  &lt;con:entry key="consumer-transaction-id" value="1234567890"/>
&lt;/xml-fragment></con:setting></con:settings><con:endpoint>https://localhost:6300</con:endpoint><con:request>{
"commsHubCreationRequest": {
    "requestId": "123e4567-e89b-12d3-a456-426655440000",
    "commsHubs": [
        {
        "commsHubId": "99-00-AA-BB-CC-DD-EE-FF",
        "gpfId": "99-01-A1-B1-CC-DD-EE-FF",
        "serviceUserReference": "05-06-A7-B8-CC-DD-EE-FF",
        "logisticsStatus": "DELIVERED",
        "deviceType": "CHF",
        "firmwareVersion": "1100EEFF",
        "manufacturer": "AB02",
        "manufactureDate": "2016-01-10",
        "commsHubVariant": "Variant1",
        "commsHubModel": "D7A50E04"
        }
    ]
    }
}
</con:request><con:originalUri>https://localhost/testcommsHub/commsHubPreNotification</con:originalUri><con:assertion type="Valid HTTP Status Codes" id="f60010a6-d4a5-4962-930b-b4255a4f17cb" name="Valid HTTP Status Codes"><con:configuration><codes>200</codes></con:configuration></con:assertion><con:credentials><con:authType>No Authorization</con:authType></con:credentials><con:jmsConfig JMSDeliveryMode="PERSISTENT"/><con:jmsPropertyConfig/><con:parameters/></con:restRequest></con:config></con:testStep><con:properties/></con:testCase><con:testCase id="9034391f-13ac-4184-9f62-dbd0c617417f" failOnError="true" failTestCaseOnErrors="true" keepSession="false" maxResults="0" name="TestmanageCommsHubSM2MCore" searchProperties="true"><con:settings/><con:testStep type="restrequest" name="Method 1 - Request 1" id="d898b517-8739-40e0-bf7b-cf5d6e7f844e"><con:settings/><con:config service="https://localhost:4801" resourcePath="/testcommsHub/manageCommsHubSM2MCore/subscriptions/234110005260144" methodName="Method 1" xsi:type="con:RestRequestStep" xmlns:xsi="http://www.w3.org/2001/XMLSchema-instance"><con:restRequest name="Method 1 - Request 1" id="22442ddc-e852-433f-885d-43fa8d4b9299" mediaType="application/json" postQueryString="false" sslKeystore="moorgate.pkcs12"><con:settings><con:setting id="com.eviware.soapui.impl.wsdl.WsdlRequest@request-headers">&lt;xml-fragment xmlns:con="http://eviware.com/soapui/config">
  &lt;con:entry key="content-type" value="application/json"/>
  &lt;con:entry key="consumer-transaction-id" value="123456789"/>
&lt;/xml-fragment></con:setting></con:settings><con:endpoint>https://localhost:6300</con:endpoint><con:request>{
  "apn1": "smip.o2uk", 
  "apn2": "", 
  "apn3": "", 
  "apn4": "", 
  "apn5": "", 
  "apn6": "", 
  "apn7": "", 
  "apn8": "", 
  "apn9": "", 
  "apn10": ""
}
</con:request><con:originalUri>https://localhost/testcommsHub/manageCommsHubSM2MCore/subscriptions/234110005260144</con:originalUri><con:assertion type="Valid HTTP Status Codes" id="0c791302-0b31-472d-a8a5-f062db49d1ff" name="Valid HTTP Status Codes"><con:configuration><codes>200</codes></con:configuration></con:assertion><con:credentials><con:authType>No Authorization</con:authType></con:credentials><con:jmsConfig JMSDeliveryMode="PERSISTENT"/><con:jmsPropertyConfig/><con:parameters/></con:restRequest></con:config></con:testStep><con:properties/></con:testCase><con:testCase id="30641bd6-36c9-468f-8cff-5b69d944ce3d" failOnError="true" failTestCaseOnErrors="true" keepSession="false" maxResults="0" name="commsHubCommandLocalDelivery" searchProperties="true"><con:settings/><con:testStep type="restrequest" name="Method 1 - Request 1" id="bd924f6e-3844-446f-82ca-2026a9a8ae44"><con:settings/><con:config service="https://localhost:4801" resourcePath="/commsHub/commsHubCommandLocalDelivery" methodName="Method 1" xsi:type="con:RestRequestStep" xmlns:xsi="http://www.w3.org/2001/XMLSchema-instance"><con:restRequest name="Method 1 - Request 1" id="9c232b58-7394-4c3c-9d88-52376700b1cb" mediaType="application/json" postQueryString="false" sslKeystore="moorgate.pkcs12"><con:settings><con:setting id="com.eviware.soapui.impl.wsdl.WsdlRequest@request-headers">&lt;xml-fragment xmlns:con="http://eviware.com/soapui/config">
  &lt;con:entry key="content-type" value="Application/xml"/>
  &lt;con:entry key="consumer-transaction-id" value="54411845"/>
&lt;/xml-fragment></con:setting></con:settings><con:endpoint>https://localhost:6300</con:endpoint><con:request><![CDATA[<Request xmlns="http://www.dccinterface.co.uk/CSPManagement" xmlns:ds="http://www.w3.org/2000/09/xmldsig#" xmlns:xsi="http://www.w3.org/2001/XMLSchema-instance" schemaVersion="1">
	<Header>
		<RequestID>00-00-00-00-00-00-00-00:00-00-00-00-00-00-00-00:0</RequestID>
		<CommandVariant>6</CommandVariant>
		<ServiceReference>100.1</ServiceReference>
		<ServiceReferenceVariant>100.1.2</ServiceReferenceVariant>
	</Header>
	<Body>
		<SignedPreCommand>
			<GBCSPayload>UjBsR09EbGhjZ0dTQUxNQUFBUUNBRU1tQ1p0dU1GUXhEUzhi</GBCSPayload>
		</SignedPreCommand>
	</Body>
	<ds:Signature>
		<ds:SignedInfo>
			<ds:CanonicalizationMethod Algorithm="http://www.altova.com/"/>
			<ds:SignatureMethod Algorithm="http://www.altova.com/"/>
			<ds:Reference>
				<ds:DigestMethod Algorithm="http://www.altova.com/"/>
				<ds:DigestValue>UjBsR09EbGhjZ0dTQUxNQUFBUUNBRU1tQ1p0dU1GUXhEUzhi</ds:DigestValue>
			</ds:Reference>
		</ds:SignedInfo>
		<ds:SignatureValue>UjBsR09EbGhjZ0dTQUxNQUFBUUNBRU1tQ1p0dU1GUXhEUzhi</ds:SignatureValue>
	</ds:Signature>
</Request>
]]></con:request><con:originalUri>https://localhost/commsHub/commsHubCommandLocalDelivery</con:originalUri><con:assertion type="Valid HTTP Status Codes" id="18bffc7a-6dfa-4c75-a8dd-34d28d7e5a42" name="Valid HTTP Status Codes"><con:configuration><codes>200</codes></con:configuration></con:assertion><con:credentials><con:authType>No Authorization</con:authType></con:credentials><con:jmsConfig JMSDeliveryMode="PERSISTENT"/><con:jmsPropertyConfig/><con:parameters/></con:restRequest></con:config></con:testStep><con:properties/></con:testCase><con:testCase id="2e54fec6-0358-4069-8865-7989278d6715" failOnError="true" failTestCaseOnErrors="true" keepSession="false" maxResults="0" name="manageCommsHubSM2MCore" searchProperties="true"><con:settings/><con:testStep type="restrequest" name="Method 1 - Request 1" id="e1c47d21-ee64-4e37-9cc3-aa96816f9d97"><con:settings/><con:config service="https://localhost:4801" resourcePath="/commsHub/manageCommsHubSM2MCore/subscriptions/234110005260144" methodName="Method 1" xsi:type="con:RestRequestStep" xmlns:xsi="http://www.w3.org/2001/XMLSchema-instance"><con:restRequest name="Method 1 - Request 1" id="7623a8cf-c547-4b2f-9f2d-ea14ebc5f962" mediaType="application/json" postQueryString="false" sslKeystore="moorgate.pkcs12"><con:settings><con:setting id="com.eviware.soapui.impl.wsdl.WsdlRequest@request-headers">&lt;xml-fragment xmlns:con="http://eviware.com/soapui/config">
  &lt;con:entry key="content-type" value="application/json"/>
  &lt;con:entry key="consumer-transaction-id" value="123456789"/>
&lt;/xml-fragment></con:setting></con:settings><con:endpoint>https://localhost:6300</con:endpoint><con:request>{
  "apn1": "smip.o2uk", 
  "apn2": "", 
  "apn3": "", 
  "apn4": "", 
  "apn5": "", 
  "apn6": "", 
  "apn7": "", 
  "apn8": "", 
  "apn9": "", 
  "apn10": ""
}
</con:request><con:originalUri>https://localhost/commsHub/manageCommsHubSM2MCore/subscriptions/234110005260144</con:originalUri><con:assertion type="Valid HTTP Status Codes" id="03d8e295-38e3-4062-a616-f8e9c3e2cb03" name="Valid HTTP Status Codes"><con:configuration><codes>200</codes></con:configuration></con:assertion><con:credentials><con:authType>No Authorization</con:authType></con:credentials><con:jmsConfig JMSDeliveryMode="PERSISTENT"/><con:jmsPropertyConfig/><con:parameters/></con:restRequest></con:config></con:testStep><con:properties/></con:testCase><con:testCase id="7d5237a6-b0ac-4868-965a-86c23e7daaad" failOnError="true" failTestCaseOnErrors="true" keepSession="false" maxResults="0" name="manageCommsHubSM2MDMM" searchProperties="true"><con:settings/><con:testStep type="restrequest" name="Method 1 - Request 1" id="8e254e48-18fa-4f2f-a18e-f745ec0d1569"><con:settings/><con:config service="https://localhost:4801" resourcePath="/commsHub/manageCommsHubSM2MDMM" methodName="Method 1" xsi:type="con:RestRequestStep" xmlns:xsi="http://www.w3.org/2001/XMLSchema-instance"><con:restRequest name="Method 1 - Request 1" id="292bfd1c-10ea-48f4-80f6-cff9b33df131" mediaType="application/json" postQueryString="false" sslKeystore="moorgate.pkcs12"><con:settings><con:setting id="com.eviware.soapui.impl.wsdl.WsdlRequest@request-headers">&lt;xml-fragment xmlns:con="http://eviware.com/soapui/config">
  &lt;con:entry key="content-type" value="application/json"/>
  &lt;con:entry key="consumer-transaction-id" value="123456789"/>
&lt;/xml-fragment></con:setting></con:settings><con:endpoint>https://localhost:6300</con:endpoint><con:request>{
    "device": {
        "id": "device_id",
        "provision": {
            "specificType": "COMMSHUB",
            "type": "GATEWAY"
        }
    },
    "subscriptions": [{"provision": {
        "specificType": "MOBILE",
        "imsi": ["3434343434343434"]
    }}],
    "subscribers": [{"provision": {
        "specificType": "SIM",
        "icc": ["3434343434343434"]
    }}],
    "communicationsModules": [
        {"provision": {
            "specificType": "MOBILE",
            "imei": ["3434343434343434"]
        }},
        {"provision": {
            "specificType": "HAN",
            "macAddress": ["87:56:65:43:34:34:34"]
        }},
        {"provision": {
            "specificType": "MESH",
            "macAddress": ["87:56:65:43:34:34:34"]
        }}
    ]
}
</con:request><con:originalUri>https://localhost/commsHub/manageCommsHubSM2MDMM</con:originalUri><con:assertion type="Valid HTTP Status Codes" id="9f276960-e29d-4fcb-b11b-7da134396f1a" name="Valid HTTP Status Codes"><con:configuration><codes>200</codes></con:configuration></con:assertion><con:credentials><con:authType>No Authorization</con:authType></con:credentials><con:jmsConfig JMSDeliveryMode="PERSISTENT"/><con:jmsPropertyConfig/><con:parameters/></con:restRequest></con:config></con:testStep><con:properties/></con:testCase><con:testCase id="aa93ed3a-bfbd-4258-989c-99320b03c9ca" failOnError="true" failTestCaseOnErrors="true" keepSession="false" maxResults="0" name="TestpowerAlert" searchProperties="true"><con:settings/><con:testStep type="restrequest" name="Method 1 - Request 1" id="c8de9744-d762-44fd-8ac5-62a16788eed9"><con:settings/><con:config service="https://localhost:4801" resourcePath="/commsHub/powerAlert" methodName="Method 1" xsi:type="con:RestRequestStep" xmlns:xsi="http://www.w3.org/2001/XMLSchema-instance"><con:restRequest name="Method 1 - Request 1" id="6c53da11-eed4-45fc-8e1a-aeb9f90eea0a" mediaType="application/json" postQueryString="false" sslKeystore="moorgate.pkcs12"><con:settings><con:setting id="com.eviware.soapui.impl.wsdl.WsdlRequest@request-headers">&lt;xml-fragment xmlns:con="http://eviware.com/soapui/config">
  &lt;con:entry key="content-type" value="application/json"/>
  &lt;con:entry key="consumer-transaction-id" value="123"/>
&lt;/xml-fragment></con:setting></con:settings><con:endpoint>https://localhost:6300</con:endpoint><con:request>{
	"powerAlert": {
		"responseId": " 57BAF0D0149445939962105A4BB3EF93",
		"commsHubId": " C9-F8-3F-DB-B7-63-41-B9",
		"timestamp": "20150101122543.547",
		"alarmType": "RESTORE",
		"outageDuration": 37562
	}
}
</con:request><con:originalUri>https://localhost/commsHub/powerAlert</con:originalUri><con:assertion type="Valid HTTP Status Codes" id="f771204b-4963-435f-b2fd-fe37e420a48c" name="Valid HTTP Status Codes"><con:configuration><codes>200</codes></con:configuration></con:assertion><con:credentials><con:authType>No Authorization</con:authType></con:credentials><con:jmsConfig JMSDeliveryMode="PERSISTENT"/><con:jmsPropertyConfig/><con:parameters/></con:restRequest></con:config></con:testStep><con:properties/></con:testCase><con:properties/></con:testSuite><con:properties/><con:wssContainer><con:crypto><con:source>D:/SOAPPacks/SMIP/Testsupport/smip-testsupport.pkcs12</con:source><con:password>password</con:password><con:type>KEYSTORE</con:type></con:crypto></con:wssContainer><con:oAuth2ProfileContainer/><con:oAuth1ProfileContainer/><con:sensitiveInformation/></con:soapui-project>