<?xml version="1.0" encoding="UTF-8"?>
<con:soapui-project id="e6450a51-b3b9-4d9a-b627-4d1021815cf0" activeEnvironment="Default" name="NF-MPGW" resourceRoot="" soapui-version="5.3.0" abortOnError="false" runType="SEQUENTIAL" xmlns:con="http://eviware.com/soapui/config"><con:settings/><con:interface xsi:type="con:RestService" id="62167049-50c2-4f40-8aea-16f7deadbfa1" wadlVersion="http://wadl.dev.java.net/2009/02" name="https://localhost:4051" type="rest" xmlns:xsi="http://www.w3.org/2001/XMLSchema-instance"><con:settings/><con:definitionCache type="TEXT" rootPart=""/><con:endpoints><con:endpoint>https://localhost:4051</con:endpoint><con:endpoint>https://localhost:8364</con:endpoint><con:endpoint>https://localhost:8643</con:endpoint></con:endpoints><con:resource name="CSRBatchResult" path="/commsHub/CSRBatchResult" id="5029ba7d-f8ee-4658-9484-c401d76d73d9"><con:settings/><con:parameters><con:parameter><con:name>BatchId</con:name><con:value/><con:style>QUERY</con:style><con:default/><con:description xsi:nil="true"/></con:parameter></con:parameters><con:method name="CSRBatchResult" id="c3999515-1e38-4196-b5eb-4b7dfae74be8" method="GET"><con:settings/><con:parameters/><con:representation type="RESPONSE"><con:mediaType xsi:nil="true"/><con:status>0</con:status><con:params/><con:element>data</con:element></con:representation><con:representation type="FAULT"><con:mediaType>application/json</con:mediaType><con:status>400</con:status><con:params/></con:representation><con:representation type="RESPONSE"><con:mediaType>application/xml</con:mediaType><con:status>200</con:status><con:params/><con:element xmlns:bat="http://SMKI.com/CSR/Batch">bat:CSRBatchResult</con:element></con:representation><con:representation type="FAULT"><con:mediaType>text/xml</con:mediaType><con:status>500 400</con:status><con:params/><con:element>CSRBatchResult</con:element></con:representation><con:representation type="FAULT"><con:mediaType>application/xml</con:mediaType><con:status>500</con:status><con:params/><con:element xmlns:bat="http://SMKI.com/CSR/Batch">bat:CSRBatchResult</con:element></con:representation><con:representation type="RESPONSE"><con:mediaType xsi:nil="true"/><con:status>0</con:status><con:params/><con:element>data</con:element></con:representation><con:representation type="RESPONSE"><con:mediaType xsi:nil="true"/><con:status>0</con:status><con:params/><con:element>data</con:element></con:representation><con:request name="Request 1" id="7ba5373b-ca3f-41c4-94c6-b1c59bd19e7c" mediaType="application/json" postQueryString="false" sslKeystore="moorgate.pkcs12"><con:settings><con:setting id="com.eviware.soapui.impl.wsdl.WsdlRequest@request-headers">&lt;xml-fragment xmlns:con="http://eviware.com/soapui/config">
  &lt;con:entry key="content-type" value="Application/xml"/>
  &lt;con:entry key="consumer-transaction-id" value="123456"/>
&lt;/xml-fragment></con:setting></con:settings><con:endpoint>https://localhost:5555</con:endpoint><con:request><![CDATA[<CSRBatchResult ID="b1999">
	<Version>1.0</Version>
	<Build>2.0.8</Build>
	<BatchStatus>COMPLETED</BatchStatus>
	<BatchId>1234</BatchId>
	<DeviceCertificate ID="ID000000">
	<Status>SUCCESS</Status>
	<Certificate>UjBsR09EbGhjZ0dTQUxNQUF………..Q1p0dU1GUXhEUzhi</Certificate>
	</DeviceCertificate>
	<DeviceCertificate ID="ID000001">
		<Status>CSR_ERROR</Status>
	                <Error>
			<ErrorCode>CR:CC1</ErrorCode>
			<ErrorText>Wrong CSR OID</ErrorText>
		</Error>
	</DeviceCertificate>
	<DeviceCertificate ID="ID000002">
		<Status>SUCCESS</Status>
		<Certificate>UjBsR09EbGhjZ0d…………Q1p0dU1GUXhEUzhi</Certificate>
	</DeviceCertificate>
</CSRBatchResult>
]]></con:request><con:originalUri>https://localhost/commsHub/CSRBatchResult</con:originalUri><con:credentials><con:authType>No Authorization</con:authType></con:credentials><con:jmsConfig JMSDeliveryMode="PERSISTENT"/><con:jmsPropertyConfig/><con:parameters><entry key="BatchId" value="99" xmlns="http://eviware.com/soapui/config"/></con:parameters><con:parameterOrder><con:entry>BatchId</con:entry></con:parameterOrder></con:request></con:method></con:resource><con:resource name="commsHubCommand" path="/commsHub/commsHubCommand" id="c90c10b6-db41-4dc6-aecd-e4b8897f08ae"><con:settings/><con:parameters/><con:method name="CommsHubCommand" id="32b8a973-8fdf-4dbd-a8c6-6279a8c92183" method="POST"><con:settings/><con:parameters/><con:representation type="FAULT"><con:mediaType>application/json</con:mediaType><con:status>500</con:status><con:params/><con:element xmlns:com="https://localhost/commsHub/commsHubCommand">com:Fault</con:element></con:representation><con:representation type="RESPONSE"><con:mediaType>application/json</con:mediaType><con:status>200</con:status><con:params/><con:element xmlns:com="https://localhost/commsHub/commsHubCommand">com:Response</con:element></con:representation><con:representation type="RESPONSE"><con:mediaType xsi:nil="true"/><con:status>0</con:status><con:params/><con:element>data</con:element></con:representation><con:representation type="RESPONSE"><con:mediaType xsi:nil="true"/><con:status>0</con:status><con:params/><con:element>data</con:element></con:representation><con:representation type="RESPONSE"><con:mediaType xsi:nil="true"/><con:status>0</con:status><con:params/><con:element>data</con:element></con:representation><con:representation type="RESPONSE"><con:mediaType xsi:nil="true"/><con:status>0</con:status><con:params/><con:element>data</con:element></con:representation><con:representation type="RESPONSE"><con:mediaType xsi:nil="true"/><con:status>0</con:status><con:params/><con:element>data</con:element></con:representation><con:representation type="RESPONSE"><con:mediaType xsi:nil="true"/><con:status>0</con:status><con:params/><con:element>data</con:element></con:representation><con:representation type="RESPONSE"><con:mediaType xsi:nil="true"/><con:status>0</con:status><con:params/><con:element>data</con:element></con:representation><con:request name="Request 1" id="2bffc87d-a69d-4a96-9900-92bf0f4002fc" mediaType="application/json" postQueryString="false" sslKeystore="moorgate.pkcs12"><con:settings><con:setting id="com.eviware.soapui.impl.wsdl.WsdlRequest@request-headers">&lt;xml-fragment xmlns:con="http://eviware.com/soapui/config">
  &lt;con:entry key="content-type" value="application/json"/>
  &lt;con:entry key="consumer-transaction-id" value="123456789"/>
&lt;/xml-fragment></con:setting></con:settings><con:endpoint>https://localhost:5555</con:endpoint><con:request>{"commsHubCommandRequest": {    "requestId": "70-B3-D5-1F-30-00-A0-04:88-73-84-51-00-00-BE-28:1488386440169",    "commandVariant": "5",    "serviceReference": "6.17",    "serviceReferenceVariant": "6.17",    "gbcsPayload": "3wkBAAABWoq+u+kIcLPVHzAAoAQIiHOEAQAAvigAAgAKBjAEAwIHgEDgSNtZ3ONMu/sXeMNpnxHyF4cF9MBNExNLezmn0Q51W5t0Ki0U0BPjI6gQPFLmdKmrwussQEBcvdGWkuzK87w5"}}</con:request><con:originalUri>https://localhost/commsHub/commsHubCommand</con:originalUri><con:credentials><con:authType>No Authorization</con:authType></con:credentials><con:jmsConfig JMSDeliveryMode="PERSISTENT"/><con:jmsPropertyConfig/><con:parameters/></con:request></con:method></con:resource><con:resource name="commsHubDMMOperationNotification" path="/commsHub/commsHubDMMOperationNotification" id="93afb40f-48dc-4a01-9937-febfeffbdff5"><con:settings/><con:parameters/><con:method name="CommsHubDMMOperationNotification" id="496c34ce-974e-44db-ad41-c6352a7ab9a4" method="POST"><con:settings/><con:parameters/><con:representation type="RESPONSE"><con:mediaType>application/json</con:mediaType><con:status>200</con:status><con:params/></con:representation><con:representation type="FAULT"><con:mediaType>application/json</con:mediaType><con:status>500</con:status><con:params/></con:representation><con:request name="Request 1" id="38e7b807-af02-4b99-ab4c-2fb0899a39bc" mediaType="application/json" postQueryString="false" sslKeystore="moorgate.pkcs12"><con:settings><con:setting id="com.eviware.soapui.impl.wsdl.WsdlRequest@request-headers">&lt;xml-fragment xmlns:con="http://eviware.com/soapui/config">
  &lt;con:entry key="content-type" value="application/json"/>
  &lt;con:entry key="consumer-transaction-id" value="1234567890"/>
&lt;/xml-fragment></con:setting></con:settings><con:endpoint>https://localhost:5555</con:endpoint><con:request>{
    "entityId": "c697e8dc-994b-4fc1-8647-069febaf6f80",
    "entityType": "job",
    "action": "finish",
    "serviceId": "343434343434343343434",
    "created": 1396562400,
    "namespace": "dmm",
    "pushEventData": true,
    "forceFinish": true,
    "eventData": {
        "id": "c697e8dc-994b-4fc1-8647-069febaf6f80",
        "report": {
            "execution": {
                "activatedDate": "2015-04-10T10:38:05Z",
                "finishedDate": "2015-04-10T10:38:07Z",
                "startedDate": "2015-04-10T10:38:05Z"
            },
            "summary": {
                "finished": {
                    "cancelled": {
                        "byEngine": 0,
                        "byExternal": 0,
                        "byExternalTimeout": 0,
                        "byTimeout": 0,
                        "byUser": 0,
                        "total": 0
                    },
                    "error": 0,
                    "successful": 1,
                    "total": 1
                },
                "inProgress": {
                    "pendingExecution": 0,
                    "scheduled": 0,
                    "started": 0,
                    "total": 0
                },
                "status": "FINISHED",
                "total": 1
            }
        },
        "request": {
            "active": false,
            "contractId": "54cb7260251d9331d2e616c6",
            "name": "ADD_TO_TEST_MESSAGE_BL",
            "notify": false,
            "parameters": {},
            "user": "tef_portal_smip@amplia.es",
            "userNotes": "cert:54f72542251d936b18acedb1"
        }
    }
}
</con:request><con:originalUri>https://localhost/commsHub/commsHubDMMOperationNotification</con:originalUri><con:credentials><con:authType>No Authorization</con:authType></con:credentials><con:jmsConfig JMSDeliveryMode="PERSISTENT"/><con:jmsPropertyConfig/><con:parameters/></con:request></con:method></con:resource><con:resource name="commsHubResponse" path="/commsHub/commsHubResponse" id="9021bba5-78f3-4c01-a202-8b9c3a9f744d"><con:settings/><con:parameters/><con:method name="CommsHubResponse" id="b72ee5cc-0db9-40ab-99bd-05e77f8e4294" method="POST"><con:settings/><con:parameters/><con:representation type="FAULT"><con:mediaType>application/xml</con:mediaType><con:status>400 500</con:status><con:params/></con:representation><con:representation type="RESPONSE"><con:mediaType>application/xml</con:mediaType><con:status>200</con:status><con:params/></con:representation><con:request name="Request 1" id="a9bfa85a-81ab-4f4c-9ba5-f5ecaadfb584" mediaType="application/xml" postQueryString="false" sslKeystore="moorgate.pkcs12"><con:settings><con:setting id="com.eviware.soapui.impl.wsdl.WsdlRequest@request-headers">&lt;xml-fragment xmlns:con="http://eviware.com/soapui/config">
  &lt;con:entry key="content-type" value="application/xml"/>
  &lt;con:entry key="consumer-transaction-id" value="123456789"/>
&lt;/xml-fragment></con:setting></con:settings><con:endpoint>https://localhost:5555</con:endpoint><con:request><![CDATA[<Response xmlns:ds="http://www.w3.org/2000/09/xmldsig#"
    xmlns="http://www.dcc.com/ServiceUserGateway"
    xmlns:xsi="http://www.w3.org/2001/XMLSchema-instance"
    schemaVersion="1.0">
    <Header>
        <RequestID>11-22-33-44-55-66-77-88:99-00-AA-BB-CC-DD-EE-FF:50</RequestID>
        <ResponseID>99-00-AA-BB-CC-DD-EE-FF:11-22-33-44-55-66-77-88:50</ResponseID>
        <ResponseCode>I99</ResponseCode>
        <ResponseDateTime>2015-09-24T09:00:00</ResponseDateTime>
    </Header>
    <Body>
        <ResponseMessage>
            <GBCSPayload>ZGVmYXVsdA==</GBCSPayload>
        </ResponseMessage>
    </Body>
</Response>
]]></con:request><con:originalUri>https://localhost/commsHub/commsHubResponse</con:originalUri><con:credentials><con:authType>No Authorization</con:authType></con:credentials><con:jmsConfig JMSDeliveryMode="PERSISTENT"/><con:jmsPropertyConfig/><con:parameters/></con:request></con:method></con:resource><con:resource name="firmwareValidationReport" path="/commsHub/firmwareValidationReport" id="7878ca62-6525-4d51-b3d7-fd1bb23e4d99"><con:settings/><con:parameters/><con:method name="FirmwareValidationReport" id="54d9ba77-9f99-4b94-a066-ad2c550056d6" method="POST"><con:settings/><con:parameters/><con:representation type="FAULT"><con:mediaType>application/json</con:mediaType><con:status>500 400</con:status><con:params/></con:representation><con:representation type="RESPONSE"><con:mediaType>application/json</con:mediaType><con:status>200</con:status><con:params/></con:representation><con:request name="Request 1" id="57c92642-b1c2-4d0f-81a3-9eb2db02ffaa" mediaType="application/json" postQueryString="false" sslKeystore="moorgate.pkcs12"><con:settings><con:setting id="com.eviware.soapui.impl.wsdl.WsdlRequest@request-headers">&lt;xml-fragment xmlns:con="http://eviware.com/soapui/config">
  &lt;con:entry key="content-type" value="application/json"/>
  &lt;con:entry key="consumer-transaction-id" value="123456789"/>
&lt;/xml-fragment></con:setting></con:settings><con:endpoint>https://localhost:5555</con:endpoint><con:request>{
	"firmwareValidationReport": {
		"requestId": "123e4567-e89b-12d3-a456-426655440000",
		"totalParts": 1,
		"partNumber": 1,
		"status": 15,
		"invalidDeliveryPoint": [
			{"commsHubId": " C9-F8-3F-DB-B7-63-41-B9",
			 "businessTargetId": "8E-62-33-A5-4F-00-44-65"}
		]
	}
} 
</con:request><con:originalUri>https://localhost/commsHub/firmwareValidationReport</con:originalUri><con:credentials><con:authType>No Authorization</con:authType></con:credentials><con:jmsConfig JMSDeliveryMode="PERSISTENT"/><con:jmsPropertyConfig/><con:parameters/></con:request></con:method></con:resource><con:resource name="submitCSRBatch" path="/commsHub/submitCSRBatch" id="4409ff9e-afd2-4d3c-b470-6a66778b9330"><con:settings/><con:parameters/><con:method name="SubmitCSRBatch" id="dd552bfb-57b1-471b-9a68-885571ad7711" method="POST"><con:settings/><con:parameters/><con:representation type="RESPONSE"><con:mediaType>application/xml</con:mediaType><con:status>200</con:status><con:params/><con:element xmlns:bat="http://SMKI.com/CSR/Batch">bat:SubmitCSRBatchStatus</con:element></con:representation><con:request name="Request 1" id="a95f0a9f-2874-4a23-a313-4cc9e716be8e" mediaType="application/json" postQueryString="false" sslKeystore="moorgate.pkcs12"><con:settings><con:setting id="com.eviware.soapui.impl.wsdl.WsdlRequest@request-headers">&lt;xml-fragment xmlns:con="http://eviware.com/soapui/config">
  &lt;con:entry key="content-type" value="Application/xml"/>
  &lt;con:entry key="consumer-transaction-id" value="123456"/>
&lt;/xml-fragment></con:setting></con:settings><con:endpoint>https://localhost:4051</con:endpoint><con:request><![CDATA[<SubmitCSRBatch ID="a" xmlns="http://SMKI.com/CSR/Batch" xmlns:xsi="http://www.w3.org/2001/XMLSchema-instance">
	<Version>1.0</Version>
	<DeviceCSR ID="ID0"> MIIBDTCBtAIBADAAMFkwEwYHKoZIzj0CAQYIKoZIzj0DAQcDQgAEzg8s5FYCzGvCzb3hC4KAiNOfBKHmBBhqOIEI+Wn0mrWNu1exXBzPx6Vjy2rOP7aTxWSVSSnUXkv8s5cLwYOsHqBSMFAGCSqGSIb3IACy52PPLM8E47WpP9bF0QHhtMdD+SNHXESeEHULdtQN</DeviceCSR>
	<DeviceCSR ID="ID1"> MIIBDTCBtAIBADAAMFkwEwYHKoZIzj0CAQYIKoZIzj0DAQcDQgAEzg8s5FYCzGvCzb3hC4KAiNOfBKHmBBhqOIEI+Wn0mrWNu1exXBzPx6Vjy2rOP7aTxWSVSSnUXkv8s5cLwYOsHqBSMFAGCSqGSIb3IACy52PPLM8E47WpP9bF0QHhtMdD+SNHXESeEHULdtQN</DeviceCSR>
	<DeviceCSR ID="ID2"> MIIBDTCBtAIBADAAMFkwEwYHKoZIzj0CAQYIKoZIzj0DAQcDQgAEzg8s5FYCzGvCzb3hC4KAiNOfBKHmBBhqOIEI+Wn0mrWNu1exXBzPx6Vjy2rOP7aTxWSVSSnUXkv8s5cLwYOsHqBSMFAGCSqGSIb3IACy52PPLM8E47WpP9bF0QHhtMdD+SNHXESeEHULdtQN</DeviceCSR>
</SubmitCSRBatch>
]]></con:request><con:credentials><con:authType>No Authorization</con:authType></con:credentials><con:jmsConfig JMSDeliveryMode="PERSISTENT"/><con:jmsPropertyConfig/><con:parameters/></con:request></con:method></con:resource><con:resource name="CSRBatchResult" path="/testcommsHub/CSRBatchResult" id="a893ce74-b1d6-4347-b690-af646c45e674"><con:settings/><con:parameters><con:parameter><con:name>BatchId</con:name><con:value/><con:style>QUERY</con:style><con:default/><con:description xsi:nil="true"/></con:parameter></con:parameters><con:method name="CSRBatchResult" id="fc31dec2-00c0-46a1-af9f-13a7c273a0df" method="GET"><con:settings/><con:parameters/><con:representation type="RESPONSE"><con:mediaType>application/xml</con:mediaType><con:status>200</con:status><con:params/><con:element xmlns:bat="http://SMKI.com/CSR/Batch">bat:CSRBatchResult</con:element></con:representation><con:representation type="FAULT"><con:mediaType>application/xml</con:mediaType><con:status>500</con:status><con:params/><con:element xmlns:bat="http://SMKI.com/CSR/Batch">bat:CSRBatchResult</con:element></con:representation><con:request name="Request 1" id="11572c88-c0e3-4fbe-9ed9-8c5cca4f702c" mediaType="application/json" sslKeystore="moorgate.pkcs12"><con:settings><con:setting id="com.eviware.soapui.impl.wsdl.WsdlRequest@request-headers">&lt;xml-fragment xmlns:con="http://eviware.com/soapui/config">
  &lt;con:entry key="content-type" value="Application/xml"/>
  &lt;con:entry key="consumer-transaction-id" value="123456"/>
&lt;/xml-fragment></con:setting></con:settings><con:endpoint>https://localhost:5555</con:endpoint><con:request/><con:originalUri>https://localhost/testcommsHub/CSRBatchResult</con:originalUri><con:credentials><con:authType>No Authorization</con:authType></con:credentials><con:jmsConfig JMSDeliveryMode="PERSISTENT"/><con:jmsPropertyConfig/><con:parameters><entry key="BatchId" value="99" xmlns="http://eviware.com/soapui/config"/></con:parameters><con:parameterOrder><con:entry>BatchId</con:entry></con:parameterOrder></con:request></con:method></con:resource><con:resource name="commsHubCommand" path="/testcommsHub/commsHubCommand" id="3cde990a-bb24-4c09-82ca-08ef0e97f715"><con:settings/><con:parameters/><con:method name="CommsHubCommand" id="cce28f84-8ed9-4aea-8147-7f61998d8cd2" method="POST"><con:settings/><con:parameters/><con:representation type="FAULT"><con:mediaType>application/json</con:mediaType><con:status>500</con:status><con:params/><con:element xmlns:com="https://localhost/testcommsHub/commsHubCommand">com:Fault</con:element></con:representation><con:representation type="RESPONSE"><con:mediaType>application/json</con:mediaType><con:status>200</con:status><con:params/><con:element xmlns:com="https://localhost/testcommsHub/commsHubCommand">com:Response</con:element></con:representation><con:request name="Request 1" id="9a9c6b4b-7cba-417c-a80d-5c5a30dfbede" mediaType="application/json" postQueryString="false" sslKeystore="moorgate.pkcs12"><con:settings><con:setting id="com.eviware.soapui.impl.wsdl.WsdlRequest@request-headers">&lt;xml-fragment xmlns:con="http://eviware.com/soapui/config">
  &lt;con:entry key="content-type" value="application/json"/>
  &lt;con:entry key="consumer-transaction-id" value="123456789"/>
&lt;/xml-fragment></con:setting></con:settings><con:endpoint>https://localhost:5555</con:endpoint><con:request>{"commsHubCommandRequest": {    "requestId": "70-B3-D5-1F-30-00-A0-04:88-73-84-51-00-00-BE-28:1488386440169",    "commandVariant": "5",    "serviceReference": "6.17",    "serviceReferenceVariant": "6.17",    "gbcsPayload": "3wkBAAABWoq+u+kIcLPVHzAAoAQIiHOEAQAAvigAAgAKBjAEAwIHgEDgSNtZ3ONMu/sXeMNpnxHyF4cF9MBNExNLezmn0Q51W5t0Ki0U0BPjI6gQPFLmdKmrwussQEBcvdGWkuzK87w5"}}</con:request><con:originalUri>https://localhost/testcommsHub/commsHubCommand</con:originalUri><con:credentials><con:authType>No Authorization</con:authType></con:credentials><con:jmsConfig JMSDeliveryMode="PERSISTENT"/><con:jmsPropertyConfig/><con:parameters/></con:request></con:method></con:resource><con:resource name="commsHubResponse" path="/testcommsHub/commsHubResponse" id="0174a721-163e-4b76-9fd6-104bb5adf990"><con:settings/><con:parameters/><con:method name="CommsHubResponse" id="a8c56c4f-5c2e-449b-9bda-ff2f25ab6610" method="POST"><con:settings/><con:parameters/><con:representation type="FAULT"><con:mediaType>application/xml</con:mediaType><con:status>500 400</con:status><con:params/></con:representation><con:representation type="RESPONSE"><con:mediaType>application/xml</con:mediaType><con:status>200</con:status><con:params/></con:representation><con:request name="Request 1" id="5a769007-efaa-4636-a3f1-9ce80e221f01" mediaType="application/xml" postQueryString="false" sslKeystore="moorgate.pkcs12"><con:settings><con:setting id="com.eviware.soapui.impl.wsdl.WsdlRequest@request-headers">&lt;xml-fragment xmlns:con="http://eviware.com/soapui/config">
  &lt;con:entry key="content-type" value="application/xml"/>
  &lt;con:entry key="consumer-transaction-id" value="123456789"/>
&lt;/xml-fragment></con:setting></con:settings><con:endpoint>https://localhost:4051</con:endpoint><con:request><![CDATA[<Response xmlns:ds="http://www.w3.org/2000/09/xmldsig#"
    xmlns="http://www.dcc.com/ServiceUserGateway"
    xmlns:xsi="http://www.w3.org/2001/XMLSchema-instance"
    schemaVersion="1.0">
    <Header>
        <RequestID>11-22-33-44-55-66-77-88:99-00-AA-BB-CC-DD-EE-FF:50</RequestID>
        <ResponseID>99-00-AA-BB-CC-DD-EE-FF:11-22-33-44-55-66-77-88:50</ResponseID>
        <ResponseCode>I99</ResponseCode>
        <ResponseDateTime>2015-09-24T09:00:00</ResponseDateTime>
    </Header>
    <Body>
        <ResponseMessage>
            <GBCSPayload>ZGVmYXVsdA==</GBCSPayload>
        </ResponseMessage>
    </Body>
</Response>]]></con:request><con:credentials><con:authType>No Authorization</con:authType></con:credentials><con:jmsConfig JMSDeliveryMode="PERSISTENT"/><con:jmsPropertyConfig/><con:parameters/></con:request></con:method></con:resource><con:resource name="firmwareValidationReport" path="/testcommsHub/firmwareValidationReport" id="c2937039-628e-4b4f-9242-2d758e0941e2"><con:settings/><con:parameters/><con:method name="FirmwareValidationReport" id="af54a65d-1eeb-4ee4-8c3f-29199953115d" method="POST"><con:settings/><con:parameters/><con:representation type="FAULT"><con:mediaType>application/json</con:mediaType><con:status>500 400</con:status><con:params/></con:representation><con:representation type="RESPONSE"><con:mediaType>application/json</con:mediaType><con:status>200</con:status><con:params/></con:representation><con:request name="Request 1" id="08945b3c-62c0-4d7b-aa52-3fc552285587" mediaType="application/json" postQueryString="false" sslKeystore="moorgate.pkcs12"><con:settings><con:setting id="com.eviware.soapui.impl.wsdl.WsdlRequest@request-headers">&lt;xml-fragment xmlns:con="http://eviware.com/soapui/config">
  &lt;con:entry key="content-type" value="application/json"/>
  &lt;con:entry key="consumer-transaction-id" value="123456789"/>
&lt;/xml-fragment></con:setting></con:settings><con:endpoint>https://localhost:4051</con:endpoint><con:request>{
	"firmwareValidationReport": {
		"requestId": "123e4567-e89b-12d3-a456-426655440000",
		"totalParts": 1,
		"partNumber": 1,
		"status": 15,
		"invalidDeliveryPoint": [
			{"commsHubId": " C9-F8-3F-DB-B7-63-41-B9",
			 "businessTargetId": "8E-62-33-A5-4F-00-44-65"}
		]
	}
}</con:request><con:credentials><con:authType>No Authorization</con:authType></con:credentials><con:jmsConfig JMSDeliveryMode="PERSISTENT"/><con:jmsPropertyConfig/><con:parameters/></con:request></con:method></con:resource><con:resource name="submitCSRBatch" path="/testcommsHub/submitCSRBatch" id="0ad2ebc0-6b60-4284-a9fd-e3f11ee2808a"><con:settings/><con:parameters/><con:method name="SubmitCSRBatch" id="fd2eaef6-13f9-4d42-a9c2-2d326e0eafeb" method="POST"><con:settings/><con:parameters/><con:representation type="RESPONSE"><con:mediaType>application/xml</con:mediaType><con:status>200</con:status><con:params/><con:element xmlns:bat="http://SMKI.com/CSR/Batch">bat:SubmitCSRBatchStatus</con:element></con:representation><con:request name="Request 1" id="4634638c-25f3-4205-bd1a-f577234f37c3" mediaType="application/json" postQueryString="false" sslKeystore="moorgate.pkcs12"><con:settings><con:setting id="com.eviware.soapui.impl.wsdl.WsdlRequest@request-headers">&lt;xml-fragment xmlns:con="http://eviware.com/soapui/config">
  &lt;con:entry key="content-type" value="Application/xml"/>
  &lt;con:entry key="consumer-transaction-id" value="123456"/>
&lt;/xml-fragment></con:setting></con:settings><con:endpoint>https://localhost:5555</con:endpoint><con:request><![CDATA[<SubmitCSRBatch ID="a" xmlns="http://SMKI.com/CSR/Batch" xmlns:xsi="http://www.w3.org/2001/XMLSchema-instance">
	<Version>1.0</Version>
	<DeviceCSR ID="ID0"> MIIBDTCBtAIBADAAMFkwEwYHKoZIzj0CAQYIKoZIzj0DAQcDQgAEzg8s5FYCzGvCzb3hC4KAiNOfBKHmBBhqOIEI+Wn0mrWNu1exXBzPx6Vjy2rOP7aTxWSVSSnUXkv8s5cLwYOsHqBSMFAGCSqGSIb3IACy52PPLM8E47WpP9bF0QHhtMdD+SNHXESeEHULdtQN</DeviceCSR>
	<DeviceCSR ID="ID1"> MIIBDTCBtAIBADAAMFkwEwYHKoZIzj0CAQYIKoZIzj0DAQcDQgAEzg8s5FYCzGvCzb3hC4KAiNOfBKHmBBhqOIEI+Wn0mrWNu1exXBzPx6Vjy2rOP7aTxWSVSSnUXkv8s5cLwYOsHqBSMFAGCSqGSIb3IACy52PPLM8E47WpP9bF0QHhtMdD+SNHXESeEHULdtQN</DeviceCSR>
	<DeviceCSR ID="ID2"> MIIBDTCBtAIBADAAMFkwEwYHKoZIzj0CAQYIKoZIzj0DAQcDQgAEzg8s5FYCzGvCzb3hC4KAiNOfBKHmBBhqOIEI+Wn0mrWNu1exXBzPx6Vjy2rOP7aTxWSVSSnUXkv8s5cLwYOsHqBSMFAGCSqGSIb3IACy52PPLM8E47WpP9bF0QHhtMdD+SNHXESeEHULdtQN</DeviceCSR>
</SubmitCSRBatch>]]></con:request><con:originalUri>https://localhost/testcommsHub/submitCSRBatch</con:originalUri><con:credentials><con:authType>No Authorization</con:authType></con:credentials><con:jmsConfig JMSDeliveryMode="PERSISTENT"/><con:jmsPropertyConfig/><con:parameters/></con:request></con:method></con:resource><con:resource name="job-single-operation" path="/commsHub/commsHubDMMOperations/api2/external/v3/dmm/5734637338168318d3b1e5b1/job-single-operation" id="d70ffed8-c510-4672-bab2-2631be509ff3"><con:settings/><con:parameters/><con:method name="JobSingleOperation" id="05e70e39-0318-4942-8176-5f9c0f838ea1" method="POST"><con:settings/><con:parameters/><con:representation type="FAULT"><con:mediaType>application/json</con:mediaType><con:status>500 400</con:status><con:params/><con:element xmlns:job="https://localhost/commsHub/commsHubDMMOperations/api2/external/v3/dmm/123456/job-single-operation">job:Fault</con:element></con:representation><con:representation type="RESPONSE"><con:mediaType>application/json</con:mediaType><con:status>200</con:status><con:params/><con:element xmlns:job="https://localhost/commsHub/commsHubDMMOperations/api2/external/v3/dmm/123456/job-single-operation">job:Response</con:element></con:representation><con:representation type="RESPONSE"><con:mediaType xsi:nil="true"/><con:status>0</con:status><con:params/><con:element>data</con:element></con:representation><con:representation type="RESPONSE"><con:mediaType xsi:nil="true"/><con:status>0</con:status><con:params/><con:element>data</con:element></con:representation><con:representation type="RESPONSE"><con:mediaType xsi:nil="true"/><con:status>0</con:status><con:params/><con:element>data</con:element></con:representation><con:representation type="RESPONSE"><con:mediaType xsi:nil="true"/><con:status>0</con:status><con:params/><con:element>data</con:element></con:representation><con:representation type="RESPONSE"><con:mediaType xsi:nil="true"/><con:status>0</con:status><con:params/><con:element>data</con:element></con:representation><con:representation type="FAULT"><con:mediaType>text/html</con:mediaType><con:status>403</con:status><con:params/><con:element>html</con:element></con:representation><con:request name="Request 1" id="5951819d-e762-44e9-86a4-394bea529286" mediaType="application/json" postQueryString="false" sslKeystore="smip-testsupport.pkcs12"><con:settings><con:setting id="com.eviware.soapui.impl.wsdl.WsdlRequest@request-headers">&lt;xml-fragment xmlns:con="http://eviware.com/soapui/config">
  &lt;con:entry key="content-type" value="application/json"/>
  &lt;con:entry key="consumer-transaction-id" value="1234567890"/>
  &lt;con:entry key="Unica-Application" value="t1jkWNYcz8BysG5icY29YBdDR9TDka12zId0xMvNeZ4-4fbfddfb-05ae-4eb3-a94c-979c0bcf7559"/>
&lt;/xml-fragment></con:setting></con:settings><con:endpoint>https://localhost:8362</con:endpoint><con:request>{
	"deviceId": "00-0B-6B-51-00-00-14-BA",
	"callbackMethod":"post",
	"callbackUrl": "https://localhost:8022",
	"request": 
	{
		"name": "COMMISSIONING_ACTIVATION"}
		}

</con:request><con:originalUri>https://localhost/commsHub/commsHubDMMOperations/api2/external/v3/dmm/123456/job-single-operation</con:originalUri><con:credentials><con:authType>No Authorization</con:authType></con:credentials><con:jmsConfig JMSDeliveryMode="PERSISTENT"/><con:jmsPropertyConfig/><con:parameters/></con:request></con:method></con:resource><con:resource name="commsHubInstallSuccess" path="/commsHub/commsHubInstallSuccess" id="18cb568e-d9ad-4913-834a-9bf95883a51d"><con:settings/><con:parameters/><con:method name="CommsHubInstallSuccess" id="a441e5c1-ce0a-4b76-b6ce-de791d506c7f" method="POST"><con:settings/><con:parameters/><con:representation type="RESPONSE"><con:mediaType>application/json</con:mediaType><con:status>200</con:status><con:params/><con:element xmlns:com="https://localhost/commsHub/commsHubInstallSuccess">com:Response</con:element></con:representation><con:representation type="FAULT"><con:mediaType>application/json</con:mediaType><con:status>500</con:status><con:params/></con:representation><con:request name="Request 1" id="6ca63416-e68f-403f-8ecd-e7dc808eec37" mediaType="application/json" postQueryString="false" sslKeystore="moorgate.pkcs12"><con:settings><con:setting id="com.eviware.soapui.impl.wsdl.WsdlRequest@request-headers">&lt;xml-fragment xmlns:con="http://eviware.com/soapui/config">
  &lt;con:entry key="content-type" value="application/Json"/>
  &lt;con:entry key="consumer-transaction-id" value="123456"/>
&lt;/xml-fragment></con:setting></con:settings><con:endpoint>https://localhost:5555</con:endpoint><con:request>{
"commsHubInstallSuccessRequest": {
    "requestId": "123e4567-e89b-12d3-a456-426655440000",
    "serviceUserId": "05-06-A7-B8-CC-DD-EE-FF",
    "commsHubId": "99-00-AA-BB-CC-DD-EE-FF",
    "installType": "New CHF Install",
    "installDateTime": "2006-05-04 18:13:51",
    "mpxn": "1234567890123",
    "registeredAddress": {
        "addressLine1": "1 High Street",
        "addressLine2": "Smallville",
        "addressLine3": "",
        "postcode": "SV1 1AB",
        "uprn": "2347654"},
    "registrationStatus": true,
    "userRefId": "UserRefID0",
    "aerialInstalled": false,
    "location": "Outside Premises",
    "additionalInformation": "AdditionalInformation0"
    }
}</con:request><con:originalUri>https://localhost/commsHub/commsHubInstallSuccess</con:originalUri><con:credentials><con:authType>No Authorization</con:authType></con:credentials><con:jmsConfig JMSDeliveryMode="PERSISTENT"/><con:jmsPropertyConfig/><con:parameters/></con:request></con:method></con:resource></con:interface><con:testSuite id="e9bddb15-d197-4cc9-a437-001c7d6e4e10" name="TestSuite"><con:settings/><con:runType>SEQUENTIAL</con:runType><con:testCase id="01a3acc1-8412-4f11-a7fb-bd17186e41ed" failOnError="true" failTestCaseOnErrors="true" keepSession="false" maxResults="0" name="CSRBatchResult" searchProperties="true"><con:settings/><con:testStep type="restrequest" name="CSRBatchResult - Request 1" id="b83af23d-576f-483c-bdc5-8f3262cd30d9"><con:settings/><con:config service="https://localhost:4051" resourcePath="/commsHub/CSRBatchResult" methodName="CSRBatchResult" xsi:type="con:RestRequestStep" xmlns:xsi="http://www.w3.org/2001/XMLSchema-instance"><con:restRequest name="CSRBatchResult - Request 1" id="7ba5373b-ca3f-41c4-94c6-b1c59bd19e7c" mediaType="application/json" postQueryString="false" sslKeystore="moorgate.pkcs12"><con:settings><con:setting id="com.eviware.soapui.impl.wsdl.WsdlRequest@request-headers">&lt;xml-fragment xmlns:con="http://eviware.com/soapui/config">
  &lt;con:entry key="content-type" value="Application/xml"/>
  &lt;con:entry key="consumer-transaction-id" value="123456"/>
&lt;/xml-fragment></con:setting></con:settings><con:endpoint>https://localhost:6302</con:endpoint><con:request><![CDATA[<CSRBatchResult ID="b1999">
	<Version>1.0</Version>
	<Build>2.0.8</Build>
	<BatchStatus>COMPLETED</BatchStatus>
	<BatchId>1234</BatchId>
	<DeviceCertificate ID="ID000000">
	<Status>SUCCESS</Status>
	<Certificate>UjBsR09EbGhjZ0dTQUxNQUF………..Q1p0dU1GUXhEUzhi</Certificate>
	</DeviceCertificate>
	<DeviceCertificate ID="ID000001">
		<Status>CSR_ERROR</Status>
	                <Error>
			<ErrorCode>CR:CC1</ErrorCode>
			<ErrorText>Wrong CSR OID</ErrorText>
		</Error>
	</DeviceCertificate>
	<DeviceCertificate ID="ID000002">
		<Status>SUCCESS</Status>
		<Certificate>UjBsR09EbGhjZ0d…………Q1p0dU1GUXhEUzhi</Certificate>
	</DeviceCertificate>
</CSRBatchResult>
]]></con:request><con:originalUri>https://localhost/commsHub/CSRBatchResult</con:originalUri><con:assertion type="Valid HTTP Status Codes" id="1d09058d-8d96-4db0-954c-2e9282a024d0" name="Valid HTTP Status Codes"><con:configuration><codes>200</codes></con:configuration></con:assertion><con:credentials><con:authType>No Authorization</con:authType></con:credentials><con:jmsConfig JMSDeliveryMode="PERSISTENT"/><con:jmsPropertyConfig/><con:parameters><entry key="BatchId" value="99" xmlns="http://eviware.com/soapui/config"/></con:parameters><con:parameterOrder><con:entry>BatchId</con:entry></con:parameterOrder></con:restRequest></con:config></con:testStep><con:properties/></con:testCase><con:testCase id="e112f96b-84bf-4424-bf31-76eeed220ef5" failOnError="true" failTestCaseOnErrors="true" keepSession="false" maxResults="0" name="CommsHubCommand" searchProperties="true"><con:settings/><con:testStep type="restrequest" name="CommsHubCommand - Request 1" id="885a773e-b3e0-4384-9989-538d36e7c02a"><con:settings/><con:config service="https://localhost:4051" resourcePath="/commsHub/commsHubCommand" methodName="CommsHubCommand" xsi:type="con:RestRequestStep" xmlns:xsi="http://www.w3.org/2001/XMLSchema-instance"><con:restRequest name="CommsHubCommand - Request 1" id="2bffc87d-a69d-4a96-9900-92bf0f4002fc" mediaType="application/json" postQueryString="false" sslKeystore="moorgate.pkcs12"><con:settings><con:setting id="com.eviware.soapui.impl.wsdl.WsdlRequest@request-headers">&lt;xml-fragment xmlns:con="http://eviware.com/soapui/config">
  &lt;con:entry key="content-type" value="application/json"/>
  &lt;con:entry key="consumer-transaction-id" value="123456789"/>
&lt;/xml-fragment></con:setting></con:settings><con:endpoint>https://localhost:6302</con:endpoint><con:request>{"commsHubCommandRequest": 
{    "requestId": "70-B3-D5-1F-30-00-A0-04:88-73-84-51-00-00-BE-28:1488386440169",    
"commandVariant": "5",    
"serviceReference": "6.17",    
"serviceReferenceVariant": "6.17",    
"gbcsPayload": "3wkBAAABWoq+u+kIcLPVHzAAoAQIiHOEAQAAvigAAgAKBjAEAwIHgEDgSNtZ3ONMu/sXeMNpnxHyF4cF9MBNExNLezmn0Q51W5t0Ki0U0BPjI6gQPFLmdKmrwussQEBcvdGWkuzK87w5"}}

</con:request><con:originalUri>https://localhost/commsHub/commsHubCommand</con:originalUri><con:assertion type="Valid HTTP Status Codes" id="130c3daf-fe01-4cc0-be02-ef48e1f16a27" name="Valid HTTP Status Codes"><con:configuration><codes>200</codes></con:configuration></con:assertion><con:credentials><con:authType>No Authorization</con:authType></con:credentials><con:jmsConfig JMSDeliveryMode="PERSISTENT"/><con:jmsPropertyConfig/><con:parameters/></con:restRequest></con:config></con:testStep><con:properties/></con:testCase><con:testCase id="dc9f1160-0c7d-4882-943b-e46b345023ed" failOnError="true" failTestCaseOnErrors="true" keepSession="false" maxResults="0" name="CommsHubDMMOperationNotification" searchProperties="true"><con:settings/><con:testStep type="restrequest" name="CommsHubDMMOperationNotification - Request 1" id="8bacfac5-70e1-475b-b666-0a8a294302c0"><con:settings/><con:config service="https://localhost:4051" resourcePath="/commsHub/commsHubDMMOperationNotification" methodName="CommsHubDMMOperationNotification" xsi:type="con:RestRequestStep" xmlns:xsi="http://www.w3.org/2001/XMLSchema-instance"><con:restRequest name="CommsHubDMMOperationNotification - Request 1" id="38e7b807-af02-4b99-ab4c-2fb0899a39bc" mediaType="application/json" postQueryString="false" sslKeystore="moorgate.pkcs12"><con:settings><con:setting id="com.eviware.soapui.impl.wsdl.WsdlRequest@request-headers">&lt;xml-fragment xmlns:con="http://eviware.com/soapui/config">
  &lt;con:entry key="content-type" value="application/json"/>
  &lt;con:entry key="consumer-transaction-id" value="1234567890"/>
&lt;/xml-fragment></con:setting></con:settings><con:endpoint>https://localhost:6302</con:endpoint><con:request>{
    "entityId": "c697e8dc-994b-4fc1-8647-069febaf6f80",
    "entityType": "job",
    "action": "finish",
    "serviceId": "343434343434343343434",
    "created": 1396562400,
    "namespace": "dmm",
    "pushEventData": true,
    "forceFinish": true,
    "eventData": {
        "id": "c697e8dc-994b-4fc1-8647-069febaf6f80",
        "report": {
            "execution": {
                "activatedDate": "2015-04-10T10:38:05Z",
                "finishedDate": "2015-04-10T10:38:07Z",
                "startedDate": "2015-04-10T10:38:05Z"
            },
            "summary": {
                "finished": {
                    "cancelled": {
                        "byEngine": 0,
                        "byExternal": 0,
                        "byExternalTimeout": 0,
                        "byTimeout": 0,
                        "byUser": 0,
                        "total": 0
                    },
                    "error": 0,
                    "successful": 1,
                    "total": 1
                },
                "inProgress": {
                    "pendingExecution": 0,
                    "scheduled": 0,
                    "started": 0,
                    "total": 0
                },
                "status": "FINISHED",
                "total": 1
            }
        },
        "request": {
            "active": false,
            "contractId": "54cb7260251d9331d2e616c6",
            "name": "ADD_TO_TEST_MESSAGE_BL",
            "notify": false,
            "parameters": {},
            "user": "tef_portal_smip@amplia.es",
            "userNotes": "cert:54f72542251d936b18acedb1"
        }
    }
}
</con:request><con:originalUri>https://localhost/commsHub/commsHubDMMOperationNotification</con:originalUri><con:assertion type="Valid HTTP Status Codes" id="e3cb9783-c892-4834-b0bc-b2c9d3effba8" name="Valid HTTP Status Codes"><con:configuration><codes>200</codes></con:configuration></con:assertion><con:credentials><con:authType>No Authorization</con:authType></con:credentials><con:jmsConfig JMSDeliveryMode="PERSISTENT"/><con:jmsPropertyConfig/><con:parameters/></con:restRequest></con:config></con:testStep><con:properties/></con:testCase><con:testCase id="642c6a52-bb22-4ad1-9af1-727a9efdb723" failOnError="true" failTestCaseOnErrors="true" keepSession="false" maxResults="0" name="CommsHubResponse" searchProperties="true"><con:settings/><con:testStep type="restrequest" name="CommsHubResponse - Request 1" id="4a63e0cd-c300-4689-a0bc-c3201fd4216a"><con:settings/><con:config service="https://localhost:4051" resourcePath="/commsHub/commsHubResponse" methodName="CommsHubResponse" xsi:type="con:RestRequestStep" xmlns:xsi="http://www.w3.org/2001/XMLSchema-instance"><con:restRequest name="CommsHubResponse - Request 1" id="a9bfa85a-81ab-4f4c-9ba5-f5ecaadfb584" mediaType="application/xml" postQueryString="false" sslKeystore="moorgate.pkcs12"><con:settings><con:setting id="com.eviware.soapui.impl.wsdl.WsdlRequest@request-headers">&lt;xml-fragment xmlns:con="http://eviware.com/soapui/config">
  &lt;con:entry key="content-type" value="application/xml"/>
  &lt;con:entry key="consumer-transaction-id" value="123456789"/>
&lt;/xml-fragment></con:setting></con:settings><con:endpoint>https://localhost:6302</con:endpoint><con:request><![CDATA[<Response xmlns:ds="http://www.w3.org/2000/09/xmldsig#"
    xmlns="http://www.dccinterface.co.uk/ServiceUserGateway"
    xmlns:xsi="http://www.w3.org/2001/XMLSchema-instance"
    schemaVersion="2.0">
    <Header>
        <RequestID>11-22-33-44-55-66-77-88:99-00-AA-BB-CC-DD-EE-FF:50</RequestID>
        <ResponseID>99-00-AA-BB-CC-DD-EE-FF:11-22-33-44-55-66-77-88:50</ResponseID>
        <ResponseCode>I99</ResponseCode>
        <ResponseDateTime>2015-09-24T09:00:00</ResponseDateTime>
    </Header>
    <Body>
        <ResponseMessage>
            
            <ServiceReference>6.5</ServiceReference>
            <ServiceReferenceVariant>6.5</ServiceReferenceVariant>
            <GBCSPayload>ZGVmYXVsdA==</GBCSPayload>
        </ResponseMessage>
    </Body>
</Response>
]]></con:request><con:originalUri>https://localhost/commsHub/commsHubResponse</con:originalUri><con:assertion type="Valid HTTP Status Codes" id="a1d833b4-b3b6-4afa-b3f1-6ca107d038a3" name="Valid HTTP Status Codes"><con:configuration><codes>200</codes></con:configuration></con:assertion><con:credentials><con:authType>No Authorization</con:authType></con:credentials><con:jmsConfig JMSDeliveryMode="PERSISTENT"/><con:jmsPropertyConfig/><con:parameters/></con:restRequest></con:config></con:testStep><con:properties/></con:testCase><con:testCase id="44e2c5d3-f96b-4317-a653-74988a7b74e4" failOnError="true" failTestCaseOnErrors="true" keepSession="false" maxResults="0" name="FirmwareValidationReport" searchProperties="true"><con:settings/><con:testStep type="restrequest" name="FirmwareValidationReport - Request 1" id="b935612e-2228-4184-b57c-1a73f80820ad"><con:settings/><con:config service="https://localhost:4051" resourcePath="/commsHub/firmwareValidationReport" methodName="FirmwareValidationReport" xsi:type="con:RestRequestStep" xmlns:xsi="http://www.w3.org/2001/XMLSchema-instance"><con:restRequest name="FirmwareValidationReport - Request 1" id="57c92642-b1c2-4d0f-81a3-9eb2db02ffaa" mediaType="application/json" postQueryString="false" sslKeystore="moorgate.pkcs12"><con:settings><con:setting id="com.eviware.soapui.impl.wsdl.WsdlRequest@request-headers">&lt;xml-fragment xmlns:con="http://eviware.com/soapui/config">
  &lt;con:entry key="content-type" value="application/json"/>
  &lt;con:entry key="consumer-transaction-id" value="123456789"/>
&lt;/xml-fragment></con:setting></con:settings><con:endpoint>https://localhost:6302</con:endpoint><con:request>{
	"firmwareValidationReport": {
		"requestId": "123e4567-e89b-12d3-a456-426655440000",
		"totalParts": 1,
		"partNumber": 1,
		"status": 15,
		"invalidDeliveryPoint": [
			{"commsHubId": " C9-F8-3F-DB-B7-63-41-B9",
			 "businessTargetId": "8E-62-33-A5-4F-00-44-65"}
		]
	}
} 
</con:request><con:originalUri>https://localhost/commsHub/firmwareValidationReport</con:originalUri><con:assertion type="Valid HTTP Status Codes" id="994bb101-44dd-4085-89c6-e8b847d4aacb" name="Valid HTTP Status Codes"><con:configuration><codes>200</codes></con:configuration></con:assertion><con:credentials><con:authType>No Authorization</con:authType></con:credentials><con:jmsConfig JMSDeliveryMode="PERSISTENT"/><con:jmsPropertyConfig/><con:parameters/></con:restRequest></con:config></con:testStep><con:properties/></con:testCase><con:testCase id="9a339aa7-3007-454c-bf31-dd4778491238" failOnError="true" failTestCaseOnErrors="true" keepSession="false" maxResults="0" name="SubmitCSRBatch" searchProperties="true"><con:settings/><con:testStep type="restrequest" name="SubmitCSRBatch - Request 1" id="b5c95797-74e8-432b-b52e-e6f6ea10b901"><con:settings/><con:config service="https://localhost:4051" resourcePath="/commsHub/submitCSRBatch" methodName="SubmitCSRBatch" xsi:type="con:RestRequestStep" xmlns:xsi="http://www.w3.org/2001/XMLSchema-instance"><con:restRequest name="SubmitCSRBatch - Request 1" id="a95f0a9f-2874-4a23-a313-4cc9e716be8e" mediaType="application/json" postQueryString="false" sslKeystore="moorgate.pkcs12"><con:settings><con:setting id="com.eviware.soapui.impl.wsdl.WsdlRequest@request-headers">&lt;xml-fragment xmlns:con="http://eviware.com/soapui/config">
  &lt;con:entry key="content-type" value="Application/xml"/>
  &lt;con:entry key="consumer-transaction-id" value="123456"/>
&lt;/xml-fragment></con:setting></con:settings><con:endpoint>https://localhost:6302</con:endpoint><con:request><![CDATA[<SubmitCSRBatch ID="a" xmlns="http://SMKI.com/CSR/Batch" xmlns:xsi="http://www.w3.org/2001/XMLSchema-instance">
	<Version>1.0</Version>
	<DeviceCSR ID="ID0"> MIIBDTCBtAIBADAAMFkwEwYHKoZIzj0CAQYIKoZIzj0DAQcDQgAEzg8s5FYCzGvCzb3hC4KAiNOfBKHmBBhqOIEI+Wn0mrWNu1exXBzPx6Vjy2rOP7aTxWSVSSnUXkv8s5cLwYOsHqBSMFAGCSqGSIb3IACy52PPLM8E47WpP9bF0QHhtMdD+SNHXESeEHULdtQN</DeviceCSR>
	<DeviceCSR ID="ID1"> MIIBDTCBtAIBADAAMFkwEwYHKoZIzj0CAQYIKoZIzj0DAQcDQgAEzg8s5FYCzGvCzb3hC4KAiNOfBKHmBBhqOIEI+Wn0mrWNu1exXBzPx6Vjy2rOP7aTxWSVSSnUXkv8s5cLwYOsHqBSMFAGCSqGSIb3IACy52PPLM8E47WpP9bF0QHhtMdD+SNHXESeEHULdtQN</DeviceCSR>
	<DeviceCSR ID="ID2"> MIIBDTCBtAIBADAAMFkwEwYHKoZIzj0CAQYIKoZIzj0DAQcDQgAEzg8s5FYCzGvCzb3hC4KAiNOfBKHmBBhqOIEI+Wn0mrWNu1exXBzPx6Vjy2rOP7aTxWSVSSnUXkv8s5cLwYOsHqBSMFAGCSqGSIb3IACy52PPLM8E47WpP9bF0QHhtMdD+SNHXESeEHULdtQN</DeviceCSR>
</SubmitCSRBatch>
]]></con:request><con:originalUri>https://localhost/commsHub/submitCSRBatch</con:originalUri><con:assertion type="Valid HTTP Status Codes" id="63126561-9baf-4eb7-9519-c20036dd971c" name="Valid HTTP Status Codes"><con:configuration><codes>200</codes></con:configuration></con:assertion><con:credentials><con:authType>No Authorization</con:authType></con:credentials><con:jmsConfig JMSDeliveryMode="PERSISTENT"/><con:jmsPropertyConfig/><con:parameters/></con:restRequest></con:config></con:testStep><con:properties/></con:testCase><con:testCase id="864f2a24-daf8-41bf-8313-57163f409005" failOnError="true" failTestCaseOnErrors="true" keepSession="false" maxResults="0" name="TestCSRBatchResult" searchProperties="true"><con:settings/><con:testStep type="restrequest" name="CSRBatchResult - Request 1" id="8079f243-4266-40a2-8493-cea9eb135dc0"><con:settings/><con:config service="https://localhost:4051" resourcePath="/testcommsHub/CSRBatchResult" methodName="CSRBatchResult" xsi:type="con:RestRequestStep" xmlns:xsi="http://www.w3.org/2001/XMLSchema-instance"><con:restRequest name="CSRBatchResult - Request 1" id="11572c88-c0e3-4fbe-9ed9-8c5cca4f702c" mediaType="application/json" sslKeystore="moorgate.pkcs12"><con:settings><con:setting id="com.eviware.soapui.impl.wsdl.WsdlRequest@request-headers">&lt;xml-fragment xmlns:con="http://eviware.com/soapui/config">
  &lt;con:entry key="content-type" value="Application/xml"/>
  &lt;con:entry key="consumer-transaction-id" value="123456"/>
&lt;/xml-fragment></con:setting></con:settings><con:endpoint>https://localhost:6302</con:endpoint><con:request/><con:originalUri>https://localhost/testcommsHub/CSRBatchResult</con:originalUri><con:assertion type="Valid HTTP Status Codes" id="39d64dfb-7e09-4418-b3a4-9eb06c19f540" name="Valid HTTP Status Codes"><con:configuration><codes>200</codes></con:configuration></con:assertion><con:credentials><con:authType>No Authorization</con:authType></con:credentials><con:jmsConfig JMSDeliveryMode="PERSISTENT"/><con:jmsPropertyConfig/><con:parameters><entry key="BatchId" value="99" xmlns="http://eviware.com/soapui/config"/></con:parameters><con:parameterOrder><con:entry>BatchId</con:entry></con:parameterOrder></con:restRequest></con:config></con:testStep><con:properties/></con:testCase><con:testCase id="b0f57ae8-4b2a-421c-b04e-8c8b1f50272e" failOnError="true" failTestCaseOnErrors="true" keepSession="false" maxResults="0" name="TestCommsHubCommand" searchProperties="true"><con:settings/><con:testStep type="restrequest" name="CommsHubCommand - Request 1" id="15036564-f026-4095-a500-0bc4ddc05e02"><con:settings/><con:config service="https://localhost:4051" resourcePath="/testcommsHub/commsHubCommand" methodName="CommsHubCommand" xsi:type="con:RestRequestStep" xmlns:xsi="http://www.w3.org/2001/XMLSchema-instance"><con:restRequest name="CommsHubCommand - Request 1" id="9a9c6b4b-7cba-417c-a80d-5c5a30dfbede" mediaType="application/json" postQueryString="false" sslKeystore="moorgate.pkcs12"><con:settings><con:setting id="com.eviware.soapui.impl.wsdl.WsdlRequest@request-headers">&lt;xml-fragment xmlns:con="http://eviware.com/soapui/config">
  &lt;con:entry key="content-type" value="application/json"/>
  &lt;con:entry key="consumer-transaction-id" value="123456789"/>
&lt;/xml-fragment></con:setting></con:settings><con:endpoint>https://localhost:6302</con:endpoint><con:request>{"commsHubCommandRequest": {    "requestId": "70-B3-D5-1F-30-00-A0-04:88-73-84-51-00-00-BE-28:1488386440169",    "commandVariant": "5",    "serviceReference": "6.17",    "serviceReferenceVariant": "6.17",    "gbcsPayload": "3wkBAAABWoq+u+kIcLPVHzAAoAQIiHOEAQAAvigAAgAKBjAEAwIHgEDgSNtZ3ONMu/sXeMNpnxHyF4cF9MBNExNLezmn0Q51W5t0Ki0U0BPjI6gQPFLmdKmrwussQEBcvdGWkuzK87w5"}}</con:request><con:originalUri>https://localhost/testcommsHub/commsHubCommand</con:originalUri><con:assertion type="Valid HTTP Status Codes" id="06a66d2d-a8ad-48aa-8f28-70cf050f3850" name="Valid HTTP Status Codes"><con:configuration><codes>200</codes></con:configuration></con:assertion><con:credentials><con:authType>No Authorization</con:authType></con:credentials><con:jmsConfig JMSDeliveryMode="PERSISTENT"/><con:jmsPropertyConfig/><con:parameters/></con:restRequest></con:config></con:testStep><con:properties/></con:testCase><con:testCase id="211c9a8e-2c09-4a27-8f1c-c0d24548a9f2" failOnError="true" failTestCaseOnErrors="true" keepSession="false" maxResults="0" name="TestCommsHubResponse" searchProperties="true"><con:settings/><con:testStep type="restrequest" name="CommsHubResponse - Request 1" id="e428d866-be76-437c-9ebd-66670d5e03b7"><con:settings/><con:config service="https://localhost:4051" resourcePath="/testcommsHub/commsHubResponse" methodName="CommsHubResponse" xsi:type="con:RestRequestStep" xmlns:xsi="http://www.w3.org/2001/XMLSchema-instance"><con:restRequest name="CommsHubResponse - Request 1" id="5a769007-efaa-4636-a3f1-9ce80e221f01" mediaType="application/xml" postQueryString="false" sslKeystore="moorgate.pkcs12"><con:settings><con:setting id="com.eviware.soapui.impl.wsdl.WsdlRequest@request-headers">&lt;xml-fragment xmlns:con="http://eviware.com/soapui/config">
  &lt;con:entry key="content-type" value="application/xml"/>
  &lt;con:entry key="consumer-transaction-id" value="123456789"/>
&lt;/xml-fragment></con:setting></con:settings><con:endpoint>https://localhost:6302</con:endpoint><con:request><![CDATA[<Response xmlns:ds="http://www.w3.org/2000/09/xmldsig#"
    xmlns="http://www.dccinterface.co.uk/ServiceUserGateway"
    xmlns:xsi="http://www.w3.org/2001/XMLSchema-instance"
    schemaVersion="2.0">
    <Header>
        <RequestID>11-22-33-44-55-66-77-88:99-00-AA-BB-CC-DD-EE-FF:50</RequestID>
        <ResponseID>99-00-AA-BB-CC-DD-EE-FF:11-22-33-44-55-66-77-88:50</ResponseID>
        <ResponseCode>I99</ResponseCode>
        <ResponseDateTime>2015-09-24T09:00:00</ResponseDateTime>
    </Header>
    <Body>
        <ResponseMessage>
            
            <ServiceReference>6.5</ServiceReference>
            <ServiceReferenceVariant>6.5</ServiceReferenceVariant>
            <GBCSPayload>ZGVmYXVsdA==</GBCSPayload>
        </ResponseMessage>
    </Body>
</Response>
]]></con:request><con:originalUri>https://localhost/testcommsHub/commsHubResponse</con:originalUri><con:assertion type="Valid HTTP Status Codes" id="011bfb5c-8ccd-4e49-8af0-eb4407fd073f" name="Valid HTTP Status Codes"><con:configuration><codes>200</codes></con:configuration></con:assertion><con:credentials><con:authType>No Authorization</con:authType></con:credentials><con:jmsConfig JMSDeliveryMode="PERSISTENT"/><con:jmsPropertyConfig/><con:parameters/></con:restRequest></con:config></con:testStep><con:properties/></con:testCase><con:testCase id="01faaee8-dafe-4a75-bd89-e186e40a0c9a" failOnError="true" failTestCaseOnErrors="true" keepSession="false" maxResults="0" name="TestFirmwareValidationReport" searchProperties="true"><con:settings/><con:testStep type="restrequest" name="FirmwareValidationReport - Request 1" id="57b30bd4-886e-49a7-ae27-cbf52230093f"><con:settings/><con:config service="https://localhost:4051" resourcePath="/testcommsHub/firmwareValidationReport" methodName="FirmwareValidationReport" xsi:type="con:RestRequestStep" xmlns:xsi="http://www.w3.org/2001/XMLSchema-instance"><con:restRequest name="FirmwareValidationReport - Request 1" id="08945b3c-62c0-4d7b-aa52-3fc552285587" mediaType="application/json" postQueryString="false" sslKeystore="moorgate.pkcs12"><con:settings><con:setting id="com.eviware.soapui.impl.wsdl.WsdlRequest@request-headers">&lt;xml-fragment xmlns:con="http://eviware.com/soapui/config">
  &lt;con:entry key="content-type" value="application/json"/>
  &lt;con:entry key="consumer-transaction-id" value="123456789"/>
&lt;/xml-fragment></con:setting></con:settings><con:endpoint>https://localhost:6302</con:endpoint><con:request>{
	"firmwareValidationReport": {
		"requestId": "123e4567-e89b-12d3-a456-426655440000",
		"totalParts": 1,
		"partNumber": 1,
		"status": 15,
		"invalidDeliveryPoint": [
			{"commsHubId": " C9-F8-3F-DB-B7-63-41-B9",
			 "businessTargetId": "8E-62-33-A5-4F-00-44-65"}
		]
	}
}</con:request><con:originalUri>https://localhost/testcommsHub/firmwareValidationReport</con:originalUri><con:assertion type="Valid HTTP Status Codes" id="9d0be0cf-2985-40d6-aa9b-922adb5068f5" name="Valid HTTP Status Codes"><con:configuration><codes>200</codes></con:configuration></con:assertion><con:credentials><con:authType>No Authorization</con:authType></con:credentials><con:jmsConfig JMSDeliveryMode="PERSISTENT"/><con:jmsPropertyConfig/><con:parameters/></con:restRequest></con:config></con:testStep><con:properties/></con:testCase><con:testCase id="dab62024-e696-4706-84a5-cc55556bd2bb" failOnError="true" failTestCaseOnErrors="true" keepSession="false" maxResults="0" name="TestSubmitCSRBatch" searchProperties="true"><con:settings/><con:testStep type="restrequest" name="SubmitCSRBatch - Request 1" id="9109e899-b77c-4efc-8ad7-c2ea4ca0e72f"><con:settings/><con:config service="https://localhost:4051" resourcePath="/testcommsHub/submitCSRBatch" methodName="SubmitCSRBatch" xsi:type="con:RestRequestStep" xmlns:xsi="http://www.w3.org/2001/XMLSchema-instance"><con:restRequest name="SubmitCSRBatch - Request 1" id="4634638c-25f3-4205-bd1a-f577234f37c3" mediaType="application/json" postQueryString="false" sslKeystore="moorgate.pkcs12"><con:settings><con:setting id="com.eviware.soapui.impl.wsdl.WsdlRequest@request-headers">&lt;xml-fragment xmlns:con="http://eviware.com/soapui/config">
  &lt;con:entry key="content-type" value="Application/xml"/>
  &lt;con:entry key="consumer-transaction-id" value="123456"/>
&lt;/xml-fragment></con:setting></con:settings><con:endpoint>https://localhost:6302</con:endpoint><con:request><![CDATA[<SubmitCSRBatch ID="a" xmlns="http://SMKI.com/CSR/Batch" xmlns:xsi="http://www.w3.org/2001/XMLSchema-instance">
	<Version>1.0</Version>
	<DeviceCSR ID="ID0"> MIIBDTCBtAIBADAAMFkwEwYHKoZIzj0CAQYIKoZIzj0DAQcDQgAEzg8s5FYCzGvCzb3hC4KAiNOfBKHmBBhqOIEI+Wn0mrWNu1exXBzPx6Vjy2rOP7aTxWSVSSnUXkv8s5cLwYOsHqBSMFAGCSqGSIb3IACy52PPLM8E47WpP9bF0QHhtMdD+SNHXESeEHULdtQN</DeviceCSR>
	<DeviceCSR ID="ID1"> MIIBDTCBtAIBADAAMFkwEwYHKoZIzj0CAQYIKoZIzj0DAQcDQgAEzg8s5FYCzGvCzb3hC4KAiNOfBKHmBBhqOIEI+Wn0mrWNu1exXBzPx6Vjy2rOP7aTxWSVSSnUXkv8s5cLwYOsHqBSMFAGCSqGSIb3IACy52PPLM8E47WpP9bF0QHhtMdD+SNHXESeEHULdtQN</DeviceCSR>
	<DeviceCSR ID="ID2"> MIIBDTCBtAIBADAAMFkwEwYHKoZIzj0CAQYIKoZIzj0DAQcDQgAEzg8s5FYCzGvCzb3hC4KAiNOfBKHmBBhqOIEI+Wn0mrWNu1exXBzPx6Vjy2rOP7aTxWSVSSnUXkv8s5cLwYOsHqBSMFAGCSqGSIb3IACy52PPLM8E47WpP9bF0QHhtMdD+SNHXESeEHULdtQN</DeviceCSR>
</SubmitCSRBatch>]]></con:request><con:originalUri>https://localhost/testcommsHub/submitCSRBatch</con:originalUri><con:assertion type="Valid HTTP Status Codes" id="f0358860-dc2b-4dde-bd71-104678ca6d11" name="Valid HTTP Status Codes"><con:configuration><codes>200</codes></con:configuration></con:assertion><con:credentials><con:authType>No Authorization</con:authType></con:credentials><con:jmsConfig JMSDeliveryMode="PERSISTENT"/><con:jmsPropertyConfig/><con:parameters/></con:restRequest></con:config></con:testStep><con:properties/></con:testCase><con:testCase id="5fb5b3aa-ccc8-40c2-b808-b6553b656896" failOnError="true" failTestCaseOnErrors="true" keepSession="false" maxResults="0" name="CommsHubDMMOperation" searchProperties="true"><con:settings/><con:testStep type="restrequest" name="JobSingleOperation - Request 1" id="533a5623-1d99-4d18-8b8d-c4fdaee995eb"><con:settings/><con:config service="https://localhost:4051" resourcePath="/commsHub/commsHubDMMOperations/api2/external/v3/dmm/5734637338168318d3b1e5b1/job-single-operation" methodName="JobSingleOperation" xsi:type="con:RestRequestStep" xmlns:xsi="http://www.w3.org/2001/XMLSchema-instance"><con:restRequest name="JobSingleOperation - Request 1" id="5951819d-e762-44e9-86a4-394bea529286" mediaType="application/json" postQueryString="false" sslKeystore="smip-testsupport.pkcs12"><con:settings><con:setting id="com.eviware.soapui.impl.wsdl.WsdlRequest@request-headers">&lt;xml-fragment xmlns:con="http://eviware.com/soapui/config">
  &lt;con:entry key="content-type" value="application/json"/>
  &lt;con:entry key="Unica-Application" value="t1jkWNYcz8BysG5icY29YBdDR9TDka12zId0xMvNeZ4-4fbfddfb-05ae-4eb3-a94c-979c0bcf7559"/>
&lt;/xml-fragment></con:setting></con:settings><con:endpoint>https://localhost:8362/commsHub/commsHubDMMOperations/api2/external/v3/dmm/5734637338168318d3b1e5b1/job-single-operation</con:endpoint><con:request>{
	"deviceId": "88-73-84-51-00-01-19-F2",
	"callbackMethod":"post",
	"callbackUrl": "https://localhost:8022",
	"consumer-transaction-id":"1234567890"
	"request": {"name": "COMMISSIONING_ACTIVATION"}
	}


</con:request><con:originalUri>https://localhost/commsHub/commsHubDMMOperations/api2/external/v3/dmm/123456/job-single-operation</con:originalUri><con:credentials><con:authType>No Authorization</con:authType></con:credentials><con:jmsConfig JMSDeliveryMode="PERSISTENT"/><con:jmsPropertyConfig/><con:parameters/></con:restRequest></con:config></con:testStep><con:properties/></con:testCase><con:testCase id="67debb13-1260-47c1-ae3c-8984c0015f28" failOnError="true" failTestCaseOnErrors="true" keepSession="false" maxResults="0" name="CommsHubInstallSuccess" searchProperties="true"><con:settings/><con:testStep type="restrequest" name="CommsHubInstallSuccess - Request 1" id="175624bb-1380-4bb3-9bec-3a5e7cec1032"><con:settings/><con:config service="https://localhost:4051" resourcePath="/commsHub/commsHubInstallSuccess" methodName="CommsHubInstallSuccess" xsi:type="con:RestRequestStep" xmlns:xsi="http://www.w3.org/2001/XMLSchema-instance"><con:restRequest name="CommsHubInstallSuccess - Request 1" id="6ca63416-e68f-403f-8ecd-e7dc808eec37" mediaType="application/json" postQueryString="false" sslKeystore="moorgate.pkcs12"><con:settings><con:setting id="com.eviware.soapui.impl.wsdl.WsdlRequest@request-headers">&lt;xml-fragment xmlns:con="http://eviware.com/soapui/config">
  &lt;con:entry key="content-type" value="application/Json"/>
  &lt;con:entry key="consumer-transaction-id" value="123456"/>
&lt;/xml-fragment></con:setting></con:settings><con:endpoint>https://localhost:6302</con:endpoint><con:request>{
"commsHubInstallSuccessRequest": {
    "requestId": "123e4567-e89b-12d3-a456-426655440000",
    "serviceUserId": "05-06-A7-B8-CC-DD-EE-FF",
    "commsHubId": "99-00-AA-BB-CC-DD-EE-FF",
    "installType": "New CHF Install",
    "installDateTime": "2006-05-04 18:13:51",
    "mpxn": "1234567890123",
    "registeredAddress": {
        "addressLine1": "1 High Street",
        "addressLine2": "Smallville",
        "addressLine3": "",
        "postcode": "SV1 1AB",
        "uprn": "2347654"},
    "registrationStatus": true,
    "userRefId": "UserRefID0",
    "aerialInstalled": false,
    "location": "Outside Premises",
    "additionalInformation": "AdditionalInformation0"
    }
}</con:request><con:originalUri>https://localhost/commsHub/commsHubInstallSuccess</con:originalUri><con:assertion type="Valid HTTP Status Codes" id="31bd1009-d8af-411b-8d42-e950e0307c84" name="Valid HTTP Status Codes"><con:configuration><codes>200</codes></con:configuration></con:assertion><con:credentials><con:authType>No Authorization</con:authType></con:credentials><con:jmsConfig JMSDeliveryMode="PERSISTENT"/><con:jmsPropertyConfig/><con:parameters/></con:restRequest></con:config></con:testStep><con:properties/></con:testCase><con:properties/></con:testSuite><con:properties/><con:wssContainer><con:crypto><con:source>D:/SOAPPacks/SMIP/Testsupport/smip-testsupport.pkcs12</con:source><con:password>password</con:password><con:type>KEYSTORE</con:type></con:crypto></con:wssContainer><con:oAuth2ProfileContainer/><con:oAuth1ProfileContainer/><con:sensitiveInformation/></con:soapui-project>