<?xml version="1.0" encoding="UTF-8"?>
<con:soapui-project id="622a26d0-780a-45a7-9516-7b7dca6cc525" activeEnvironment="Default" name="APIC_Novum_TestPack" soapui-version="5.3.0" abortOnError="false" runType="SEQUENTIAL" resourceRoot="${projectDir}" xmlns:con="http://eviware.com/soapui/config"><con:settings><con:setting id="com.eviware.soapui.impl.wsdl.actions.iface.tools.soapui.LoadTestRunnerAction@values-local"><![CDATA[<xml-fragment xmlns:con="http://eviware.com/soapui/config">
  <con:entry key="Environment" value="Default"/>
  <con:entry key="Global Properties" value=""/>
  <con:entry key="TestSuite" value="&lt;all>"/>
  <con:entry key="Report to Generate" value=""/>
  <con:entry key="Password" value=""/>
  <con:entry key="TestRunner Path" value="C:\Program Files (x86)\SmartBear\SoapUI-5.2.1/bin"/>
  <con:entry key="Tool Args" value=""/>
  <con:entry key="LoadTest" value="&lt;all>"/>
  <con:entry key="Host:Port" value=""/>
  <con:entry key="user-settings.xml Password" value=""/>
  <con:entry key="WSS Password Type" value=""/>
  <con:entry key="Save Project" value="false"/>
  <con:entry key="System Properties" value=""/>
  <con:entry key="Domain" value=""/>
  <con:entry key="Open Report" value="false"/>
  <con:entry key="Project Properties" value=""/>
  <con:entry key="Print Report Statistics" value="false"/>
  <con:entry key="Project Password" value=""/>
  <con:entry key="Report Format(s)" value=""/>
  <con:entry key="TestCase" value="&lt;all>"/>
  <con:entry key="Username" value=""/>
  <con:entry key="Root Folder" value=""/>
  <con:entry key="Add Settings" value="false"/>
  <con:entry key="Save After" value="false"/>
  <con:entry key="Endpoint" value=""/>
  <con:entry key="ThreadCount" value=""/>
  <con:entry key="Limit" value=""/>
</xml-fragment>]]></con:setting></con:settings><con:interface xsi:type="con:RestService" id="54760d23-8ce3-4fb7-a2e9-38ffa5e14526" wadlVersion="http://wadl.dev.java.net/2009/02" name="https://test0gateway.apico2r53.co.uk:9443" type="rest" xmlns:xsi="http://www.w3.org/2001/XMLSchema-instance"><con:settings/><con:definitionCache type="TEXT" rootPart=""/><con:endpoints><con:endpoint>http://localhost:18085</con:endpoint><con:endpoint>https://test0gateway.apico2r53.co.uk:9443</con:endpoint></con:endpoints><con:resource name="UID" path="/o2apic/sandbox/apic/userprofile/v1/users/20000000000000068749" id="d2db1a87-1491-44e8-b446-f0f3bb9cb29e"><con:settings/><con:parameters/><con:method name="UserProfile" id="7556e638-e86b-4ec3-982e-27f0f6fa3752" method="GET"><con:settings/><con:parameters/><con:representation type="FAULT"><con:mediaType>application/json</con:mediaType><con:status>404 401</con:status><con:params/><con:element xmlns:ns="https://test0gateway.apico2r53.co.uk/o2apic/sandbox/userprofile/userprofile/v1/users/20000000000000068749">ns:Fault</con:element></con:representation><con:representation type="RESPONSE"><con:mediaType>application/json</con:mediaType><con:status>200</con:status><con:params/><con:element xmlns:ns="https://test0gateway.apico2r53.co.uk/o2apic/sandbox/userprofile/userprofile/v1/users/20000000000000068749">ns:Response</con:element></con:representation><con:request name="Request 1" id="44e26972-6731-452f-8562-4df810ffcbaf" mediaType="application/json"><con:settings><con:setting id="com.eviware.soapui.impl.wsdl.WsdlRequest@request-headers">&lt;entry key="X-IBM-Client-Id" value="7bfe417faea6754ba899f37e1178ae57" xmlns="http://eviware.com/soapui/config"/></con:setting></con:settings><con:endpoint>https://test0gateway.apico2r53.co.uk:9443</con:endpoint><con:request/><con:originalUri>https://test0gateway.apico2r53.co.uk/o2apic/sandbox/userprofile/userprofile/v1/users/20000000000000068749</con:originalUri><con:credentials><con:authType>No Authorization</con:authType></con:credentials><con:jmsConfig JMSDeliveryMode="PERSISTENT"/><con:jmsPropertyConfig/><con:parameters/><con:parameterOrder/></con:request></con:method></con:resource><con:resource name="V2_Verify" path="/o2apic/qa/apic/v2/verify" id="d2db1a87-1491-44e8-b446-f0f3bb9cb29e"><con:settings/><con:parameters/><con:method name="V2_Verify" id="7556e638-e86b-4ec3-982e-27f0f6fa3752" method="GET"><con:settings/><con:parameters/><con:representation type="FAULT"><con:mediaType>application/json</con:mediaType><con:status>404 401 400 500</con:status><con:params/><con:element xmlns:ns="https://test0gateway.apico2r53.co.uk/o2apic/sandbox/userprofile/userprofile/v1/users/20000000000000068749">ns:Fault</con:element></con:representation><con:representation type="RESPONSE"><con:mediaType>application/json</con:mediaType><con:status>200</con:status><con:params/><con:element xmlns:ns="https://test0gateway.apico2r53.co.uk/o2apic/sandbox/userprofile/userprofile/v1/users/20000000000000068749">ns:Response</con:element></con:representation><con:request name="Request 1" id="44e26972-6731-452f-8562-4df810ffcbaf" mediaType="application/json"><con:settings><con:setting id="com.eviware.soapui.impl.wsdl.WsdlRequest@request-headers"><![CDATA[<xml-fragment xmlns:con="http://eviware.com/soapui/config">
  <con:entry key="X-AuthCode" value="17996b90-cbff-4c97-8956-986f5ecd5f90"/>
  <con:entry key="x-correlator" value="12345"/>
  <con:entry key="X-Device" value="iphone"/>
  <con:entry key="x-user-id" value="Novum"/>
  <con:entry key="x-client-id" value="14235"/>
  <con:entry key="X-IBM-Client-Id" value="6a9af8aaa1e56be8ca895a73a4e967f5"/>
  <con:entry key="X-AppVersion" value="3.0.1"/>
</xml-fragment>]]></con:setting></con:settings><con:endpoint>http://localhost:18085</con:endpoint><con:request/><con:originalUri>https://test0gateway.apico2r53.co.uk/o2apic/sandbox/userprofile/userprofile/v1/users/20000000000000068749</con:originalUri><con:credentials><con:authType>No Authorization</con:authType></con:credentials><con:jmsConfig JMSDeliveryMode="PERSISTENT"/><con:jmsPropertyConfig/><con:parameters/><con:parameterOrder/></con:request></con:method></con:resource><con:resource name="Tariff_Details" path="/o2apic/sandbox/apic/447521109423/postpay/tariffdetails" id="d2db1a87-1491-44e8-b446-f0f3bb9cb29e"><con:settings/><con:parameters><con:parameter><con:name>tariffname</con:name><con:value/><con:style>QUERY</con:style><con:default/><con:description xsi:nil="true"/></con:parameter><con:parameter><con:name>productlabel</con:name><con:value/><con:style>QUERY</con:style><con:default/><con:description xsi:nil="true"/></con:parameter></con:parameters><con:method name="TariffDetails" id="7556e638-e86b-4ec3-982e-27f0f6fa3752" method="GET"><con:settings/><con:parameters/><con:representation type="FAULT"><con:mediaType>application/json</con:mediaType><con:status>404 401 400</con:status><con:params/><con:element xmlns:ns="https://test0gateway.apico2r53.co.uk/o2apic/sandbox/userprofile/userprofile/v1/users/20000000000000068749">ns:Fault</con:element></con:representation><con:representation type="RESPONSE"><con:mediaType>application/json</con:mediaType><con:status>200</con:status><con:params/><con:element xmlns:ns="https://test0gateway.apico2r53.co.uk/o2apic/sandbox/userprofile/userprofile/v1/users/20000000000000068749">ns:Response</con:element></con:representation><con:representation type="RESPONSE"><con:mediaType>unknown</con:mediaType><con:status>200</con:status><con:params/><con:element>data</con:element></con:representation><con:request name="Request 1" id="44e26972-6731-452f-8562-4df810ffcbaf" mediaType="application/json"><con:settings><con:setting id="com.eviware.soapui.impl.wsdl.WsdlRequest@request-headers"><![CDATA[<xml-fragment xmlns:con="http://eviware.com/soapui/config">
  <con:entry key="x-authcode" value="810f27ed-4afa-4e74-8d9d-a7a9b0458601"/>
  <con:entry key="x-client-id" value="novum"/>
  <con:entry key="X-IBM-Client-Id" value="7bfe417faea6754ba899f37e1178ae57"/>
  <con:entry key="content-type" value="application/json"/>
  <con:entry key="x-device" value="iphone"/>
  <con:entry key="x-user-id" value="Novum"/>
  <con:entry key="x-correlator" value="12345"/>
</xml-fragment>]]></con:setting></con:settings><con:endpoint>https://test0gateway.apico2r53.co.uk:9443</con:endpoint><con:request/><con:originalUri>https://test0gateway.apico2r53.co.uk/o2apic/sandbox/userprofile/userprofile/v1/users/20000000000000068749</con:originalUri><con:credentials><con:authType>No Authorization</con:authType></con:credentials><con:jmsConfig JMSDeliveryMode="PERSISTENT"/><con:jmsPropertyConfig/><con:parameters>
  <con:entry key="productlabel" value="O2 Unlimited 24M 30GB"/>
  <con:entry key="tariffname" value="O2 Ultd 24M 30GB (CR7351)"/>
</con:parameters><con:parameterOrder><con:entry>tariffname</con:entry><con:entry>productlabel</con:entry></con:parameterOrder></con:request></con:method></con:resource><con:resource name="Postpay-Allowance-Message" path="/o2apic/sandbox/postpay/447521005662/allowance/messages" id="5350bb9b-761e-43b7-a900-0bfc9396af0e"><con:settings/><con:parameters/><con:method name="AllowanceMessage" id="9b530701-7182-4a0f-bf9b-f04437ac8658" method="GET"><con:settings/><con:parameters/><con:representation type="RESPONSE"><con:mediaType>application/json</con:mediaType><con:status>200</con:status><con:params/><con:element xmlns:mes="https://test0gateway.apico2r53.co.uk/o2apic/sandbox/postpay/447521004675/allowance/messages">mes:Response</con:element></con:representation><con:representation type="FAULT"><con:mediaType>application/json</con:mediaType><con:status>500 400</con:status><con:params/><con:element xmlns:mes="https://test0gateway.apico2r53.co.uk/o2apic/sandbox/postpay/447521004675/allowance/messages">mes:Fault</con:element></con:representation><con:request name="Request 1" id="73a682a1-56d3-4eb1-a644-cea2f570f483" mediaType="application/json"><con:settings><con:setting id="com.eviware.soapui.impl.wsdl.WsdlRequest@request-headers"><![CDATA[<xml-fragment xmlns:con="http://eviware.com/soapui/config">
  <con:entry key="content-type" value="application/json"/>
  <con:entry key="x-device" value="iphone"/>
  <con:entry key="x-correlator" value="12345"/>
  <con:entry key="x-user-id" value="Novum"/>
  <con:entry key="x-client-id" value="14235"/>
  <con:entry key="x-authcode" value="5a9771f5-2298-4056-a705-66c9529647f4"/>
  <con:entry key="X-IBM-Client-Id" value="7bfe417faea6754ba899f37e1178ae57"/>
</xml-fragment>]]></con:setting></con:settings><con:endpoint>http://localhost:18085</con:endpoint><con:request/><con:originalUri>https://test0gateway.apico2r53.co.uk/o2apic/sandbox/postpay/447521004675/allowance/messages</con:originalUri><con:credentials><con:authType>No Authorization</con:authType></con:credentials><con:jmsConfig JMSDeliveryMode="PERSISTENT"/><con:jmsPropertyConfig/><con:parameters/></con:request></con:method></con:resource><con:resource name="Postpay-Allowance-Data" path="/o2apic/sandbox/postpay/447521004721/allowance/data" id="79782c76-7428-4910-aacd-6e6169abadfe"><con:settings/><con:parameters/><con:method name="AllowanceData" id="18c057b9-0e13-48d5-a180-49dcea714fdd" method="GET"><con:settings/><con:parameters/><con:representation type="RESPONSE"><con:mediaType>application/json</con:mediaType><con:status>200</con:status><con:params/><con:element xmlns:data="https://test0gateway.apico2r53.co.uk/o2apic/sandbox/postpay/447521005662/allowance/data">data:Response</con:element></con:representation><con:representation type="FAULT"><con:mediaType>application/json</con:mediaType><con:status>500 400</con:status><con:params/><con:element xmlns:data="https://test0gateway.apico2r53.co.uk/o2apic/sandbox/postpay/447521005662/allowance/data">data:Fault</con:element></con:representation><con:request name="Request 1" id="230e9bad-acdb-4696-8f80-8e467ec33e3b" mediaType="application/json"><con:settings><con:setting id="com.eviware.soapui.impl.wsdl.WsdlRequest@request-headers"><![CDATA[<xml-fragment xmlns:con="http://eviware.com/soapui/config">
  <con:entry key="content-type" value="applicatiopn/json"/>
  <con:entry key="x-device" value="iphone"/>
  <con:entry key="x-correlator" value="12345"/>
  <con:entry key="x-user-id" value="Novum"/>
  <con:entry key="x-authcode" value="5a9771f5-2298-4056-a705-66c9529647f4"/>
  <con:entry key="x-client-id" value="14235"/>
  <con:entry key="X-IBM-Client-Id" value="7bfe417faea6754ba899f37e1178ae57"/>
</xml-fragment>]]></con:setting></con:settings><con:endpoint>https://test0gateway.apico2r53.co.uk:9443</con:endpoint><con:request/><con:originalUri>https://test0gateway.apico2r53.co.uk/o2apic/sandbox/postpay/447521005662/allowance/data</con:originalUri><con:credentials><con:authType>No Authorization</con:authType></con:credentials><con:jmsConfig JMSDeliveryMode="PERSISTENT"/><con:jmsPropertyConfig/><con:parameters/></con:request></con:method></con:resource><con:resource name="Postpay_Allowance_Minutes" path="/o2apic/sandbox/o2apic-novum-viewallowance20/447521004675/postpay/allowance/minutes" id="d2db1a87-1491-44e8-b446-f0f3bb9cb29e"><con:settings/><con:parameters/><con:method name="Postpay_Allowance_Minutes" id="7556e638-e86b-4ec3-982e-27f0f6fa3752" method="GET"><con:settings/><con:parameters/><con:representation type="FAULT"><con:mediaType>application/json</con:mediaType><con:status>404 401 500</con:status><con:params/><con:element xmlns:ns="https://test0gateway.apico2r53.co.uk/o2apic/sandbox/userprofile/userprofile/v1/users/20000000000000068749">ns:Fault</con:element></con:representation><con:representation type="RESPONSE"><con:mediaType>application/json</con:mediaType><con:status>200</con:status><con:params/><con:element xmlns:ns="https://test0gateway.apico2r53.co.uk/o2apic/sandbox/userprofile/userprofile/v1/users/20000000000000068749">ns:Response</con:element></con:representation><con:representation type="FAULT"><con:mediaType>text/xml</con:mediaType><con:status>500</con:status><con:params/><con:element xmlns:soapenv="http://schemas.xmlsoap.org/soap/envelope/">soapenv:Envelope</con:element></con:representation><con:representation type="FAULT"><con:mediaType>application/xml</con:mediaType><con:status>500</con:status><con:params/><con:element>errorResponse</con:element></con:representation><con:request name="Request 1" id="44e26972-6731-452f-8562-4df810ffcbaf" mediaType="application/json"><con:settings><con:setting id="com.eviware.soapui.impl.wsdl.WsdlRequest@request-headers"><![CDATA[<xml-fragment xmlns:con="http://eviware.com/soapui/config">
  <con:entry key="x-device" value="iphone"/>
  <con:entry key="x-correlator" value="AbhiTRX"/>
  <con:entry key="x-user-id" value="novum"/>
  <con:entry key="x-authcode" value="5a9771f5-2298-4056-a705-66c9529647f4"/>
  <con:entry key="x-client-id" value="novum"/>
  <con:entry key="X-IBM-Client-Id" value="7bfe417faea6754ba899f37e1178ae57"/>
</xml-fragment>]]></con:setting></con:settings><con:endpoint>https://test0gateway.apico2r53.co.uk:9443</con:endpoint><con:request/><con:originalUri>https://test0gateway.apico2r53.co.uk/o2apic/sandbox/userprofile/userprofile/v1/users/20000000000000068749</con:originalUri><con:credentials><con:authType>No Authorization</con:authType></con:credentials><con:jmsConfig JMSDeliveryMode="PERSISTENT"/><con:jmsPropertyConfig/><con:parameters/><con:parameterOrder/></con:request></con:method></con:resource><con:resource name="Postpay_Bills_PreviousBill" path="/o2apic/sandbox/postpaypreviousbills/447521004675/postpay/bill/previousbills" id="d2db1a87-1491-44e8-b446-f0f3bb9cb29e"><con:settings/><con:parameters/><con:method name="Postpay_Bills_PreviousBill" id="7556e638-e86b-4ec3-982e-27f0f6fa3752" method="GET"><con:settings/><con:parameters/><con:representation type="FAULT"><con:mediaType>application/json</con:mediaType><con:status>404 401 400</con:status><con:params/><con:element xmlns:ns="https://test0gateway.apico2r53.co.uk/o2apic/sandbox/userprofile/userprofile/v1/users/20000000000000068749">ns:Fault</con:element></con:representation><con:representation type="RESPONSE"><con:mediaType>application/json</con:mediaType><con:status>200</con:status><con:params/><con:element xmlns:ns="https://test0gateway.apico2r53.co.uk/o2apic/sandbox/userprofile/userprofile/v1/users/20000000000000068749">ns:Response</con:element></con:representation><con:request name="Request 1" id="44e26972-6731-452f-8562-4df810ffcbaf" mediaType="application/json"><con:settings><con:setting id="com.eviware.soapui.impl.wsdl.WsdlRequest@request-headers"><![CDATA[<xml-fragment xmlns:con="http://eviware.com/soapui/config">
  <con:entry key="x-device" value="iphone"/>
  <con:entry key="x-correlator" value="AbhiTRX"/>
  <con:entry key="x-user-id" value="novum"/>
  <con:entry key="x-authcode" value="5a9771f5-2298-4056-a705-66c9529647f4"/>
  <con:entry key="x-client-id" value="novum"/>
  <con:entry key="X-IBM-Client-Id" value="7bfe417faea6754ba899f37e1178ae57"/>
</xml-fragment>]]></con:setting></con:settings><con:endpoint>http://localhost:18085</con:endpoint><con:request/><con:originalUri>https://test0gateway.apico2r53.co.uk/o2apic/sandbox/userprofile/userprofile/v1/users/20000000000000068749</con:originalUri><con:credentials><con:authType>No Authorization</con:authType></con:credentials><con:jmsConfig JMSDeliveryMode="PERSISTENT"/><con:jmsPropertyConfig/><con:parameters/><con:parameterOrder/></con:request></con:method></con:resource></con:interface><con:properties/><con:wssContainer/><con:oAuth2ProfileContainer/><con:oAuth1ProfileContainer/><con:sensitiveInformation/></con:soapui-project>