<?xml version="1.0" encoding="UTF-8"?>
<con:soapui-project id="0065f6e7-a710-45e2-8354-5abfdc6bb59e" activeEnvironment="Default" name="BlackberryProvisioning" resourceRoot="" soapui-version="5.3.0" abortOnError="false" runType="SEQUENTIAL" xmlns:con="http://eviware.com/soapui/config"><con:settings/><con:interface xsi:type="con:WsdlInterface" id="1a3d6f31-23f3-49e4-bae2-9370746fe6cf" wsaVersion="NONE" name="ProvisioningPort" type="wsdl" bindingName="{http://www.blackberry.com/webservices/Provisioning}ProvisioningPort" soapVersion="1_1" anonymous="optional" definition="file:/D:/Stuti/Ref%20work/BlackberryBackend/BlackberryProvisioning.wsdl" xmlns:xsi="http://www.w3.org/2001/XMLSchema-instance"><con:settings/><con:definitionCache type="TEXT" rootPart="file:\D:\Stuti\Ref%20work\BlackberryBackend\BlackberryProvisioning.wsdl"><con:part><con:url>file:\D:\Stuti\Ref%20work\BlackberryBackend\BlackberryProvisioning.wsdl</con:url><con:content><![CDATA[<WL5G3N0:definitions targetNamespace="http://www.blackberry.com/webservices/Provisioning" xmlns:WL5G3N0="http://schemas.xmlsoap.org/wsdl/" xmlns:WL5G3N1="java:provision.control.ari.comm.soap" xmlns:WL5G3N2="java:provision.control.ari" xmlns:WL5G3N3="http://www.blackberry.com/webservices/Provisioning" xmlns:WL5G3N4="http://schemas.xmlsoap.org/wsdl/soap/">
  <WL5G3N0:types>
    <xsd:schema attributeFormDefault="qualified" elementFormDefault="qualified" targetNamespace="java:provision.control.ari" xmlns:conv="http://www.openuri.org/2002/04/wsdl/conversation/" xmlns:http="http://schemas.xmlsoap.org/wsdl/http/" xmlns:mime="http://schemas.xmlsoap.org/wsdl/mime/" xmlns:s="http://www.w3.org/2001/XMLSchema" xmlns:soap="http://schemas.xmlsoap.org/wsdl/soap/" xmlns:soap12="http://schemas.xmlsoap.org/wsdl/soap12/" xmlns:soap12enc="http://www.w3.org/2003/05/soap-encoding" xmlns:soapenc="http://schemas.xmlsoap.org/soap/encoding/" xmlns:stns="java:provision.control.ari" xmlns:tns="http://www.blackberry.com/webservices/Provisioning" xmlns:wsr="http://www.openuri.org/2002/10/soap/reliability/" xmlns:xsd="http://www.w3.org/2001/XMLSchema">
      <xsd:element name="ARIProcessingException" type="stns:ARIProcessingException"></xsd:element>
      <xsd:complexType name="ARIProcessingException">
        <xsd:sequence>
          <xsd:element maxOccurs="1" minOccurs="1" name="errorCode" nillable="true" type="xsd:string"></xsd:element>
          <xsd:element maxOccurs="1" minOccurs="1" name="errorDescription" nillable="true" type="xsd:string"></xsd:element>
        </xsd:sequence>
      </xsd:complexType>
    </xsd:schema>
    <xsd:schema attributeFormDefault="qualified" elementFormDefault="qualified" targetNamespace="java:provision.control.ari.comm.soap" xmlns:conv="http://www.openuri.org/2002/04/wsdl/conversation/" xmlns:http="http://schemas.xmlsoap.org/wsdl/http/" xmlns:mime="http://schemas.xmlsoap.org/wsdl/mime/" xmlns:s="http://www.w3.org/2001/XMLSchema" xmlns:soap="http://schemas.xmlsoap.org/wsdl/soap/" xmlns:soap12="http://schemas.xmlsoap.org/wsdl/soap12/" xmlns:soap12enc="http://www.w3.org/2003/05/soap-encoding" xmlns:soapenc="http://schemas.xmlsoap.org/soap/encoding/" xmlns:stns="java:provision.control.ari.comm.soap" xmlns:tns="http://www.blackberry.com/webservices/Provisioning" xmlns:wsr="http://www.openuri.org/2002/10/soap/reliability/" xmlns:xsd="http://www.w3.org/2001/XMLSchema">
      <xsd:import namespace="http://schemas.xmlsoap.org/soap/encoding/"></xsd:import>
      <xsd:complexType name="ArrayOfProvisionDataItem">
        <xsd:complexContent>
          <xsd:restriction base="soapenc:Array">
            <xsd:attribute ref="soapenc:arrayType" wsdl:arrayType="stns:ProvisionDataItem[]" xmlns:wsdl="http://schemas.xmlsoap.org/wsdl/"></xsd:attribute>
          </xsd:restriction>
        </xsd:complexContent>
      </xsd:complexType>
      <xsd:complexType name="ArrayOfProvisionReplyEntity">
        <xsd:complexContent>
          <xsd:restriction base="soapenc:Array">
            <xsd:attribute ref="soapenc:arrayType" wsdl:arrayType="stns:ProvisionReplyEntity[]" xmlns:wsdl="http://schemas.xmlsoap.org/wsdl/"></xsd:attribute>
          </xsd:restriction>
        </xsd:complexContent>
      </xsd:complexType>
      <xsd:complexType name="ArrayOfProvisionReqEntity">
        <xsd:complexContent>
          <xsd:restriction base="soapenc:Array">
            <xsd:attribute ref="soapenc:arrayType" wsdl:arrayType="stns:ProvisionReqEntity[]" xmlns:wsdl="http://schemas.xmlsoap.org/wsdl/"></xsd:attribute>
          </xsd:restriction>
        </xsd:complexContent>
      </xsd:complexType>
      <xsd:complexType name="ArrayOfReservedToken">
        <xsd:complexContent>
          <xsd:restriction base="soapenc:Array">
            <xsd:attribute ref="soapenc:arrayType" wsdl:arrayType="stns:ReservedToken[]" xmlns:wsdl="http://schemas.xmlsoap.org/wsdl/"></xsd:attribute>
          </xsd:restriction>
        </xsd:complexContent>
      </xsd:complexType>
      <xsd:complexType name="ArrayOfTransactionCode">
        <xsd:complexContent>
          <xsd:restriction base="soapenc:Array">
            <xsd:attribute ref="soapenc:arrayType" wsdl:arrayType="stns:TransactionCode[]" xmlns:wsdl="http://schemas.xmlsoap.org/wsdl/"></xsd:attribute>
          </xsd:restriction>
        </xsd:complexContent>
      </xsd:complexType>
      <xsd:complexType name="ProvisionDataItem">
        <xsd:sequence>
          <xsd:element maxOccurs="1" minOccurs="1" name="data" nillable="true" type="xsd:string"></xsd:element>
          <xsd:element maxOccurs="1" minOccurs="1" name="name" nillable="true" type="xsd:string"></xsd:element>
          <xsd:element maxOccurs="1" minOccurs="1" name="optionalTokens" nillable="true" type="stns:ArrayOfReservedToken"></xsd:element>
        </xsd:sequence>
      </xsd:complexType>
      <xsd:complexType name="ProvisionReply">
        <xsd:sequence>
          <xsd:element maxOccurs="1" minOccurs="1" name="body" nillable="true" type="stns:ArrayOfProvisionReplyEntity"></xsd:element>
          <xsd:element maxOccurs="1" minOccurs="1" name="header" nillable="true" type="stns:ProvisionReplyHeader"></xsd:element>
          <xsd:element maxOccurs="1" minOccurs="1" name="optionalTokens" nillable="true" type="stns:ArrayOfReservedToken"></xsd:element>
          <xsd:element maxOccurs="1" minOccurs="1" name="productType" nillable="true" type="xsd:string"></xsd:element>
          <xsd:element maxOccurs="1" minOccurs="1" name="transactionId" nillable="true" type="xsd:string"></xsd:element>
          <xsd:element maxOccurs="1" minOccurs="1" name="transactionType" nillable="true" type="xsd:string"></xsd:element>
          <xsd:element maxOccurs="1" minOccurs="1" name="version" nillable="true" type="xsd:string"></xsd:element>
        </xsd:sequence>
      </xsd:complexType>
      <xsd:complexType name="ProvisionReplyEntity">
        <xsd:sequence>
          <xsd:element maxOccurs="1" minOccurs="1" name="items" nillable="true" type="stns:ArrayOfProvisionDataItem"></xsd:element>
          <xsd:element maxOccurs="1" minOccurs="1" name="name" nillable="true" type="xsd:string"></xsd:element>
          <xsd:element maxOccurs="1" minOccurs="1" name="optionalTokens" nillable="true" type="stns:ArrayOfReservedToken"></xsd:element>
          <xsd:element maxOccurs="1" minOccurs="1" name="resultCode" nillable="true" type="stns:TransactionCode"></xsd:element>
          <xsd:element maxOccurs="1" minOccurs="1" name="subEntities" nillable="true" type="stns:ArrayOfProvisionReplyEntity"></xsd:element>
          <xsd:element maxOccurs="1" minOccurs="1" name="type" nillable="true" type="xsd:string"></xsd:element>
        </xsd:sequence>
      </xsd:complexType>
      <xsd:complexType name="ProvisionReplyHeader">
        <xsd:sequence>
          <xsd:element maxOccurs="1" minOccurs="1" name="majorErrCode" nillable="true" type="xsd:string"></xsd:element>
          <xsd:element maxOccurs="1" minOccurs="1" name="majorErrDesc" nillable="true" type="xsd:string"></xsd:element>
          <xsd:element maxOccurs="1" minOccurs="1" name="optionalTokens" nillable="true" type="stns:ArrayOfReservedToken"></xsd:element>
          <xsd:element maxOccurs="1" minOccurs="1" name="resultCodes" nillable="true" type="stns:ArrayOfTransactionCode"></xsd:element>
          <xsd:element maxOccurs="1" minOccurs="1" name="sender" nillable="true" type="stns:ProvisionSender"></xsd:element>
          <xsd:element maxOccurs="1" minOccurs="1" name="timeFormat" nillable="true" type="xsd:string"></xsd:element>
          <xsd:element maxOccurs="1" minOccurs="1" name="timeStamp" nillable="true" type="xsd:string"></xsd:element>
        </xsd:sequence>
      </xsd:complexType>
      <xsd:complexType name="ProvisionReqEntity">
        <xsd:sequence>
          <xsd:element maxOccurs="1" minOccurs="1" name="items" nillable="true" type="stns:ArrayOfProvisionDataItem"></xsd:element>
          <xsd:element maxOccurs="1" minOccurs="1" name="name" nillable="true" type="xsd:string"></xsd:element>
          <xsd:element maxOccurs="1" minOccurs="1" name="optionalTokens" nillable="true" type="stns:ArrayOfReservedToken"></xsd:element>
          <xsd:element maxOccurs="1" minOccurs="1" name="subEntities" nillable="true" type="stns:ArrayOfProvisionReqEntity"></xsd:element>
          <xsd:element maxOccurs="1" minOccurs="1" name="type" nillable="true" type="xsd:string"></xsd:element>
        </xsd:sequence>
      </xsd:complexType>
      <xsd:complexType name="ProvisionReqHeader">
        <xsd:sequence>
          <xsd:element maxOccurs="1" minOccurs="1" name="optionalTokens" nillable="true" type="stns:ArrayOfReservedToken"></xsd:element>
          <xsd:element maxOccurs="1" minOccurs="1" name="sender" nillable="true" type="stns:ProvisionSender"></xsd:element>
          <xsd:element maxOccurs="1" minOccurs="1" name="timeFormat" nillable="true" type="xsd:string"></xsd:element>
          <xsd:element maxOccurs="1" minOccurs="1" name="timeStamp" nillable="true" type="xsd:string"></xsd:element>
        </xsd:sequence>
      </xsd:complexType>
      <xsd:complexType name="ProvisionRequest">
        <xsd:sequence>
          <xsd:element maxOccurs="1" minOccurs="1" name="body" nillable="true" type="stns:ArrayOfProvisionReqEntity"></xsd:element>
          <xsd:element maxOccurs="1" minOccurs="1" name="header" nillable="true" type="stns:ProvisionReqHeader"></xsd:element>
          <xsd:element maxOccurs="1" minOccurs="1" name="optionalTokens" nillable="true" type="stns:ArrayOfReservedToken"></xsd:element>
          <xsd:element maxOccurs="1" minOccurs="1" name="productType" nillable="true" type="xsd:string"></xsd:element>
          <xsd:element maxOccurs="1" minOccurs="1" name="sapsoldto" nillable="true" type="xsd:string"></xsd:element>
          <xsd:element maxOccurs="1" minOccurs="1" name="transactionId" nillable="true" type="xsd:string"></xsd:element>
          <xsd:element maxOccurs="1" minOccurs="1" name="transactionType" nillable="true" type="xsd:string"></xsd:element>
          <xsd:element maxOccurs="1" minOccurs="1" name="version" nillable="true" type="xsd:string"></xsd:element>
        </xsd:sequence>
      </xsd:complexType>
      <xsd:complexType name="ProvisionSender">
        <xsd:sequence>
          <xsd:element maxOccurs="1" minOccurs="1" name="id" nillable="true" type="xsd:string"></xsd:element>
          <xsd:element maxOccurs="1" minOccurs="1" name="loginId" nillable="true" type="xsd:string"></xsd:element>
          <xsd:element maxOccurs="1" minOccurs="1" name="name" nillable="true" type="xsd:string"></xsd:element>
          <xsd:element maxOccurs="1" minOccurs="1" name="optionalTokens" nillable="true" type="stns:ArrayOfReservedToken"></xsd:element>
          <xsd:element maxOccurs="1" minOccurs="1" name="password" nillable="true" type="xsd:string"></xsd:element>
          <xsd:element maxOccurs="1" minOccurs="1" name="sapsoldto" nillable="true" type="xsd:string"></xsd:element>
        </xsd:sequence>
      </xsd:complexType>
      <xsd:complexType name="ReservedToken">
        <xsd:sequence>
          <xsd:element maxOccurs="1" minOccurs="1" name="name" nillable="true" type="xsd:string"></xsd:element>
          <xsd:element maxOccurs="1" minOccurs="1" name="value" nillable="true" type="xsd:string"></xsd:element>
        </xsd:sequence>
      </xsd:complexType>
      <xsd:complexType name="TransactionCode">
        <xsd:sequence>
          <xsd:element maxOccurs="1" minOccurs="1" name="errorCode" nillable="true" type="xsd:string"></xsd:element>
          <xsd:element maxOccurs="1" minOccurs="1" name="errorDescription" nillable="true" type="xsd:string"></xsd:element>
          <xsd:element maxOccurs="1" minOccurs="1" name="optionalTokens" nillable="true" type="stns:ArrayOfReservedToken"></xsd:element>
          <xsd:element maxOccurs="1" minOccurs="1" name="statusCode" nillable="true" type="xsd:string"></xsd:element>
          <xsd:element maxOccurs="1" minOccurs="1" name="statusDescription" nillable="true" type="xsd:string"></xsd:element>
        </xsd:sequence>
      </xsd:complexType>
    </xsd:schema>
  </WL5G3N0:types>
  <WL5G3N0:message name="echoTest">
    <WL5G3N0:part name="provisionRequest" type="WL5G3N1:ProvisionRequest"/>
  </WL5G3N0:message>
  <WL5G3N0:message name="echoTestResponse">
    <WL5G3N0:part name="result" type="WL5G3N1:ProvisionReply"/>
  </WL5G3N0:message>
  <WL5G3N0:message name="ARIProcessingException">
    <WL5G3N0:part name="ARIProcessingException" type="WL5G3N2:ARIProcessingException"/>
  </WL5G3N0:message>
  <WL5G3N0:message name="submitSync">
    <WL5G3N0:part name="provisionRequest" type="WL5G3N1:ProvisionRequest"/>
  </WL5G3N0:message>
  <WL5G3N0:message name="submitSyncResponse">
    <WL5G3N0:part name="result" type="WL5G3N1:ProvisionReply"/>
  </WL5G3N0:message>
  <WL5G3N0:message name="submitAsync">
    <WL5G3N0:part name="provisionRequest" type="WL5G3N1:ProvisionRequest"/>
  </WL5G3N0:message>
  <WL5G3N0:message name="submitAsyncResponse"/>
  <WL5G3N0:portType name="ProvisioningPort">
    <WL5G3N0:operation name="echoTest">
      <WL5G3N0:input message="WL5G3N3:echoTest"/>
      <WL5G3N0:output message="WL5G3N3:echoTestResponse"/>
      <WL5G3N0:fault message="WL5G3N3:ARIProcessingException" name="ARIProcessingException"/>
    </WL5G3N0:operation>
    <WL5G3N0:operation name="submitSync">
      <WL5G3N0:input message="WL5G3N3:submitSync"/>
      <WL5G3N0:output message="WL5G3N3:submitSyncResponse"/>
      <WL5G3N0:fault message="WL5G3N3:ARIProcessingException" name="ARIProcessingException"/>
    </WL5G3N0:operation>
    <WL5G3N0:operation name="submitAsync">
      <WL5G3N0:input message="WL5G3N3:submitAsync"/>
      <WL5G3N0:output message="WL5G3N3:submitAsyncResponse"/>
      <WL5G3N0:fault message="WL5G3N3:ARIProcessingException" name="ARIProcessingException"/>
    </WL5G3N0:operation>
  </WL5G3N0:portType>
  <WL5G3N0:binding name="ProvisioningPort" type="WL5G3N3:ProvisioningPort">
    <WL5G3N4:binding style="rpc" transport="http://schemas.xmlsoap.org/soap/http"/>
    <WL5G3N0:operation name="echoTest">
      <WL5G3N4:operation style="rpc"/>
      <WL5G3N0:input>
        <WL5G3N4:body encodingStyle="http://schemas.xmlsoap.org/soap/encoding/" namespace="http://www.blackberry.com/webservices/Provisioning" use="encoded"/>
      </WL5G3N0:input>
      <WL5G3N0:output>
        <WL5G3N4:body encodingStyle="http://schemas.xmlsoap.org/soap/encoding/" namespace="http://www.blackberry.com/webservices/Provisioning" use="encoded"/>
      </WL5G3N0:output>
      <WL5G3N0:fault name="ARIProcessingException">
        <WL5G3N4:fault encodingStyle="http://schemas.xmlsoap.org/soap/encoding/" name="ARIProcessingException" namespace="http://www.blackberry.com/webservices/Provisioning" use="encoded"/>
      </WL5G3N0:fault>
    </WL5G3N0:operation>
    <WL5G3N0:operation name="submitSync">
      <WL5G3N4:operation style="rpc"/>
      <WL5G3N0:input>
        <WL5G3N4:body encodingStyle="http://schemas.xmlsoap.org/soap/encoding/" namespace="http://www.blackberry.com/webservices/Provisioning" use="encoded"/>
      </WL5G3N0:input>
      <WL5G3N0:output>
        <WL5G3N4:body encodingStyle="http://schemas.xmlsoap.org/soap/encoding/" namespace="http://www.blackberry.com/webservices/Provisioning" use="encoded"/>
      </WL5G3N0:output>
      <WL5G3N0:fault name="ARIProcessingException">
        <WL5G3N4:fault encodingStyle="http://schemas.xmlsoap.org/soap/encoding/" name="ARIProcessingException" namespace="http://www.blackberry.com/webservices/Provisioning" use="encoded"/>
      </WL5G3N0:fault>
    </WL5G3N0:operation>
    <WL5G3N0:operation name="submitAsync">
      <WL5G3N4:operation style="rpc"/>
      <WL5G3N0:input>
        <WL5G3N4:body encodingStyle="http://schemas.xmlsoap.org/soap/encoding/" namespace="http://www.blackberry.com/webservices/Provisioning" use="encoded"/>
      </WL5G3N0:input>
      <WL5G3N0:output>
        <WL5G3N4:body encodingStyle="http://schemas.xmlsoap.org/soap/encoding/" namespace="http://www.blackberry.com/webservices/Provisioning" use="encoded"/>
      </WL5G3N0:output>
      <WL5G3N0:fault name="ARIProcessingException">
        <WL5G3N4:fault encodingStyle="http://schemas.xmlsoap.org/soap/encoding/" name="ARIProcessingException" namespace="http://www.blackberry.com/webservices/Provisioning" use="encoded"/>
      </WL5G3N0:fault>
    </WL5G3N0:operation>
  </WL5G3N0:binding>
  <WL5G3N0:service name="Provisioning">
    <WL5G3N0:port binding="WL5G3N3:ProvisioningPort" name="ProvisioningPort">
      <WL5G3N4:address location="http://man8211:8001/webservices/Provisioning"/>
    </WL5G3N0:port>
  </WL5G3N0:service>
</WL5G3N0:definitions>]]></con:content><con:type>http://schemas.xmlsoap.org/wsdl/</con:type></con:part></con:definitionCache><con:endpoints><con:endpoint>http://man8211:8001/webservices/Provisioning</con:endpoint></con:endpoints><con:operation id="a8334f90-b53a-4a4c-8060-bdd8ec2ede1a" isOneWay="false" action="" name="echoTest" bindingOperationName="echoTest" type="Request-Response" inputName="" receivesAttachments="false" sendsAttachments="false" anonymous="optional"><con:settings/><con:call id="4e2356f9-8e90-4a34-ad62-553852f335c8" name="Request 1"><con:settings/><con:encoding>UTF-8</con:encoding><con:endpoint>http://man8211:8001/webservices/Provisioning</con:endpoint><con:request><![CDATA[<soapenv:Envelope xmlns:xsi="http://www.w3.org/2001/XMLSchema-instance" xmlns:xsd="http://www.w3.org/2001/XMLSchema" xmlns:soapenv="http://schemas.xmlsoap.org/soap/envelope/" xmlns:prov="http://www.blackberry.com/webservices/Provisioning" xmlns:soapenc="http://schemas.xmlsoap.org/soap/encoding/">\r
   <soapenv:Header/>\r
   <soapenv:Body>\r
      <prov:echoTest soapenv:encodingStyle="http://schemas.xmlsoap.org/soap/encoding/">\r
         <provisionRequest xsi:type="java:ProvisionRequest" xmlns:java="java:provision.control.ari.comm.soap">\r
            <body xsi:type="java:ArrayOfProvisionReqEntity" soapenc:arrayType="java:ProvisionReqEntity[]"/>\r
            <header xsi:type="java:ProvisionReqHeader">\r
               <optionalTokens xsi:type="java:ArrayOfReservedToken" soapenc:arrayType="java:ReservedToken[]"/>\r
               <sender xsi:type="java:ProvisionSender">\r
                  <id xsi:type="xsd:string">?</id>\r
                  <loginId xsi:type="xsd:string">?</loginId>\r
                  <name xsi:type="xsd:string">?</name>\r
                  <optionalTokens xsi:type="java:ArrayOfReservedToken" soapenc:arrayType="java:ReservedToken[]"/>\r
                  <password xsi:type="xsd:string">?</password>\r
                  <sapsoldto xsi:type="xsd:string">?</sapsoldto>\r
               </sender>\r
               <timeFormat xsi:type="xsd:string">?</timeFormat>\r
               <timeStamp xsi:type="xsd:string">?</timeStamp>\r
            </header>\r
            <optionalTokens xsi:type="java:ArrayOfReservedToken" soapenc:arrayType="java:ReservedToken[]"/>\r
            <productType xsi:type="xsd:string">?</productType>\r
            <sapsoldto xsi:type="xsd:string">?</sapsoldto>\r
            <transactionId xsi:type="xsd:string">?</transactionId>\r
            <transactionType xsi:type="xsd:string">?</transactionType>\r
            <version xsi:type="xsd:string">?</version>\r
         </provisionRequest>\r
      </prov:echoTest>\r
   </soapenv:Body>\r
</soapenv:Envelope>]]></con:request><con:credentials><con:authType>No Authorization</con:authType></con:credentials><con:jmsConfig JMSDeliveryMode="PERSISTENT"/><con:jmsPropertyConfig/><con:wsaConfig mustUnderstand="NONE" version="200508" action="http://www.blackberry.com/webservices/Provisioning/ProvisioningPort/echoTestRequest"/><con:wsrmConfig version="1.2"/></con:call><con:call id="54785fa6-7a3c-4f48-ae94-09865a35d8d5" name="Request 2" sslKeystore="o2_testsupport_key_cert20190501.pem" wssPasswordType="PasswordText"><con:settings><con:setting id="com.eviware.soapui.impl.wsdl.WsdlRequest@request-headers">&lt;xml-fragment/></con:setting></con:settings><con:encoding>UTF-8</con:encoding><con:endpoint>https://82.132.147.201:7343/webservices/Provisioning</con:endpoint><con:request><![CDATA[<SOAP-ENV:Envelope xmlns:SOAP-ENV="http://schemas.xmlsoap.org/soap/envelope/" xmlns:xsi="http://www.w3.org/2001/XMLSchema-instance" xmlns:xsd="http://www.w3.org/2001/XMLSchema">
	<SOAP-ENV:Body>
		<ns1:submitSync xmlns:ns1="urn:ProvisioningRequestServer" SOAP-ENV:encodingStyle="http://schemas.xmlsoap.org/soap/encoding/">
			<request xmlns:ns2="java:provision.services.web.rpc.ejb" xsi:type="ns2:ProvisionRequest">
				<body xmlns:ns3="http://schemas.xmlsoap.org/soap/encoding/" xsi:type="ns3:Array" ns3:arrayType="ns2:ProvisionReqEntity[1]">
					<item xsi:type="ns2:ProvisionReqEntity">
						<items xsi:type="ns3:Array" ns3:arrayType="ns2:ProvisionDataItem[2]">
							<item xsi:type="ns2:ProvisionDataItem">
								<name xsi:type="xsd:string">MSISDN</name>
								<optionalTokens xsi:type="ns3:Array" ns3:arrayType="ns2:ReservedToken[]" xsi:null="true"/>
								<data xsi:type="xsd:string">9056294746</data>
							</item>
							<item xsi:type="ns2:ProvisionDataItem">
								<name xsi:type="xsd:string">IMSI</name>
								<optionalTokens xsi:type="ns3:Array" ns3:arrayType="ns2:ReservedToken[]" xsi:null="true"/>
								<data xsi:type="xsd:string">302370000000231</data>
							</item>
						</items>
						<subEntities xsi:type="ns3:Array" ns3:arrayType="ns2:ProvisionReqEntity[]" xsi:null="true"/>
						<name xsi:type="xsd:string">subscriber</name>
						<optionalTokens xsi:type="ns3:Array" ns3:arrayType="ns2:ReservedToken[]" xsi:null="true"/>
						<type xsi:type="xsd:string" xsi:null="true"/>
					</item>
				</body>
				<version xsi:type="xsd:string">1.2</version>
				<optionalTokens xmlns:ns4="http://schemas.xmlsoap.org/soap/encoding/" xsi:type="ns4:Array" ns4:arrayType="ns2:ReservedToken[]" xsi:null="true"/>
				<productType xsi:type="xsd:string">Blackberry</productType>
				<transactionType xsi:type="xsd:string">Cancel</transactionType>
				<transactionId xsi:type="xsd:string">1234567890</transactionId>
				<header xsi:type="ns2:ProvisionReqHeader">
					<timeStamp xsi:type="xsd:string">2002-07-16T12:12:12Z</timeStamp>
					<optionalTokens xmlns:ns5="http://schemas.xmlsoap.org/soap/encoding/" xsi:type="ns5:Array"
BlackBerry Provisioning System
Automated Request Interface Specification
RIM Confidential and Proprietary Information - Approved Third Parties Page 61
ns5:arrayType="ns2:ReservedToken[]" xsi:null="true"/>
					<sender xsi:type="ns2:ProvisionSender">
						<password xsi:type="xsd:string">utelme</password>
						<name xsi:type="xsd:string" xsi:null="true"/>
						<optionalTokens xmlns:ns6="http://schemas.xmlsoap.org/soap/encoding/" xsi:type="ns6:Array" ns6:arrayType="ns2:ReservedToken[]" xsi:null="true"/>
						<loginId xsi:type="xsd:string">telus</loginId>
						<id xsi:type="xsd:string" xsi:null="true"/>
					</sender>
					<timeFormat xsi:type="xsd:string">CCYY-MM-DDThh:mm:ssTZD</timeFormat>
				</header>
			</request>
		</ns1:submitSync>
	</SOAP-ENV:Body>
</SOAP-ENV:Envelope>]]></con:request><con:credentials><con:username>testsupport_4321</con:username><con:password>t3st1ng</con:password><con:authType>No Authorization</con:authType></con:credentials><con:jmsConfig JMSDeliveryMode="PERSISTENT"/><con:jmsPropertyConfig/><con:wsaConfig mustUnderstand="NONE" version="200508" action="http://www.blackberry.com/webservices/Provisioning/ProvisioningPort/echoTestRequest"/><con:wsrmConfig version="1.2"/></con:call></con:operation><con:operation id="920e81d3-62fe-4b14-8380-139e1eea5c11" isOneWay="false" action="" name="submitAsync" bindingOperationName="submitAsync" type="Request-Response" inputName="" receivesAttachments="false" sendsAttachments="false" anonymous="optional"><con:settings/><con:call id="c665c8ac-5dfc-4c3b-b7ef-5e49b9fa663b" name="Request 1"><con:settings/><con:encoding>UTF-8</con:encoding><con:endpoint>http://man8211:8001/webservices/Provisioning</con:endpoint><con:request><![CDATA[<soapenv:Envelope xmlns:xsi="http://www.w3.org/2001/XMLSchema-instance" xmlns:xsd="http://www.w3.org/2001/XMLSchema" xmlns:soapenv="http://schemas.xmlsoap.org/soap/envelope/" xmlns:prov="http://www.blackberry.com/webservices/Provisioning" xmlns:soapenc="http://schemas.xmlsoap.org/soap/encoding/">\r
   <soapenv:Header/>\r
   <soapenv:Body>\r
      <prov:submitAsync soapenv:encodingStyle="http://schemas.xmlsoap.org/soap/encoding/">\r
         <provisionRequest xsi:type="java:ProvisionRequest" xmlns:java="java:provision.control.ari.comm.soap">\r
            <body xsi:type="java:ArrayOfProvisionReqEntity" soapenc:arrayType="java:ProvisionReqEntity[]"/>\r
            <header xsi:type="java:ProvisionReqHeader">\r
               <optionalTokens xsi:type="java:ArrayOfReservedToken" soapenc:arrayType="java:ReservedToken[]"/>\r
               <sender xsi:type="java:ProvisionSender">\r
                  <id xsi:type="xsd:string">?</id>\r
                  <loginId xsi:type="xsd:string">?</loginId>\r
                  <name xsi:type="xsd:string">?</name>\r
                  <optionalTokens xsi:type="java:ArrayOfReservedToken" soapenc:arrayType="java:ReservedToken[]"/>\r
                  <password xsi:type="xsd:string">?</password>\r
                  <sapsoldto xsi:type="xsd:string">?</sapsoldto>\r
               </sender>\r
               <timeFormat xsi:type="xsd:string">?</timeFormat>\r
               <timeStamp xsi:type="xsd:string">?</timeStamp>\r
            </header>\r
            <optionalTokens xsi:type="java:ArrayOfReservedToken" soapenc:arrayType="java:ReservedToken[]"/>\r
            <productType xsi:type="xsd:string">?</productType>\r
            <sapsoldto xsi:type="xsd:string">?</sapsoldto>\r
            <transactionId xsi:type="xsd:string">?</transactionId>\r
            <transactionType xsi:type="xsd:string">?</transactionType>\r
            <version xsi:type="xsd:string">?</version>\r
         </provisionRequest>\r
      </prov:submitAsync>\r
   </soapenv:Body>\r
</soapenv:Envelope>]]></con:request><con:credentials><con:authType>No Authorization</con:authType></con:credentials><con:jmsConfig JMSDeliveryMode="PERSISTENT"/><con:jmsPropertyConfig/><con:wsaConfig mustUnderstand="NONE" version="200508" action="http://www.blackberry.com/webservices/Provisioning/ProvisioningPort/submitAsyncRequest"/><con:wsrmConfig version="1.2"/></con:call><con:call id="7bd35f1c-2598-482b-b3e7-735f9355722a" name="Request 2" sslKeystore="o2_testsupport_cert20190501.p12"><con:settings><con:setting id="com.eviware.soapui.impl.wsdl.WsdlRequest@request-headers">&lt;xml-fragment/></con:setting></con:settings><con:encoding>UTF-8</con:encoding><con:endpoint>https://localhost:7343/webservices/Provisioning </con:endpoint><con:request><![CDATA[<soapenv:Envelope xmlns:wsse="http://docs.oasis-open.org/wss/2004/01/oasis-200401-wss-wssecurity-secext-1.0.xsd"  xmlns:soapenv="http://schemas.xmlsoap.org/soap/envelope/" xmlns:xsd="http://www.w3.org/2001/XMLSchema" xmlns:xsi="http://www.w3.org/2001/XMLSchema-instance">
<soapenv:Header>
      <wsse:Security soapenv:mustUnderstand="1">
         <wsse:UsernameToken>
            <wsse:Username>testsupport_4321</wsse:Username>
            <wsse:Password>t3st1ng</wsse:Password>
         </wsse:UsernameToken>
      </wsse:Security>
   </soapenv:Header>
   <soapenv:Body>
      <ns1:submitSync xmlns:ns1="Provisioning" soapenv:encodingStyle="http://schemas.xmlsoap.org/soap/encoding/">
         <provisionRequest TransactionId="TRANO220040111_010.DAT_1" Version="1.2" TransactionType="Activate" ProductType="BlackBerry">
           
         <Header>
                
            <Sender id="8411" name="O2">
                     
               <Login>testXML</Login>
                     
               <Password>passworddl21</Password>
                   
            </Sender>
                
            <TimeStamp>2005-01-13T08:06:35+00:00</TimeStamp>
              
         </Header>
           
         <Body>
                
            <ProvisioningEntity name="subscriber">
                     
               <ProvisioningDataItem name="ICCID">8944110066600011123</ProvisioningDataItem>
                     
               <ProvisioningEntity name="service">
                          
                  <ProvisioningDataItem name="ServiceName">Prosumer</ProvisioningDataItem>
                        
               </ProvisioningEntity>
                     
               <ProvisioningEntity name="service">
                          
                  <ProvisioningDataItem name="ServiceName">Mailbox</ProvisioningDataItem>
                          
                  <ProvisioningDataItem name="Size">100</ProvisioningDataItem>
                        
               </ProvisioningEntity>
                     
               <ProvisioningEntity name="service">
                          
                  <ProvisioningDataItem name="ServiceName">BIBS</ProvisioningDataItem>
                        
               </ProvisioningEntity>
                   
            </ProvisioningEntity>
              
         </Body>
      </provisionRequest>
      </ns1:submitSync>
      <multiRef xmlns:ns2="Provisioning" xmlns:soapenc="http://schemas.xmlsoap.org/soap/encoding/" id="id0" soapenc:root="0" soapenv:encodingStyle="http://schemas.xmlsoap.org/soap/encoding/" xsi:type="ns2:ProvisionRequest">
         <body soapenc:arrayType="ns2:ProvisionReqEntity[1]" xsi:type="soapenc:Array">
            <body href="#id1" />
         </body>
         <header href="#id2" />
         <optionalTokens xsi:type="soapenc:Array" xsi:nil="true" />
         <productType xsi:type="soapenc:string">blackberry</productType>
         <transactionId xsi:type="soapenc:string">Test</transactionId>
         <transactionType xsi:type="soapenc:string">Activate</transactionType>
         <version xsi:type="soapenc:string">1.2</version>
      </multiRef>
      <multiRef xmlns:ns3="Provisioning" xmlns:soapenc="http://schemas.xmlsoap.org/soap/encoding/" id="id1" soapenc:root="0" soapenv:encodingStyle="http://schemas.xmlsoap.org/soap/encoding/" xsi:type="ns3:ProvisionReqEntity">
         <items soapenc:arrayType="ns3:ProvisionDataItem[2]" xsi:type="soapenc:Array">
            <items href="#id3" />
            <items href="#id4" />
         </items>
         <name xsi:type="soapenc:string">subscriber</name>
         <optionalTokens xsi:type="soapenc:Array" xsi:nil="true" />
         <subEntities soapenc:arrayType="ns3:ProvisionReqEntity[1]" xsi:type="soapenc:Array">
            <subEntities href="#id5" />
         </subEntities>
         <type xsi:type="soapenc:string" xsi:nil="true" />
      </multiRef>
      <multiRef xmlns:ns4="Provisioning" xmlns:soapenc="http://schemas.xmlsoap.org/soap/encoding/" id="id2" soapenc:root="0" soapenv:encodingStyle="http://schemas.xmlsoap.org/soap/encoding/" xsi:type="ns4:ProvisionReqHeader">
         <optionalTokens xsi:type="soapenc:Array" xsi:nil="true" />
         <sender href="#id6" />
         <timeFormat xsi:type="soapenc:string">CCYY-MM-DDThh:mm:ssTZD</timeFormat>
         <timeStamp xsi:type="soapenc:string">2014-11-17T12:09:58 EST</timeStamp>
      </multiRef>
      <multiRef xmlns:ns5="Provisioning" xmlns:soapenc="http://schemas.xmlsoap.org/soap/encoding/" id="id6" soapenc:root="0" soapenv:encodingStyle="http://schemas.xmlsoap.org/soap/encoding/" xsi:type="ns5:ProvisionSender">
         <id xsi:type="soapenc:string" xsi:nil="true" />
         <loginId xsi:type="soapenc:string">loginId</loginId>
         <name xsi:type="soapenc:string" xsi:nil="true" />
         <optionalTokens xsi:type="soapenc:Array" xsi:nil="true" />
         <password xsi:type="soapenc:string">password</password>
      </multiRef>
      <multiRef xmlns:ns6="Provisioning" xmlns:soapenc="http://schemas.xmlsoap.org/soap/encoding/" id="id5" soapenc:root="0" soapenv:encodingStyle="http://schemas.xmlsoap.org/soap/encoding/" xsi:type="ns6:ProvisionReqEntity">
         <items soapenc:arrayType="ns6:ProvisionDataItem[1]" xsi:type="soapenc:Array">
            <items href="#id7" />
         </items>
         <name xsi:type="soapenc:string">service</name>
         <optionalTokens xsi:type="soapenc:Array" xsi:nil="true" />
         <subEntities xsi:type="soapenc:Array" xsi:nil="true" />
         <type xsi:type="soapenc:string" xsi:nil="true" />
      </multiRef>
      <multiRef xmlns:ns7="Provisioning" xmlns:soapenc="http://schemas.xmlsoap.org/soap/encoding/" id="id3" soapenc:root="0" soapenv:encodingStyle="http://schemas.xmlsoap.org/soap/encoding/" xsi:type="ns7:ProvisionDataItem">
         <data xsi:type="soapenc:string">8944111999000000168</data>
         <name xsi:type="soapenc:string">BillingId</name>
         <optionalTokens xsi:type="soapenc:Array" xsi:nil="true" />
      </multiRef>
      <multiRef xmlns:ns8="Provisioning" xmlns:soapenc="http://schemas.xmlsoap.org/soap/encoding/" id="id4" soapenc:root="0" soapenv:encodingStyle="http://schemas.xmlsoap.org/soap/encoding/" xsi:type="ns8:ProvisionDataItem">
         <data xsi:type="soapenc:string">111999000000167</data>
         <name xsi:type="soapenc:string">IMSI</name>
         <optionalTokens xsi:type="soapenc:Array" xsi:nil="true" />
      </multiRef>
      <multiRef xmlns:ns9="Provisioning" xmlns:soapenc="http://schemas.xmlsoap.org/soap/encoding/" id="id7" soapenc:root="0" soapenv:encodingStyle="http://schemas.xmlsoap.org/soap/encoding/" xsi:type="ns9:ProvisionDataItem">
         <data xsi:type="soapenc:string">Gold</data>
         <name xsi:type="soapenc:string">ServiceName</name>
         <optionalTokens xsi:type="soapenc:Array" xsi:nil="true" />
      </multiRef>
   </soapenv:Body>
</soapenv:Envelope>
]]></con:request><con:credentials><con:username>testsupport_4321</con:username><con:password>t3st1ng</con:password><con:authType>No Authorization</con:authType></con:credentials><con:jmsConfig JMSDeliveryMode="PERSISTENT"/><con:jmsPropertyConfig/><con:wsaConfig mustUnderstand="NONE" version="200508" action="http://www.blackberry.com/webservices/Provisioning/ProvisioningPort/submitAsyncRequest"/><con:wsrmConfig version="1.2"/></con:call></con:operation><con:operation id="a30d58ce-654a-4dae-ba2a-bf8d83411e31" isOneWay="false" action="" name="submitSync" bindingOperationName="submitSync" type="Request-Response" inputName="" receivesAttachments="false" sendsAttachments="false" anonymous="optional"><con:settings/><con:call id="c1418be8-6c93-46ba-93fa-21f733028849" name="Request 1" sslKeystore="o2_testsupport_cert20190501.p12"><con:settings><con:setting id="com.eviware.soapui.impl.wsdl.WsdlRequest@request-headers">&lt;xml-fragment/></con:setting></con:settings><con:encoding>UTF-8</con:encoding><con:endpoint>https://localhost:37343/webservices/Provisioning</con:endpoint><con:request><![CDATA[<soapenv:Envelope xmlns:wsse="http://docs.oasis-open.org/wss/2004/01/oasis-200401-wss-wssecurity-secext-1.0.xsd" xmlns:soapenv="http://schemas.xmlsoap.org/soap/envelope/" xmlns:xsd="http://www.w3.org/2001/XMLSchema" xmlns:xsi="http://www.w3.org/2001/XMLSchema-instance">
<soapenv:Header>
      <wsse:Security soapenv:mustUnderstand="1">
         <wsse:UsernameToken>
            <wsse:Username>testsupport_4321</wsse:Username>
            <wsse:Password>t3st1ng</wsse:Password>
         </wsse:UsernameToken>
      </wsse:Security>
</soapenv:Header>
<soapenv:Body>
  <ns1:submitSync soapenv:encodingStyle="http://schemas.xmlsoap.org/soap/encoding/" xmlns:ns1="http://www.blackberry.com/webservices/Provisioning">
   <provisionRequest xsi:type="ns2:ProvisionRequest" xmlns:ns2="java:provision.control.ari.comm.soap">
    <body soapenc:arrayType="ns2:ProvisionReqEntity[1]" xsi:type="soapenc:Array" xmlns:soapenc="http://schemas.xmlsoap.org/soap/encoding/">
     <body xsi:type="ns2:ProvisionReqEntity">
      <items soapenc:arrayType="ns2:ProvisionDataItem[1]" xsi:type="soapenc:Array">
       <items xsi:type="ns2:ProvisionDataItem">
        <data xsi:type="xsd:string">8944110064719120945</data>
        <name xsi:type="xsd:string">ICCID</name>
        <optionalTokens xsi:type="ns2:ReservedToken" xsi:nil="true"/>
       </items>
      </items>
      <name xsi:type="xsd:string">subscriber</name>
      <optionalTokens xsi:type="ns2:ReservedToken" xsi:nil="true"/>
      <subEntities soapenc:arrayType="ns2:ProvisionReqEntity[1]" xsi:type="soapenc:Array">
       <subEntities xsi:type="ns2:ProvisionReqEntity">
        <items soapenc:arrayType="ns2:ProvisionDataItem[1]" xsi:type="soapenc:Array">
         <items xsi:type="ns2:ProvisionDataItem">
          <data xsi:type="xsd:string">Prosumer FRPB</data>
          <name xsi:type="xsd:string">ServiceName</name>
          <optionalTokens xsi:type="ns2:ReservedToken" xsi:nil="true"/>
         </items>
        </items>
        <name xsi:type="xsd:string">service</name>
        <optionalTokens xsi:type="ns2:ReservedToken" xsi:nil="true"/>
        <subEntities xsi:type="ns2:ProvisionReqEntity" xsi:nil="true"/>
        <type xsi:type="xsd:string" xsi:nil="true"/>
       </subEntities>
      </subEntities>
      <type xsi:type="xsd:string" xsi:nil="true"/>
     </body>
    </body>
    <header xsi:type="ns2:ProvisionReqHeader">
     <optionalTokens xsi:type="ns2:ReservedToken" xsi:nil="true"/>
     <sender xsi:type="ns2:ProvisionSender">
      <id xsi:type="xsd:string" xsi:nil="true"/>
      <loginId xsi:type="xsd:string">o2xmltest</loginId>
      <name xsi:type="xsd:string" xsi:nil="true"/>
      <optionalTokens xsi:type="ns2:ReservedToken" xsi:nil="true"/>
      <password xsi:type="xsd:string">o2xmltest</password>
      <sapsoldto xsi:type="xsd:string" xsi:nil="true"/>
     </sender>
     <timeFormat xsi:type="xsd:string" xsi:nil="true"/>
     <timeStamp xsi:type="xsd:string">2017-03-20T15:45:20+05:30</timeStamp>
    </header>
    <optionalTokens xsi:type="ns2:ReservedToken" xsi:nil="true"/>
    <productType xsi:type="xsd:string">Blackberry</productType>
    <sapsoldto xsi:type="xsd:string" xsi:nil="true"/>
    <transactionId xsi:type="xsd:string">TRANO220101115_009.DAT_0</transactionId>
    <transactionType xsi:type="xsd:string">Activate</transactionType>
    <version xsi:type="xsd:string">1.2</version>
   </provisionRequest>
  </ns1:submitSync>
</soapenv:Body>
</soapenv:Envelope>]]></con:request><con:credentials><con:username>testsupport_4321</con:username><con:password>t3st1ng</con:password><con:authType>No Authorization</con:authType></con:credentials><con:jmsConfig JMSDeliveryMode="PERSISTENT"/><con:jmsPropertyConfig/><con:wsaConfig mustUnderstand="NONE" version="200508" action="http://www.blackberry.com/webservices/Provisioning/ProvisioningPort/submitSyncRequest"/><con:wsrmConfig version="1.2"/></con:call></con:operation></con:interface><con:mockService id="f1a8b042-a2b7-4c1d-b407-970c6b452b7a" port="8080" path="/" host="LTIBUK03286" name="MockService 1"><con:settings><con:setting id="com.eviware.soapui.impl.wsdl.mock.WsdlMockService@require-soap-action">false</con:setting></con:settings><con:properties/><con:mockOperation name="submitSync" id="fa390476-6b35-4c68-aef6-a62dedad1610" interface="ProvisioningPort" operation="submitSync"><con:settings/><con:defaultResponse>Response 1</con:defaultResponse><con:dispatchStyle>SEQUENCE</con:dispatchStyle><con:response name="Response 1" id="73ee4198-28c3-4861-8411-26f4cda9155b" httpResponseStatus="500" encoding="UTF-8"><con:settings/><con:responseContent><![CDATA[<soapenv:Envelope xmlns:soapenv="http://schemas.xmlsoap.org/soap/envelope/" xmlns:java="java:provision.control.ari">
  <soapenv:Body>
    <soapenv:Fault>
      <!--type: QName-->
      <faultcode>qname</faultcode>
      <faultstring xml:lang="">sonoras imperio</faultstring>
      <!--Optional:-->
      <!--type: anyURI-->
      <faultactor>http://www.any.org/ventos/verrantque</faultactor>
      <!--Optional:-->
      <detail>
        <ARIProcessingException>
          <!--type: string-->
          <java:errorCode>gero et</java:errorCode>
          <!--type: string-->
          <java:errorDescription>sonoras imperio</java:errorDescription>
        </ARIProcessingException>
        <!--You may enter ANY elements at this point-->
      </detail>
    </soapenv:Fault>
  </soapenv:Body>
</soapenv:Envelope>]]></con:responseContent><con:wsaConfig mustUnderstand="NONE" version="200508" action="http://www.blackberry.com/webservices/Provisioning/ProvisioningPort/submitSyncResponse"/></con:response><con:dispatchConfig/></con:mockOperation></con:mockService><con:properties/><con:wssContainer><con:crypto><con:source>C:/Users/559528/Desktop/o2_testsupport_cert20190501.p12</con:source><con:password>t3st1ng</con:password><con:type>KEYSTORE</con:type></con:crypto></con:wssContainer><con:oAuth2ProfileContainer/><con:oAuth1ProfileContainer/><con:sensitiveInformation/></con:soapui-project>