<?xml version="1.0" encoding="UTF-8"?>
<con:soapui-project id="9c8ca704-ad65-4338-b3a2-80cd57c0fb76" activeEnvironment="Default" name="BMC_CTIL_TEF_Webservice_Interface_new" resourceRoot="" soapui-version="5.3.0" abortOnError="false" runType="SEQUENTIAL" xmlns:con="http://eviware.com/soapui/config"><con:settings/><con:interface xsi:type="con:WsdlInterface" id="8d7fa32f-7e09-4878-a7f8-5b2166efb547" wsaVersion="NONE" name="PortSoapBinding" type="wsdl" bindingName="{urn:BMC_CTIL_TEF_Webservice_Interface}PortSoapBinding" soapVersion="1_1" anonymous="optional" definition="file:/C:/Users/433940/Desktop/ECB%20NEW/BMC_CTIL_TEF_Webservice_Interface.wsdl" xmlns:xsi="http://www.w3.org/2001/XMLSchema-instance"><con:settings/><con:definitionCache type="TEXT" rootPart="file:\C:\Users\433940\Desktop\ECB%20NEW\BMC_CTIL_TEF_Webservice_Interface.wsdl"><con:part><con:url>file:\C:\Users\433940\Desktop\ECB%20NEW\BMC_CTIL_TEF_Webservice_Interface.wsdl</con:url><con:content><![CDATA[<wsdl:definitions targetNamespace="urn:BMC_CTIL_TEF_Webservice_Interface" xmlns:s0="urn:BMC_CTIL_TEF_Webservice_Interface" xmlns:soap="http://schemas.xmlsoap.org/wsdl/soap/" xmlns:soapenc="http://schemas.xmlsoap.org/soap/encoding/" xmlns:wsdl="http://schemas.xmlsoap.org/wsdl/" xmlns:xsd="http://www.w3.org/2001/XMLSchema">
  <wsdl:types>
    <xsd:schema elementFormDefault="qualified" targetNamespace="urn:BMC_CTIL_TEF_Webservice_Interface">
      <xsd:element name="Create" type="s0:InputMapping1"/>
      <xsd:complexType name="InputMapping1">
        <xsd:sequence>
          <xsd:element minOccurs="0" name="SOATransactionid" type="xsd:string"/>
          <xsd:element minOccurs="0" name="ConsumerTID" type="xsd:string"/>
          <xsd:element minOccurs="0" name="Source" type="xsd:string"/>
          <xsd:element minOccurs="0" name="Destination" type="xsd:string"/>
          <xsd:element minOccurs="0" name="SourceObjectID" type="xsd:string"/>
          <xsd:element minOccurs="0" name="DestinationObjectID" type="xsd:string"/>
          <xsd:element minOccurs="0" name="TicketType" type="xsd:string"/>
          <xsd:element minOccurs="0" name="RecordType" nillable="true" type="s0:RecordTypeType"/>
          <xsd:element minOccurs="0" name="ManagingOperator" type="xsd:string"/>
          <xsd:element minOccurs="0" name="Notes" type="xsd:string"/>
          <xsd:element minOccurs="0" name="Summary" type="xsd:string"/>
          <xsd:element minOccurs="0" name="ContractPriority" nillable="true" type="s0:ContractPriorityType"/>
          <xsd:element minOccurs="0" name="Impact" nillable="true" type="s0:ImpactType"/>
          <xsd:element minOccurs="0" name="Urgency" nillable="true" type="s0:UrgencyType"/>
          <xsd:element minOccurs="0" name="Status" type="xsd:string"/>
          <xsd:element minOccurs="0" name="StatusReason" type="xsd:string"/>
          <xsd:element minOccurs="0" name="ReportedDate" type="xsd:dateTime"/>
          <xsd:element minOccurs="0" name="AssigneeGroup" type="xsd:string"/>
          <xsd:element minOccurs="0" name="JVCOID" type="xsd:string"/>
          <xsd:element minOccurs="0" name="SiteRef" type="xsd:string"/>
          <xsd:element minOccurs="0" name="Resolution" type="xsd:string"/>
          <xsd:element minOccurs="0" name="ResolvedDate" type="xsd:dateTime"/>
          <xsd:element minOccurs="0" name="WorkLogTypeINC" nillable="true" type="s0:WorkLogTypeINCType"/>
          <xsd:element minOccurs="0" name="WorkLogTypeTSK" nillable="true" type="s0:WorkLogTypeTSKType"/>
          <xsd:element minOccurs="0" name="WISummary" type="xsd:string"/>
          <xsd:element minOccurs="0" name="WINotes" type="xsd:string"/>
          <xsd:element minOccurs="0" name="Attachment1Name" type="xsd:string"/>
          <xsd:element minOccurs="0" name="Attachment1Data" type="xsd:base64Binary"/>
          <xsd:element minOccurs="0" name="Attachment1Size" type="xsd:int"/>
          <xsd:element maxOccurs="unbounded" name="AdditionalCIs">
            <xsd:complexType>
              <xsd:sequence>
                <xsd:element minOccurs="0" name="JVCOID" type="xsd:string"/>
                <xsd:element minOccurs="0" name="SiteRef" type="xsd:string"/>
              </xsd:sequence>
            </xsd:complexType>
          </xsd:element>
        </xsd:sequence>
      </xsd:complexType>
      <xsd:simpleType name="RecordTypeType">
        <xsd:restriction base="xsd:string">
          <xsd:enumeration value="Inbound"/>
          <xsd:enumeration value="Outbound"/>
        </xsd:restriction>
      </xsd:simpleType>
      <xsd:simpleType name="ContractPriorityType">
        <xsd:restriction base="xsd:string">
          <xsd:enumeration value="P0"/>
          <xsd:enumeration value="P1"/>
          <xsd:enumeration value="P2"/>
          <xsd:enumeration value="P3"/>
          <xsd:enumeration value="P4"/>
        </xsd:restriction>
      </xsd:simpleType>
      <xsd:simpleType name="ImpactType">
        <xsd:restriction base="xsd:string">
          <xsd:enumeration value="1-Extensive/Widespread"/>
          <xsd:enumeration value="2-Significant/Large"/>
          <xsd:enumeration value="3-Moderate/Limited"/>
          <xsd:enumeration value="4-Minor/Localized"/>
        </xsd:restriction>
      </xsd:simpleType>
      <xsd:simpleType name="UrgencyType">
        <xsd:restriction base="xsd:string">
          <xsd:enumeration value="1-Critical"/>
          <xsd:enumeration value="2-High"/>
          <xsd:enumeration value="3-Medium"/>
          <xsd:enumeration value="4-Low"/>
        </xsd:restriction>
      </xsd:simpleType>
      <xsd:simpleType name="WorkLogTypeINCType">
        <xsd:restriction base="xsd:string">
          <xsd:enumeration value="----- Customer Inbound -----"/>
          <xsd:enumeration value="Customer Communication"/>
          <xsd:enumeration value="Customer Follow-up"/>
          <xsd:enumeration value="Customer Status Update"/>
          <xsd:enumeration value="----- Customer Outbound -----"/>
          <xsd:enumeration value="Closure Follow Up"/>
          <xsd:enumeration value="Detail Clarification"/>
          <xsd:enumeration value="General Information"/>
          <xsd:enumeration value="Resolution Communications"/>
          <xsd:enumeration value="Satisfaction Survey"/>
          <xsd:enumeration value="Status Update"/>
          <xsd:enumeration value="----- General -----"/>
          <xsd:enumeration value="Incident Task / Action"/>
          <xsd:enumeration value="Problem Script"/>
          <xsd:enumeration value="Working Log"/>
          <xsd:enumeration value="Email System"/>
          <xsd:enumeration value="Paging System"/>
          <xsd:enumeration value="BMC Impact Manager Update"/>
          <xsd:enumeration value="Chat"/>
          <xsd:enumeration value="External Update"/>
        </xsd:restriction>
      </xsd:simpleType>
      <xsd:simpleType name="WorkLogTypeTSKType">
        <xsd:restriction base="xsd:string">
          <xsd:enumeration value="General Information"/>
          <xsd:enumeration value="Provision"/>
          <xsd:enumeration value="Decommission"/>
          <xsd:enumeration value="Change"/>
          <xsd:enumeration value="Delete"/>
          <xsd:enumeration value="Extension"/>
          <xsd:enumeration value="Chat"/>
          <xsd:enumeration value="External Update"/>
        </xsd:restriction>
      </xsd:simpleType>
      <xsd:element name="CreateResponse" type="s0:OutputMapping1"/>
      <xsd:complexType name="OutputMapping1">
        <xsd:sequence>
          <xsd:element minOccurs="0" name="SOATransactionid" type="xsd:string"/>
          <xsd:element minOccurs="0" name="ConsumerTID" type="xsd:string"/>
          <xsd:element name="RequestID" type="xsd:string"/>
          <xsd:element minOccurs="0" name="IncidentID" type="xsd:string"/>
        </xsd:sequence>
      </xsd:complexType>
      <xsd:element name="AuthenticationInfo" type="s0:AuthenticationInfo"/>
      <xsd:complexType name="AuthenticationInfo">
        <xsd:sequence>
          <xsd:element name="userName" type="xsd:string"/>
          <xsd:element name="password" type="xsd:string"/>
          <xsd:element minOccurs="0" name="authentication" type="xsd:string"/>
          <xsd:element minOccurs="0" name="locale" type="xsd:string"/>
          <xsd:element minOccurs="0" name="timeZone" type="xsd:string"/>
        </xsd:sequence>
      </xsd:complexType>
    </xsd:schema>
  </wsdl:types>
  <wsdl:message name="CreateSoapOut">
    <wsdl:part element="s0:CreateResponse" name="parameters"></wsdl:part>
  </wsdl:message>
  <wsdl:message name="ARAuthenticate">
    <wsdl:part element="s0:AuthenticationInfo" name="parameters"></wsdl:part>
  </wsdl:message>
  <wsdl:message name="CreateSoapIn">
    <wsdl:part element="s0:Create" name="parameters"></wsdl:part>
  </wsdl:message>
  <wsdl:portType name="PortPortType">
    <wsdl:operation name="Create">
      <wsdl:input message="s0:CreateSoapIn"></wsdl:input>
      <wsdl:output message="s0:CreateSoapOut"></wsdl:output>
    </wsdl:operation>
  </wsdl:portType>
  <wsdl:binding name="PortSoapBinding" type="s0:PortPortType">
    <soap:binding style="document" transport="http://schemas.xmlsoap.org/soap/http"/>
    <wsdl:operation name="Create">
      <soap:operation soapAction="urn:BMC_CTIL_TEF_Webservice_Interface/Create" style="document"/>
      <wsdl:input>
        <soap:header message="s0:ARAuthenticate" part="parameters" use="literal"></soap:header>
        <soap:body use="literal"/>
      </wsdl:input>
      <wsdl:output>
        <soap:body use="literal"/>
      </wsdl:output>
    </wsdl:operation>
  </wsdl:binding>
  <wsdl:service name="BMC_CTIL_TEF_Webservice_InterfaceService">
    <wsdl:documentation>Webservice to Create/Update CTIL Managed Incidents.</wsdl:documentation>
    <wsdl:port binding="s0:PortSoapBinding" name="PortSoap">
      <soap:address location="http://ctil-qa.onbmc.com/arsys/services/ARService?server=onbmc-s&amp;webService=BMC_CTIL_TEF_Webservice_Interface"/>
    </wsdl:port>
  </wsdl:service>
</wsdl:definitions>]]></con:content><con:type>http://schemas.xmlsoap.org/wsdl/</con:type></con:part></con:definitionCache><con:endpoints><con:endpoint>http://ctil-qa.onbmc.com/arsys/services/ARService?server=onbmc-s&amp;webService=BMC_CTIL_TEF_Webservice_Interface</con:endpoint></con:endpoints><con:operation id="202e63bf-f52e-4eb8-837a-d7c2bbc685b6" isOneWay="false" action="urn:BMC_CTIL_TEF_Webservice_Interface/Create" name="Create" bindingOperationName="Create" type="Request-Response" inputName="" receivesAttachments="false" sendsAttachments="false" anonymous="optional"><con:settings/><con:call id="6936c6fa-a5f0-4929-8caf-fb40cc7a00f3" name="Request 3" wssPasswordType="PasswordText" sslKeystore="o2_testsupport_cert20190501.p12"><con:settings><con:setting id="com.eviware.soapui.impl.wsdl.WsdlRequest@request-headers">&lt;xml-fragment/></con:setting></con:settings><con:encoding>UTF-8</con:encoding><con:endpoint>https://localhost:37443/services/BMC_CTIL_TEF_Webservice_Interface</con:endpoint><con:request><![CDATA[<soapenv:Envelope xmlns:soapenv="http://schemas.xmlsoap.org/soap/envelope/" xmlns:urn="urn:BMC_CTIL_TEF_Webservice_Interface">\r
    <soapenv:Header>
      <wsse:Security soapenv:mustUnderstand="1" xmlns:wsse="http://docs.oasis-open.org/wss/2004/01/oasis-200401-wss-wssecurity-secext-1.0.xsd">
         <wsse:UsernameToken wsu:Id="UsernameToken-12" xmlns:wsu="http://docs.oasis-open.org/wss/2004/01/oasis-200401-wss-wssecurity-utility-1.0.xsd">
            <wsse:Username>testsupport_4321</wsse:Username>
            <wsse:Password Type="http://docs.oasis-open.org/wss/2004/01/oasis-200401-wss-username-token-profile-1.0#PasswordText">t3st1ng</wsse:Password>
            <wsse:Nonce EncodingType="http://docs.oasis-open.org/wss/2004/01/oasis-200401-wss-soap-message-security-1.0#Base64Binary">NzMwODMxNTExMzY1MTczLjM0Mjg0NzA0MzA=</wsse:Nonce>
            <wsu:Created>2017-11-23T15:39:33.342Z</wsu:Created>
         </wsse:UsernameToken>
      </wsse:Security>
   </soapenv:Header>
   <soapenv:Body>\r
      <urn:Create>\r
         <!--Optional:-->\r
         <urn:SOATransactionid>NULL</urn:SOATransactionid>\r
         <!--Optional:-->\r
         <urn:ConsumerTID>433940</urn:ConsumerTID>\r
         <!--Optional:-->\r
         <urn:Source>?</urn:Source>\r
         <!--Optional:-->\r
         <urn:Destination>?</urn:Destination>\r
         <!--Optional:-->\r
         <urn:SourceObjectID>?</urn:SourceObjectID>\r
         <!--Optional:-->\r
         <urn:DestinationObjectID>?</urn:DestinationObjectID>\r
         <!--Optional:-->\r
         <urn:TicketType>?</urn:TicketType>\r
         <!--Optional:-->\r
         <urn:RecordType>Inbound</urn:RecordType>\r
         <!--Optional:-->\r
         <urn:ManagingOperator>?</urn:ManagingOperator>\r
         <!--Optional:-->\r
         <urn:Notes>?</urn:Notes>\r
         <!--Optional:-->\r
         <urn:Summary>?</urn:Summary>\r
         <!--Optional:-->\r
         <urn:ContractPriority>P0</urn:ContractPriority>\r
         <!--Optional:-->\r
         <urn:Impact>1-Extensive/Widespread</urn:Impact>\r
         <!--Optional:-->\r
         <urn:Urgency>1-Critical</urn:Urgency>\r
         <!--Optional:-->\r
         <urn:Status>?</urn:Status>\r
         <!--Optional:-->\r
         <urn:StatusReason>?</urn:StatusReason>\r
         <!-- <urn:ReportedDate>2016-02-02T00:00:000Z</urn:ReportedDate>\r-->

         <!--Optional:-->\r
         <urn:AssigneeGroup>?</urn:AssigneeGroup>\r
         <!--Optional:-->\r
         <urn:JVCOID>?</urn:JVCOID>\r
         <!--Optional:-->\r
         <urn:SiteRef>?</urn:SiteRef>\r
         <!--Optional:-->\r
         <urn:Resolution>?</urn:Resolution>\r
         <!--Optional:-->\r
          <!--<urn:ResolvedDate>08-02-2016</urn:ResolvedDate>\r-->

         <!--Optional:-->\r
         <urn:WorkLogTypeINC>Customer Communication</urn:WorkLogTypeINC>\r
         <!--Optional:-->\r
         <urn:WorkLogTypeTSK>Provision</urn:WorkLogTypeTSK>\r
         <!--Optional:-->\r
         <urn:WISummary>?</urn:WISummary>\r
         <!--Optional:-->\r
         <urn:WINotes>?</urn:WINotes>\r
         <!--Optional:-->\r
         <urn:Attachment1Name>?</urn:Attachment1Name>\r
         <!--Optional:-->\r
        <!-- <urn:Attachment1Data>12</urn:Attachment1Data>\r-->

         <!--Optional:-->\r
         <urn:Attachment1Size>1</urn:Attachment1Size>\r
         <!--1 or more repetitions:-->\r
         <urn:AdditionalCIs>\r
            <!--Optional:-->\r
            <urn:JVCOID>?</urn:JVCOID>\r
            <!--Optional:-->\r
            <urn:SiteRef>?</urn:SiteRef>\r
         </urn:AdditionalCIs>\r
      </urn:Create>\r
   </soapenv:Body>\r
</soapenv:Envelope>]]></con:request><con:credentials><con:username>testsupport_4321</con:username><con:password>t3st1ng</con:password><con:authType>No Authorization</con:authType></con:credentials><con:jmsConfig JMSDeliveryMode="PERSISTENT"/><con:jmsPropertyConfig/><con:wsaConfig mustUnderstand="NONE" version="200508" action="urn:BMC_CTIL_TEF_Webservice_Interface/Create"/><con:wsrmConfig version="1.2"/></con:call></con:operation></con:interface><con:properties/><con:wssContainer><con:crypto><con:source>C:/Users/559528/Desktop/o2_testsupport_cert20190501.p12</con:source><con:password>t3st1ng</con:password><con:type>KEYSTORE</con:type></con:crypto></con:wssContainer><con:oAuth2ProfileContainer/><con:oAuth1ProfileContainer/><con:sensitiveInformation/></con:soapui-project>