<?xml version="1.0" encoding="UTF-8"?>
<con:soapui-project id="7e966ffb-53c4-4b61-b4ec-4091f75be504" activeEnvironment="Default" name="creditcushionservice_1_0" resourceRoot="" soapui-version="5.3.0" abortOnError="false" runType="SEQUENTIAL" xmlns:con="http://eviware.com/soapui/config"><con:settings/><con:interface xsi:type="con:WsdlInterface" id="b87f0fa9-6867-4265-9874-09f463c00c09" wsaVersion="NONE" name="CreditCushionWebServiceSoapBinding" type="wsdl" bindingName="{http://conductor/webservice/creditcushionservice_1}CreditCushionWebServiceSoapBinding" soapVersion="1_1" anonymous="optional" definition="file:/D:/FEDAPI/CreditCushion/creditcushionservice_1_0.wsdl" xmlns:xsi="http://www.w3.org/2001/XMLSchema-instance"><con:settings/><con:definitionCache type="TEXT" rootPart="file:\D:\FEDAPI\CreditCushion\creditcushionservice_1_0.wsdl"><con:part><con:url>file:\D:\FEDAPI\CreditCushion\creditcushionservice_1_0.wsdl</con:url><con:content><![CDATA[<wsdl:definitions name="ConductorCreditCushionWebServiceDefinitions" targetNamespace="http://conductor/webservice/creditcushionservice_1" xmlns:wsdl="http://schemas.xmlsoap.org/wsdl/" xmlns:soap="http://schemas.xmlsoap.org/wsdl/soap/" xmlns:tns="http://conductor/webservice/creditcushionservice_1" xmlns:cc="http://conductor/creditcushion/vo/wrapper/" xmlns:com="http://conductor/common/">
  <!--WSDL Types-->
  <wsdl:types>
    <xsd:schema xmlns:xsd="http://www.w3.org/2001/XMLSchema">
      <xsd:import namespace="http://conductor/creditcushion/vo/wrapper/" schemaLocation="creditcushion/creditcushionmessages_1_0.xsd"/>
      <xsd:import namespace="http://conductor/common/" schemaLocation="common/commondata_1_0.xsd"/>
    </xsd:schema>
  </wsdl:types>
  <!--Start WSDL Messages Section-->
  <wsdl:message name="AddCreditCushionRequest">
    <wsdl:part element="cc:AddCreditCushionRequest" name="AddCreditCushionRequest"/>
  </wsdl:message>
  <wsdl:message name="AddCreditCushionResponse">
    <wsdl:part element="cc:AddCreditCushionResponse" name="AddCreditCushionResponse"/>
  </wsdl:message>
  <wsdl:message name="AddCreditCushionFault">
    <wsdl:part element="cc:AddCreditCushionFault" name="AddCreditCushionFault"/>
  </wsdl:message>
  <wsdl:message name="RemoveCreditCushionRequest">
    <wsdl:part element="cc:RemoveCreditCushionRequest" name="RemoveCreditCushionRequest"/>
  </wsdl:message>
  <wsdl:message name="RemoveCreditCushionResponse">
    <wsdl:part element="cc:RemoveCreditCushionResponse" name="RemoveCreditCushionResponse"/>
  </wsdl:message>
  <wsdl:message name="RemoveCreditCushionFault">
    <wsdl:part element="cc:RemoveCreditCushionFault" name="RemoveCreditCushionFault"/>
  </wsdl:message>
  <wsdl:message name="UpdateCreditCushionRequest">
    <wsdl:part element="cc:UpdateCreditCushionRequest" name="UpdateCreditCushionRequest"/>
  </wsdl:message>
  <wsdl:message name="UpdateCreditCushionResponse">
    <wsdl:part element="cc:UpdateCreditCushionResponse" name="UpdateCreditCushionResponse"/>
  </wsdl:message>
  <wsdl:message name="UpdateCreditCushionFault">
    <wsdl:part element="cc:UpdateCreditCushionFault" name="UpdateCreditCushionFault"/>
  </wsdl:message>
  <wsdl:message name="RenewCreditCushionRequest">
    <wsdl:part element="cc:RenewCreditCushionRequest" name="RenewCreditCushionRequest"/>
  </wsdl:message>
  <wsdl:message name="RenewCreditCushionResponse">
    <wsdl:part element="cc:RenewCreditCushionResponse" name="RenewCreditCushionResponse"/>
  </wsdl:message>
  <wsdl:message name="RenewCreditCushionFault">
    <wsdl:part element="cc:RenewCreditCushionFault" name="RenewCreditCushionFault"/>
  </wsdl:message>
  <wsdl:message name="ViewCreditCushionRequest">
    <wsdl:part element="cc:ViewCreditCushionRequest" name="ViewCreditCushionRequest"/>
  </wsdl:message>
  <wsdl:message name="ViewCreditCushionResponse">
    <wsdl:part element="cc:ViewCreditCushionResponse" name="ViewCreditCushionResponse"/>
  </wsdl:message>
  <wsdl:message name="ViewCreditCushionFault">
    <wsdl:part element="cc:ViewCreditCushionFault" name="ViewCreditCushionFault"/>
  </wsdl:message>
  <wsdl:message name="RequestValidationFault">
    <wsdl:part element="com:RequestValidationFault" name="RequestValidationFault"/>
  </wsdl:message>
  <wsdl:message name="SOAFault">
    <wsdl:part element="com:SOAFault" name="SOAFault"/>
  </wsdl:message>
  <!--End WSDL Messages Section-->
  <!--Start WSDL Port Section-->
  <wsdl:portType name="CreditCushionWebServicePort">
    <wsdl:operation name="AddCreditCushion">
      <wsdl:input message="tns:AddCreditCushionRequest" name="AddCreditCushionRequest"/>
      <wsdl:output message="tns:AddCreditCushionResponse" name="AddCreditCushionResponse"/>
      <wsdl:fault message="tns:AddCreditCushionFault" name="AddCreditCushionFault"/>
      <wsdl:fault message="tns:RequestValidationFault" name="RequestValidationFault"/>
      <wsdl:fault message="tns:SOAFault" name="SOAFault"/>
    </wsdl:operation>
    <wsdl:operation name="RemoveCreditCushion">
      <wsdl:input message="tns:RemoveCreditCushionRequest" name="RemoveCreditCushionRequest"/>
      <wsdl:output message="tns:RemoveCreditCushionResponse" name="RemoveCreditCushionResponse"/>
      <wsdl:fault message="tns:RemoveCreditCushionFault" name="RemoveCreditCushionFault"/>
      <wsdl:fault message="tns:RequestValidationFault" name="RequestValidationFault"/>
      <wsdl:fault message="tns:SOAFault" name="SOAFault"/>
    </wsdl:operation>
    <wsdl:operation name="UpdateCreditCushion">
      <wsdl:input message="tns:UpdateCreditCushionRequest" name="UpdateCreditCushionRequest"/>
      <wsdl:output message="tns:UpdateCreditCushionResponse" name="UpdateCreditCushionResponse"/>
      <wsdl:fault message="tns:UpdateCreditCushionFault" name="UpdateCreditCushionFault"/>
      <wsdl:fault message="tns:RequestValidationFault" name="RequestValidationFault"/>
      <wsdl:fault message="tns:SOAFault" name="SOAFault"/>
    </wsdl:operation>
    <wsdl:operation name="RenewCreditCushion">
      <wsdl:input message="tns:RenewCreditCushionRequest" name="RenewCreditCushionRequest"/>
      <wsdl:output message="tns:RenewCreditCushionResponse" name="RenewCreditCushionResponse"/>
      <wsdl:fault message="tns:RenewCreditCushionFault" name="RenewCreditCushionFault"/>
      <wsdl:fault message="tns:RequestValidationFault" name="RequestValidationFault"/>
      <wsdl:fault message="tns:SOAFault" name="SOAFault"/>
    </wsdl:operation>
    <wsdl:operation name="ViewCreditCushion">
      <wsdl:input message="tns:ViewCreditCushionRequest" name="ViewCreditCushionRequest"/>
      <wsdl:output message="tns:ViewCreditCushionResponse" name="ViewCreditCushionResponse"/>
      <wsdl:fault message="tns:ViewCreditCushionFault" name="ViewCreditCushionFault"/>
      <wsdl:fault message="tns:RequestValidationFault" name="RequestValidationFault"/>
      <wsdl:fault message="tns:SOAFault" name="SOAFault"/>
    </wsdl:operation>
  </wsdl:portType>
  <!--End WSDL Port Section-->
  <!--Start WSDL Binding Section-->
  <wsdl:binding name="CreditCushionWebServiceSoapBinding" type="tns:CreditCushionWebServicePort">
    <soap:binding style="document" transport="http://schemas.xmlsoap.org/soap/http"/>
    <wsdl:operation name="AddCreditCushion">
      <soap:operation soapAction="http://conductor/AddCreditCushion"/>
      <wsdl:input name="AddCreditCushionRequest">
        <soap:body use="literal"/>
      </wsdl:input>
      <wsdl:output name="AddCreditCushionResponse">
        <soap:body use="literal"/>
      </wsdl:output>
      <wsdl:fault name="AddCreditCushionFault">
        <soap:fault name="AddCreditCushionFault" use="literal"/>
      </wsdl:fault>
      <wsdl:fault name="RequestValidationFault">
        <soap:fault name="RequestValidationFault" use="literal"/>
      </wsdl:fault>
      <wsdl:fault name="SOAFault">
        <soap:fault name="SOAFault" use="literal"/>
      </wsdl:fault>
    </wsdl:operation>
    <wsdl:operation name="RemoveCreditCushion">
      <soap:operation soapAction="http://conductor/RemoveCreditCushion"/>
      <wsdl:input name="RemoveCreditCushionRequest">
        <soap:body use="literal"/>
      </wsdl:input>
      <wsdl:output name="RemoveCreditCushionResponse">
        <soap:body use="literal"/>
      </wsdl:output>
      <wsdl:fault name="RemoveCreditCushionFault">
        <soap:fault name="RemoveCreditCushionFault" use="literal"/>
      </wsdl:fault>
      <wsdl:fault name="RequestValidationFault">
        <soap:fault name="RequestValidationFault" use="literal"/>
      </wsdl:fault>
      <wsdl:fault name="SOAFault">
        <soap:fault name="SOAFault" use="literal"/>
      </wsdl:fault>
    </wsdl:operation>
    <wsdl:operation name="UpdateCreditCushion">
      <soap:operation soapAction="http://conductor/UpdateCreditCushion"/>
      <wsdl:input name="UpdateCreditCushionRequest">
        <soap:body use="literal"/>
      </wsdl:input>
      <wsdl:output name="UpdateCreditCushionResponse">
        <soap:body use="literal"/>
      </wsdl:output>
      <wsdl:fault name="UpdateCreditCushionFault">
        <soap:fault name="UpdateCreditCushionFault" use="literal"/>
      </wsdl:fault>
      <wsdl:fault name="RequestValidationFault">
        <soap:fault name="RequestValidationFault" use="literal"/>
      </wsdl:fault>
      <wsdl:fault name="SOAFault">
        <soap:fault name="SOAFault" use="literal"/>
      </wsdl:fault>
    </wsdl:operation>
    <wsdl:operation name="RenewCreditCushion">
      <soap:operation soapAction="http://conductor/RenewCreditCushion"/>
      <wsdl:input name="RenewCreditCushionRequest">
        <soap:body use="literal"/>
      </wsdl:input>
      <wsdl:output name="RenewCreditCushionResponse">
        <soap:body use="literal"/>
      </wsdl:output>
      <wsdl:fault name="RenewCreditCushionFault">
        <soap:fault name="RenewCreditCushionFault" use="literal"/>
      </wsdl:fault>
      <wsdl:fault name="RequestValidationFault">
        <soap:fault name="RequestValidationFault" use="literal"/>
      </wsdl:fault>
      <wsdl:fault name="SOAFault">
        <soap:fault name="SOAFault" use="literal"/>
      </wsdl:fault>
    </wsdl:operation>
    <wsdl:operation name="ViewCreditCushion">
      <soap:operation soapAction="http://conductor/ViewCreditCushion"/>
      <wsdl:input name="ViewCreditCushionRequest">
        <soap:body use="literal"/>
      </wsdl:input>
      <wsdl:output name="ViewCreditCushionResponse">
        <soap:body use="literal"/>
      </wsdl:output>
      <wsdl:fault name="ViewCreditCushionFault">
        <soap:fault name="ViewCreditCushionFault" use="literal"/>
      </wsdl:fault>
      <wsdl:fault name="RequestValidationFault">
        <soap:fault name="RequestValidationFault" use="literal"/>
      </wsdl:fault>
      <wsdl:fault name="SOAFault">
        <soap:fault name="SOAFault" use="literal"/>
      </wsdl:fault>
    </wsdl:operation>
  </wsdl:binding>
  <!--End WSDL Binding Section-->
  <wsdl:service name="CreditCushion_1_0">
    <wsdl:port binding="tns:CreditCushionWebServiceSoapBinding" name="CreditCushionWebServicePort">
      <soap:address location="http://localhost:7001/superconductor/webservices/CreditCushion_1_0"/>
    </wsdl:port>
  </wsdl:service>
</wsdl:definitions>]]></con:content><con:type>http://schemas.xmlsoap.org/wsdl/</con:type></con:part><con:part><con:url>file:\D:\FEDAPI\CreditCushion\creditcushion\creditcushionmessages_1_0.xsd</con:url><con:content><![CDATA[<xsd:schema targetNamespace="http://conductor/creditcushion/vo/wrapper/" xmlns:xsd="http://www.w3.org/2001/XMLSchema" xmlns:com="http://conductor/common/" xmlns:tns="http://conductor/creditcushion/vo/wrapper/">
  <xsd:import namespace="http://conductor/common/" schemaLocation="../common/commondata_1_0.xsd"/>
  <xsd:element name="AddCreditCushionRequest">
    <xsd:complexType>
      <xsd:sequence>
        <xsd:element minOccurs="1" name="msisdn" type="xsd:string"/>
        <xsd:element minOccurs="1" name="limit" type="xsd:int"/>
        <xsd:element minOccurs="1" name="journey" type="xsd:string"/>
      </xsd:sequence>
    </xsd:complexType>
  </xsd:element>
  <xsd:element name="AddCreditCushionResponse">
    <xsd:complexType>
      <xsd:sequence></xsd:sequence>
    </xsd:complexType>
  </xsd:element>
  <xsd:element name="AddCreditCushionFault">
    <xsd:complexType>
      <xsd:complexContent>
        <xsd:extension base="com:SOAFault"/>
      </xsd:complexContent>
    </xsd:complexType>
  </xsd:element>
  <xsd:element name="RemoveCreditCushionRequest">
    <xsd:complexType>
      <xsd:sequence>
        <xsd:element minOccurs="1" name="msisdn" type="xsd:string"/>
      </xsd:sequence>
    </xsd:complexType>
  </xsd:element>
  <xsd:element name="RemoveCreditCushionResponse">
    <xsd:complexType>
      <xsd:sequence></xsd:sequence>
    </xsd:complexType>
  </xsd:element>
  <xsd:element name="RemoveCreditCushionFault">
    <xsd:complexType>
      <xsd:complexContent>
        <xsd:extension base="com:SOAFault"/>
      </xsd:complexContent>
    </xsd:complexType>
  </xsd:element>
  <xsd:element name="UpdateCreditCushionRequest">
    <xsd:complexType>
      <xsd:sequence>
        <xsd:element minOccurs="1" name="msisdn" type="xsd:string"/>
        <xsd:element minOccurs="1" name="limit" type="xsd:int"/>
        <xsd:element minOccurs="1" name="journey" type="xsd:string"/>
      </xsd:sequence>
    </xsd:complexType>
  </xsd:element>
  <xsd:element name="UpdateCreditCushionResponse">
    <xsd:complexType>
      <xsd:sequence></xsd:sequence>
    </xsd:complexType>
  </xsd:element>
  <xsd:element name="UpdateCreditCushionFault">
    <xsd:complexType>
      <xsd:complexContent>
        <xsd:extension base="com:SOAFault"/>
      </xsd:complexContent>
    </xsd:complexType>
  </xsd:element>
  <xsd:element name="RenewCreditCushionRequest">
    <xsd:complexType>
      <xsd:sequence>
        <xsd:element minOccurs="1" name="msisdn" type="xsd:string"/>
        <xsd:element minOccurs="1" name="amount" type="xsd:long"/>
      </xsd:sequence>
    </xsd:complexType>
  </xsd:element>
  <xsd:element name="RenewCreditCushionResponse">
    <xsd:complexType>
      <xsd:sequence></xsd:sequence>
    </xsd:complexType>
  </xsd:element>
  <xsd:element name="RenewCreditCushionFault">
    <xsd:complexType>
      <xsd:complexContent>
        <xsd:extension base="com:SOAFault"/>
      </xsd:complexContent>
    </xsd:complexType>
  </xsd:element>
  <xsd:element name="ViewCreditCushionRequest">
    <xsd:complexType>
      <xsd:sequence>
        <xsd:element minOccurs="1" name="msisdn" type="xsd:string"/>
      </xsd:sequence>
    </xsd:complexType>
  </xsd:element>
  <xsd:element name="ViewCreditCushionResponse">
    <xsd:complexType>
      <xsd:sequence>
        <xsd:element minOccurs="1" name="msisdn" nillable="false" type="xsd:string"/>
        <xsd:element minOccurs="1" name="limit" nillable="false" type="xsd:integer"/>
        <xsd:element minOccurs="1" name="amount" default="0" nillable="true" type="xsd:long"/>
        <xsd:element minOccurs="1" name="startTime" nillable="false" type="xsd:dateTime"/>
        <xsd:element minOccurs="1" name="status" nillable="false" type="xsd:string"/>
        <xsd:element minOccurs="1" name="journey" nillable="true" type="xsd:string"/>
        <xsd:element minOccurs="1" name="lastRenewal" nillable="true" type="xsd:dateTime"/>
        <xsd:element minOccurs="1" name="nextRenewal" nillable="true" type="xsd:dateTime"/>
        <xsd:element minOccurs="1" name="notificationSent" nillable="true" type="xsd:boolean"/>
      </xsd:sequence>
    </xsd:complexType>
  </xsd:element>
  <xsd:element name="ViewCreditCushionFault">
    <xsd:complexType>
      <xsd:complexContent>
        <xsd:extension base="com:SOAFault"/>
      </xsd:complexContent>
    </xsd:complexType>
  </xsd:element>
</xsd:schema>]]></con:content><con:type>http://www.w3.org/2001/XMLSchema</con:type></con:part><con:part><con:url>file:\D:\FEDAPI\CreditCushion\common\commondata_1_0.xsd</con:url><con:content><![CDATA[<xsd:schema targetNamespace="http://conductor/common/" xmlns:tns="http://conductor/common/" xmlns:xsd="http://www.w3.org/2001/XMLSchema">
  <xsd:complexType name="StringArray">
    <xsd:sequence>
      <xsd:element maxOccurs="unbounded" minOccurs="0" name="stringArray" nillable="true" type="xsd:string"/>
    </xsd:sequence>
  </xsd:complexType>
  <xsd:complexType name="ValueObject"/>
  <xsd:complexType name="NameValuePair">
    <xsd:sequence>
      <xsd:element name="name" type="xsd:string"/>
      <xsd:element name="value" type="xsd:string" nillable="true"/>
    </xsd:sequence>
  </xsd:complexType>
  <xsd:element name="RequestValidationFault" type="tns:RequestValidationFault"/>
  <xsd:complexType name="RequestValidationFault">
    <xsd:complexContent>
      <xsd:extension base="tns:SOAFault"/>
    </xsd:complexContent>
  </xsd:complexType>
  <xsd:element name="SOAFault" type="tns:SOAFault"/>
  <xsd:complexType name="SOAFault">
    <xsd:sequence>
      <xsd:element minOccurs="1" name="SOAFaultCode" type="xsd:string"/>
      <xsd:element minOccurs="1" name="faultDescription" type="xsd:string"/>
      <xsd:element minOccurs="1" name="SOATransactionID" type="xsd:string"/>
      <xsd:element minOccurs="1" name="SOAFaultOriginator" type="xsd:string"/>
      <xsd:element minOccurs="1" name="faultTrace" type="xsd:string"/>
    </xsd:sequence>
  </xsd:complexType>
  <xsd:simpleType name="ClubcardNumber">
    <xsd:restriction base="xsd:string">
      <xsd:minLength value="16"/>
      <xsd:maxLength value="18"/>
    </xsd:restriction>
  </xsd:simpleType>
  <xsd:complexType name="ExtensionsType">
    <xsd:sequence minOccurs="1" maxOccurs="1">
      <xsd:element name="type" minOccurs="1" maxOccurs="1">
        <xsd:simpleType>
          <xsd:restriction base="xsd:string">
            <xsd:minLength value="1"/>
            <xsd:maxLength value="255"/>
          </xsd:restriction>
        </xsd:simpleType>
      </xsd:element>
      <xsd:element name="value" minOccurs="1" maxOccurs="1">
        <xsd:simpleType>
          <xsd:restriction base="xsd:string">
            <xsd:minLength value="1"/>
            <xsd:maxLength value="255"/>
          </xsd:restriction>
        </xsd:simpleType>
      </xsd:element>
    </xsd:sequence>
  </xsd:complexType>
</xsd:schema>]]></con:content><con:type>http://www.w3.org/2001/XMLSchema</con:type></con:part></con:definitionCache><con:endpoints><con:endpoint>http://localhost:7001/superconductor/webservices/CreditCushion_1_0</con:endpoint></con:endpoints><con:operation id="b9b31f59-b76e-447e-a98f-55ce4ab7786c" isOneWay="false" action="http://conductor/AddCreditCushion" name="AddCreditCushion" bindingOperationName="AddCreditCushion" type="Request-Response" outputName="AddCreditCushionResponse" inputName="AddCreditCushionRequest" receivesAttachments="false" sendsAttachments="false" anonymous="optional"><con:settings/><con:call id="481de617-5a3f-4468-845e-e5cbc0d5c99b" name="Request 1"><con:settings/><con:encoding>UTF-8</con:encoding><con:endpoint>http://localhost:7001/superconductor/webservices/CreditCushion_1_0</con:endpoint><con:request><![CDATA[<soapenv:Envelope xmlns:soapenv="http://schemas.xmlsoap.org/soap/envelope/" xmlns:wrap="http://conductor/creditcushion/vo/wrapper/">\r
   <soapenv:Header/>\r
   <soapenv:Body>\r
      <wrap:AddCreditCushionRequest>\r
         <msisdn>gero et</msisdn>\r
         <limit>3</limit>\r
         <journey>sonoras imperio</journey>\r
      </wrap:AddCreditCushionRequest>\r
   </soapenv:Body>\r
</soapenv:Envelope>]]></con:request><con:wsaConfig mustUnderstand="NONE" version="200508" action="http://conductor/AddCreditCushion"/></con:call></con:operation><con:operation id="51a585c3-e2da-4534-bff8-e7c1d6b4c85b" isOneWay="false" action="http://conductor/RemoveCreditCushion" name="RemoveCreditCushion" bindingOperationName="RemoveCreditCushion" type="Request-Response" outputName="RemoveCreditCushionResponse" inputName="RemoveCreditCushionRequest" receivesAttachments="false" sendsAttachments="false" anonymous="optional"><con:settings/><con:call id="5b1f8dbe-df9f-4676-b471-e052aca330b7" name="Request 1"><con:settings/><con:encoding>UTF-8</con:encoding><con:endpoint>http://localhost:7001/superconductor/webservices/CreditCushion_1_0</con:endpoint><con:request><![CDATA[<soapenv:Envelope xmlns:soapenv="http://schemas.xmlsoap.org/soap/envelope/" xmlns:wrap="http://conductor/creditcushion/vo/wrapper/">\r
   <soapenv:Header/>\r
   <soapenv:Body>\r
      <wrap:RemoveCreditCushionRequest>\r
         <msisdn>gero et</msisdn>\r
      </wrap:RemoveCreditCushionRequest>\r
   </soapenv:Body>\r
</soapenv:Envelope>]]></con:request><con:wsaConfig mustUnderstand="NONE" version="200508" action="http://conductor/RemoveCreditCushion"/></con:call></con:operation><con:operation id="ae9632cf-6bc5-4c99-b0f6-189cedacaacb" isOneWay="false" action="http://conductor/RenewCreditCushion" name="RenewCreditCushion" bindingOperationName="RenewCreditCushion" type="Request-Response" outputName="RenewCreditCushionResponse" inputName="RenewCreditCushionRequest" receivesAttachments="false" sendsAttachments="false" anonymous="optional"><con:settings/><con:call id="3a5be295-3063-4aa6-b5f7-37f481158504" name="Request 1"><con:settings/><con:encoding>UTF-8</con:encoding><con:endpoint>http://localhost:7001/superconductor/webservices/CreditCushion_1_0</con:endpoint><con:request><![CDATA[<soapenv:Envelope xmlns:soapenv="http://schemas.xmlsoap.org/soap/envelope/" xmlns:wrap="http://conductor/creditcushion/vo/wrapper/">\r
   <soapenv:Header/>\r
   <soapenv:Body>\r
      <wrap:RenewCreditCushionRequest>\r
         <msisdn>gero et</msisdn>\r
         <amount>10</amount>\r
      </wrap:RenewCreditCushionRequest>\r
   </soapenv:Body>\r
</soapenv:Envelope>]]></con:request><con:wsaConfig mustUnderstand="NONE" version="200508" action="http://conductor/RenewCreditCushion"/></con:call></con:operation><con:operation id="99ea7a78-d50c-43d4-8063-79c78fa3ac47" isOneWay="false" action="http://conductor/UpdateCreditCushion" name="UpdateCreditCushion" bindingOperationName="UpdateCreditCushion" type="Request-Response" outputName="UpdateCreditCushionResponse" inputName="UpdateCreditCushionRequest" receivesAttachments="false" sendsAttachments="false" anonymous="optional"><con:settings/><con:call id="7a71781f-6eab-4b9d-8dc7-c7898f5c1f65" name="Request 1"><con:settings/><con:encoding>UTF-8</con:encoding><con:endpoint>http://localhost:7001/superconductor/webservices/CreditCushion_1_0</con:endpoint><con:request><![CDATA[<soapenv:Envelope xmlns:soapenv="http://schemas.xmlsoap.org/soap/envelope/" xmlns:wrap="http://conductor/creditcushion/vo/wrapper/">\r
   <soapenv:Header/>\r
   <soapenv:Body>\r
      <wrap:UpdateCreditCushionRequest>\r
         <msisdn>gero et</msisdn>\r
         <limit>3</limit>\r
         <journey>sonoras imperio</journey>\r
      </wrap:UpdateCreditCushionRequest>\r
   </soapenv:Body>\r
</soapenv:Envelope>]]></con:request><con:wsaConfig mustUnderstand="NONE" version="200508" action="http://conductor/UpdateCreditCushion"/></con:call></con:operation><con:operation id="2236f088-28b8-40af-a381-7b608c4ceab7" isOneWay="false" action="http://conductor/ViewCreditCushion" name="ViewCreditCushion" bindingOperationName="ViewCreditCushion" type="Request-Response" outputName="ViewCreditCushionResponse" inputName="ViewCreditCushionRequest" receivesAttachments="false" sendsAttachments="false" anonymous="optional"><con:settings/><con:call id="8b4d275c-0d66-401b-a864-1886c3efda5a" name="Request 1" sslKeystore="o2_testsupport_cert20190501.p12"><con:settings><con:setting id="com.eviware.soapui.impl.wsdl.WsdlRequest@request-headers">&lt;xml-fragment/></con:setting></con:settings><con:encoding>UTF-8</con:encoding><con:endpoint>https://mvne.ref.o2.co.uk/services/CreditCushion_1_0 </con:endpoint><con:request><![CDATA[<SOAP-ENV:Envelope xmlns:SOAP-ENV="http://schemas.xmlsoap.org/soap/envelope/">\r
   <SOAP-ENV:Header>\r
      <wsse:Security SOAP-ENV:mustUnderstand="1" xmlns:wsse="http://docs.oasis-open.org/wss/2004/01/oasis-200401-wss-wssecurity-secext-1.0.xsd" xmlns:wsu="http://docs.oasis-open.org/wss/2004/01/oasis-200401-wss-wssecurity-utility-1.0.xsd">\r
         <wsse:UsernameToken wsu:Id="UsernameToken-dd48a5ed-c846-48d0-9ceb-7597c179765e">\r
            <wsse:Username>napaportal_4326</wsse:Username>\r
            <wsse:Password Type="http://docs.oasis-open.org/wss/2004/01/oasis-200401-wss-username-token-profile-1.0#PasswordText">2MZz7THw</wsse:Password>\r
         </wsse:UsernameToken>\r
      </wsse:Security>\r
      <SOAConsumerTransactionID xmlns="http://soa.o2.co.uk/coredata_1">testTransactionId</SOAConsumerTransactionID>\r
   </SOAP-ENV:Header>\r
   <SOAP-ENV:Body>\r
      <ns3:ViewCreditCushionRequest xmlns:ns3="http://conductor/creditcushion/vo/wrapper/">\r
         <msisdn>447801092741</msisdn>\r
      </ns3:ViewCreditCushionRequest>\r
   </SOAP-ENV:Body>\r
</SOAP-ENV:Envelope>]]></con:request><con:credentials><con:authType>No Authorization</con:authType></con:credentials><con:jmsConfig JMSDeliveryMode="PERSISTENT"/><con:jmsPropertyConfig/><con:wsaConfig mustUnderstand="NONE" version="200508" action="http://conductor/ViewCreditCushion"/><con:wsrmConfig version="1.2"/></con:call><con:call id="2a692345-8338-4362-b16f-2b46c9475fcd" name="Request 2"><con:settings/><con:encoding>UTF-8</con:encoding><con:endpoint>http://localhost:7001/superconductor/webservices/CreditCushion_1_0</con:endpoint><con:request><![CDATA[<soapenv:Envelope xmlns:soapenv="http://schemas.xmlsoap.org/soap/envelope/" xmlns:wrap="http://conductor/creditcushion/vo/wrapper/">\r
   <soapenv:Header/>\r
   <soapenv:Body>\r
      <wrap:ViewCreditCushionRequest>\r
         <msisdn>gero et</msisdn>\r
      </wrap:ViewCreditCushionRequest>\r
   </soapenv:Body>\r
</soapenv:Envelope>]]></con:request><con:credentials><con:authType>No Authorization</con:authType></con:credentials><con:jmsConfig JMSDeliveryMode="PERSISTENT"/><con:jmsPropertyConfig/><con:wsaConfig mustUnderstand="NONE" version="200508" action="http://conductor/ViewCreditCushion"/><con:wsrmConfig version="1.2"/></con:call></con:operation></con:interface><con:properties/><con:wssContainer><con:crypto><con:source>C:/Users/559528/Desktop/o2_testsupport_cert20190501.p12</con:source><con:password>t3st1ng</con:password><con:type>KEYSTORE</con:type></con:crypto></con:wssContainer><con:oAuth2ProfileContainer/><con:oAuth1ProfileContainer/><con:sensitiveInformation/></con:soapui-project>