<?xml version="1.0" encoding="UTF-8"?>
<con:soapui-project id="f4b3d517-f86f-4955-879c-3896e34603b2" activeEnvironment="Default" name="managecontentaccessservice_1_0" resourceRoot="" soapui-version="5.3.0" abortOnError="false" runType="SEQUENTIAL" xmlns:con="http://eviware.com/soapui/config"><con:settings/><con:interface xsi:type="con:WsdlInterface" id="035db0d6-937a-41cd-9b16-403073b54a88" wsaVersion="NONE" name="ManageContentAccessBinding" type="wsdl" bindingName="{http://soa.o2.co.uk/managecontentaccessservice_1}ManageContentAccessBinding" soapVersion="1_1" anonymous="optional" definition="file:/D:/agdomain/MCA/managecontentaccessservice_1_0.wsdl" xmlns:xsi="http://www.w3.org/2001/XMLSchema-instance"><con:settings/><con:definitionCache type="TEXT" rootPart="file:\D:\agdomain\MCA\managecontentaccessservice_1_0.wsdl"><con:part><con:url>file:\D:\agdomain\MCA\managecontentaccessservice_1_0.wsdl</con:url><con:content><![CDATA[<!--Date            Change#       Author             				Change Description-->
<!--09/10/2009   1.0.1             Subramanyam       		Added getContantAccessDetails & setContentAccessDetails operations-->
<!--1.0.0             Anilkumar Gundurao       Initial Version-->
<wsdl:definitions name="ManageContentAccess" targetNamespace="http://soa.o2.co.uk/managecontentaccessservice_1" xmlns:wsdl="http://schemas.xmlsoap.org/wsdl/" xmlns:soap="http://schemas.xmlsoap.org/wsdl/soap/" xmlns:gss="http://soa.o2.co.uk/managecontentaccessservice_1" xmlns:gsd="http://soa.o2.co.uk/managecontentaccessdata_1">
  <wsdl:types>
    <xsd:schema xmlns:xsd="http://www.w3.org/2001/XMLSchema">
      <xsd:import namespace="http://soa.o2.co.uk/managecontentaccessdata_1" schemaLocation="managecontentaccessdata_1_0.xsd"/>
    </xsd:schema>
  </wsdl:types>
  <wsdl:message name="getContentAccessStatus">
    <wsdl:part name="getContentAccessStatus" element="gsd:getContentAccessStatus"/>
  </wsdl:message>
  <wsdl:message name="getContentAccessStatusResponse">
    <wsdl:part name="getContentAccessStatusResponse" element="gsd:getContentAccessStatusResponse"/>
  </wsdl:message>
  <wsdl:message name="getContentAccessStatusFault">
    <wsdl:part name="getContentAccessStatusFault" element="gsd:getContentAccessStatusFault"/>
  </wsdl:message>
  <wsdl:message name="getContentAccessDetails">
    <wsdl:part name="getContentAccessDetails" element="gsd:getContentAccessDetails"/>
  </wsdl:message>
  <wsdl:message name="getContentAccessDetailsResponse">
    <wsdl:part name="getContentAccessDetailsResponse" element="gsd:getContentAccessDetailsResponse"/>
  </wsdl:message>
  <wsdl:message name="getContentAccessDetailsFault">
    <wsdl:part name="getContentAccessDetailsFault" element="gsd:getContentAccessDetailsFault"/>
  </wsdl:message>
  <wsdl:message name="setContentAccessDetails">
    <wsdl:part name="setContentAccessDetails" element="gsd:setContentAccessDetails"/>
  </wsdl:message>
  <wsdl:message name="setContentAccessDetailsResponse">
    <wsdl:part name="setContentAccessDetailsResponse" element="gsd:setContentAccessDetailsResponse"/>
  </wsdl:message>
  <wsdl:message name="setContentAccessDetailsFault">
    <wsdl:part name="setContentAccessDetailsFault" element="gsd:setContentAccessDetailsFault"/>
  </wsdl:message>
  <wsdl:portType name="ManageContentAccessPortType">
    <wsdl:operation name="getContentAccessStatus">
      <wsdl:input name="getContentAccessStatus" message="gss:getContentAccessStatus"/>
      <wsdl:output name="getContentAccessStatusResponse" message="gss:getContentAccessStatusResponse"/>
      <wsdl:fault name="getContentAccessStatusFault" message="gss:getContentAccessStatusFault"/>
    </wsdl:operation>
    <wsdl:operation name="getContentAccessDetails">
      <wsdl:input name="getContentAccessDetails" message="gss:getContentAccessDetails"/>
      <wsdl:output name="getContentAccessDetailsResponse" message="gss:getContentAccessDetailsResponse"/>
      <wsdl:fault name="getContentAccessDetailsFault" message="gss:getContentAccessDetailsFault"/>
    </wsdl:operation>
    <wsdl:operation name="setContentAccessDetails">
      <wsdl:input name="setContentAccessDetails" message="gss:setContentAccessDetails"/>
      <wsdl:output name="setContentAccessDetailsResponse" message="gss:setContentAccessDetailsResponse"/>
      <wsdl:fault name="setContentAccessDetailsFault" message="gss:setContentAccessDetailsFault"/>
    </wsdl:operation>
  </wsdl:portType>
  <wsdl:binding name="ManageContentAccessBinding" type="gss:ManageContentAccessPortType">
    <soap:binding style="document" transport="http://schemas.xmlsoap.org/soap/http"/>
    <wsdl:operation name="getContentAccessStatus">
      <soap:operation soapAction=""/>
      <wsdl:input name="getContentAccessStatus">
        <soap:body parts="getContentAccessStatus" use="literal"/>
      </wsdl:input>
      <wsdl:output name="getContentAccessStatusResponse">
        <soap:body parts="getContentAccessStatusResponse" use="literal"/>
      </wsdl:output>
      <wsdl:fault name="getContentAccessStatusFault">
        <soap:fault name="getContentAccessStatusFault" use="literal"/>
      </wsdl:fault>
    </wsdl:operation>
    <wsdl:operation name="getContentAccessDetails">
      <soap:operation soapAction=""/>
      <wsdl:input name="getContentAccessDetails">
        <soap:body parts="getContentAccessDetails" use="literal"/>
      </wsdl:input>
      <wsdl:output name="getContentAccessDetailsResponse">
        <soap:body parts="getContentAccessDetailsResponse" use="literal"/>
      </wsdl:output>
      <wsdl:fault name="getContentAccessDetailsFault">
        <soap:fault name="getContentAccessDetailsFault" use="literal"/>
      </wsdl:fault>
    </wsdl:operation>
    <wsdl:operation name="setContentAccessDetails">
      <soap:operation soapAction=""/>
      <wsdl:input name="setContentAccessDetails">
        <soap:body parts="setContentAccessDetails" use="literal"/>
      </wsdl:input>
      <wsdl:output name="setContentAccessDetailsResponse">
        <soap:body parts="setContentAccessDetailsResponse" use="literal"/>
      </wsdl:output>
      <wsdl:fault name="setContentAccessDetailsFault">
        <soap:fault name="setContentAccessDetailsFault" use="literal"/>
      </wsdl:fault>
    </wsdl:operation>
  </wsdl:binding>
  <wsdl:service name="ManageContentAccessService">
    <wsdl:port name="ManageContentAccessPort" binding="gss:ManageContentAccessBinding">
      <soap:address location="https://sdpapi.o2.co.uk/services/ManageContentAccess_1_0"/>
    </wsdl:port>
  </wsdl:service>
</wsdl:definitions>]]></con:content><con:type>http://schemas.xmlsoap.org/wsdl/</con:type></con:part><con:part><con:url>file:\D:\agdomain\MCA\managecontentaccessdata_1_0.xsd</con:url><con:content><![CDATA[<!--edited with XMLSpy v2008 rel. 2 sp1 (http://www.altova.com) by Rajesh V (Torry Harris)-->
<!--Date         Change#       	Author             				Change Description-->
<!--06/04/2012	 1.0.4			Karthikeyan				Updated "getContentAccessStatus" operation to allow "DAB Identifier" and "IP Address" as an input value.-->
<!--28/10/2009   1.0.3          Manasa                  Removed channelId and actionChannelId from getConternAccessDetails-->
<!--28/10/2009   1.0.2          Subramanyam       		Removed elements ageVerificationDocumentReference & ageVerificationType 
														from response of getContentAccessDetails operation & request of setContentAccessDetails 
														operation and removed simpleType "ageVerificationType".-->
<!--09/10/2009   1.0.1          Subramanyam       		Added getContantAccessDetails & setContentAccessDetails operations-->
<!--1.0.0          Anilkumar Gundurao      Initial Version-->
<xsd:schema targetNamespace="http://soa.o2.co.uk/managecontentaccessdata_1" elementFormDefault="qualified" attributeFormDefault="unqualified" xmlns:xsd="http://www.w3.org/2001/XMLSchema" xmlns:gsd="http://soa.o2.co.uk/managecontentaccessdata_1" xmlns:xcore="http://soa.o2.co.uk/coredata_1">
  <xsd:import namespace="http://soa.o2.co.uk/coredata_1" schemaLocation="coredata_1_1.xsd"/>
  <xsd:element name="getContentAccessStatus" type="gsd:getContentAccessStatus">
    <xsd:annotation>
      <xsd:documentation>Request to get the access status from Shield based on Subscriber ID or a given DAB Identifier and IP address</xsd:documentation>
    </xsd:annotation>
  </xsd:element>
  <xsd:element name="getContentAccessStatusResponse" type="gsd:getContentAccessStatusResponse">
    <xsd:annotation>
      <xsd:documentation>Response to service get shield status using Subscriber ID</xsd:documentation>
    </xsd:annotation>
  </xsd:element>
  <xsd:element name="getContentAccessStatusFault" type="xcore:SOAFaultType">
    <xsd:annotation>
      <xsd:documentation>Fault for get Shield Status</xsd:documentation>
    </xsd:annotation>
  </xsd:element>
  <xsd:element name="getContentAccessDetails" type="gsd:getContentAccessDetails">
    <xsd:annotation>
      <xsd:documentation>Fetch the content access details by Subscriber ID</xsd:documentation>
    </xsd:annotation>
  </xsd:element>
  <xsd:element name="getContentAccessDetailsResponse" type="gsd:getContentAccessDetailsResponse">
    <xsd:annotation>
      <xsd:documentation>Content access details of the subscription</xsd:documentation>
    </xsd:annotation>
  </xsd:element>
  <xsd:element name="getContentAccessDetailsFault" type="xcore:SOAFaultType">
    <xsd:annotation>
      <xsd:documentation>Fault for get Content Details</xsd:documentation>
    </xsd:annotation>
  </xsd:element>
  <xsd:element name="setContentAccessDetails" type="gsd:setContentAccessDetails">
    <xsd:annotation>
      <xsd:documentation>Request to set content access details for the Subscriber ID</xsd:documentation>
    </xsd:annotation>
  </xsd:element>
  <xsd:element name="setContentAccessDetailsResponse" type="gsd:setContentAccessDetailsResponse">
    <xsd:annotation>
      <xsd:documentation>Response to indicate successful setting of content access details</xsd:documentation>
    </xsd:annotation>
  </xsd:element>
  <xsd:element name="setContentAccessDetailsFault" type="xcore:SOAFaultType">
    <xsd:annotation>
      <xsd:documentation>Fault for setContentDetails</xsd:documentation>
    </xsd:annotation>
  </xsd:element>
  <xsd:complexType name="getContentAccessStatus">
    <xsd:annotation>
      <xsd:documentation>Request to get the shield status using Subscriber ID or a given DAB Identifier and IP address</xsd:documentation>
    </xsd:annotation>
    <xsd:choice>
      <xsd:element name="subscriberId" type="xcore:msisdnType">
        <xsd:annotation>
          <xsd:documentation>MSISDN in International Format(i.e."44xxxxxxxxxx")</xsd:documentation>
        </xsd:annotation>
      </xsd:element>
      <xsd:sequence>
        <xsd:element name="ipAddress" type="xcore:ipAddressType">
          <xsd:annotation>
            <xsd:documentation>IP address value what is associated in O2 Network for a Subscriber(i.e.IPv4 address in dotted decimal format or IPv6 address in hexadecimal format)</xsd:documentation>
          </xsd:annotation>
        </xsd:element>
        <xsd:element name="gatewayId" type="gsd:gatewayIdType">
          <xsd:annotation>
            <xsd:documentation>Two digit value represents the DAB gateway identifier</xsd:documentation>
          </xsd:annotation>
        </xsd:element>
      </xsd:sequence>
    </xsd:choice>
  </xsd:complexType>
  <xsd:complexType name="getContentAccessStatusResponse">
    <xsd:annotation>
      <xsd:documentation>Response returned by get shield status service</xsd:documentation>
    </xsd:annotation>
    <xsd:sequence>
      <xsd:element name="contentAccessStatus">
        <xsd:simpleType>
          <xsd:restriction base="xsd:string"/>
        </xsd:simpleType>
      </xsd:element>
    </xsd:sequence>
  </xsd:complexType>
  <xsd:complexType name="getContentAccessDetails">
    <xsd:annotation>
      <xsd:documentation>Fetch the content access details by Subscriber ID</xsd:documentation>
    </xsd:annotation>
    <xsd:sequence>
      <xsd:element name="subscriberId" type="xcore:msisdnType"/>
    </xsd:sequence>
  </xsd:complexType>
  <xsd:complexType name="getContentAccessDetailsResponse">
    <xsd:annotation>
      <xsd:documentation>Content access details of the subscription</xsd:documentation>
    </xsd:annotation>
    <xsd:sequence>
      <xsd:element name="subscriberId" type="xcore:msisdnType"/>
      <xsd:element name="requestedDate" type="xsd:dateTime" minOccurs="0"/>
      <xsd:element name="currentContentAccessStatus" type="gsd:contentAccessStatusType"/>
      <xsd:element name="ageVerificationFlag" type="gsd:ageVerificationFlagType" minOccurs="0"/>
      <xsd:element name="contentAccessPin" type="gsd:contentAccessPinType" minOccurs="0"/>
      <xsd:element name="previousContentAccessStatus" type="gsd:contentAccessStatusType" minOccurs="0"/>
      <xsd:element name="ageVerficationSucceededDate" type="xsd:dateTime" minOccurs="0"/>
    </xsd:sequence>
  </xsd:complexType>
  <xsd:complexType name="setContentAccessDetails">
    <xsd:annotation>
      <xsd:documentation>Contains the content access details to be set.</xsd:documentation>
    </xsd:annotation>
    <xsd:sequence>
      <xsd:element name="subscriberId" type="xcore:msisdnType"/>
      <xsd:element name="requestedDate" type="xsd:dateTime" minOccurs="0"/>
      <xsd:element name="contentAccessStatus" type="gsd:contentAccessStatusType"/>
      <xsd:element name="ageVerificationFlag" type="gsd:ageVerificationFlagType"/>
      <xsd:element name="contentAccessPin" type="gsd:contentAccessPinType"/>
    </xsd:sequence>
  </xsd:complexType>
  <xsd:complexType name="setContentAccessDetailsResponse">
    <xsd:annotation>
      <xsd:documentation>Contains the status corresponding to content access details being set.</xsd:documentation>
    </xsd:annotation>
    <xsd:sequence>
      <xsd:element name="statusCode" type="xsd:string"/>
      <xsd:element name="statusDescription" type="xsd:string"/>
    </xsd:sequence>
  </xsd:complexType>
  <xsd:simpleType name="contentAccessPinType">
    <xsd:annotation>
      <xsd:documentation>A pin number to identify the parental control setting.</xsd:documentation>
    </xsd:annotation>
    <xsd:restriction base="xsd:string">
      <xsd:pattern value="\d{4,4}"/>
    </xsd:restriction>
  </xsd:simpleType>
  <xsd:simpleType name="ageVerificationFlagType">
    <xsd:annotation>
      <xsd:documentation>Age Verification flag to indicate if verification has been performed or not</xsd:documentation>
    </xsd:annotation>
    <xsd:restriction base="xsd:string">
      <xsd:enumeration value="Y"/>
      <xsd:enumeration value="N"/>
      <xsd:enumeration value="U"/>
    </xsd:restriction>
  </xsd:simpleType>
  <xsd:simpleType name="contentAccessStatusType">
    <xsd:annotation>
      <xsd:documentation>Allowed content access statuses</xsd:documentation>
    </xsd:annotation>
    <xsd:restriction base="xsd:string">
      <xsd:enumeration value="Default safety"/>
      <xsd:enumeration value="Parental control"/>
      <xsd:enumeration value="Access Control"/>
      <xsd:enumeration value="Open Access"/>
      <xsd:enumeration value="New Default Safety"/>
    </xsd:restriction>
  </xsd:simpleType>
  <xsd:simpleType name="gatewayIdType">
    <xsd:annotation>
      <xsd:documentation>Two digit value to represent the DAB gateway identifier (For example: "00,0A")</xsd:documentation>
    </xsd:annotation>
    <xsd:restriction base="xsd:string">
      <xsd:length value="2"/>
    </xsd:restriction>
  </xsd:simpleType>
</xsd:schema>]]></con:content><con:type>http://www.w3.org/2001/XMLSchema</con:type></con:part><con:part><con:url>file:\D:\agdomain\MCA\coredata_1_1.xsd</con:url><con:content><![CDATA[<!--Date            Version       Author				Change Description
	13/07/2017		1.1.6		  Subramanyam			Added a complex type retrieveAdditionalInfoType.
	14/09/2016		1.1.5		  Pronisa Baruah		Added a simple type for email address with restriction.
	16/08/2016		1.1.4		  Devender Kumar		Added a simple typeYesOrNo to be used for flag purposes
	09/09/2011		1.1.3		  Raghu Ugare			Added addressType
	02/09/2011		1.1.2		  Raghu Ugare			Added cardTokenType	
	11/07/2011      1.1.1         Manasa Prasad         Added async element to support async services
	26/05/2011		1.1.0		  Raghu Ugare			Added identityUIDType and identityUsernameType & also updated the documentation for portalIDType
	11/03/2011		1.0.9		  Subramanyam			Added genderType	
	14/10/2010		1.0.8		  Prasanna SV			Added landlineNumberType
	11/08/2010		1.0.7		  Prasanna SV			Added ipAddressType
	19/05/2010		1.0.6		  Venkata Karhtik      	Added ssnType,userIdType
	03/05/2010		1.0.5		  Venkata Karhtik      	Added maskedCardNumberType,maskedBankAccountNumberType
	13/04/2010		1.0.4		  Shiby Varghese		Added spidType
	18/08/2009  	1.0.3         Karthikeyan R D       Added types for bank account number, sort code and account holder name.
	25/06/2009  	1.0.2         Venkata Karhtik      	Added types for credit/debit card related elements, customerTier,emailAddressType and postcode
	12/04/2008  	1.0.1         Kapil Gosian       	Initial version-->
<xsd:schema targetNamespace="http://soa.o2.co.uk/coredata_1" elementFormDefault="qualified" attributeFormDefault="unqualified" xmlns:xsd="http://www.w3.org/2001/XMLSchema" xmlns:xcore="http://soa.o2.co.uk/coredata_1">
  <xsd:complexType name="SOAFaultType">
    <xsd:annotation>
      <xsd:documentation>The type of the response sent to the calling
				application, if something goes wrong.</xsd:documentation>
    </xsd:annotation>
    <xsd:sequence>
      <xsd:element ref="xcore:SOAFaultOriginator"/>
      <xsd:element ref="xcore:SOAFaultCode"/>
      <xsd:element name="faultDescription" type="xsd:string" minOccurs="0">
        <xsd:annotation>
          <xsd:documentation>A human readable description of the error.</xsd:documentation>
        </xsd:annotation>
      </xsd:element>
      <xsd:element name="faultTrace" type="xsd:string" minOccurs="0">
        <xsd:annotation>
          <xsd:documentation>A computer generated dump of the fault (may help
						in debugging problems).</xsd:documentation>
        </xsd:annotation>
      </xsd:element>
      <xsd:element ref="xcore:SOATransactionID" minOccurs="0"/>
    </xsd:sequence>
  </xsd:complexType>
  <xsd:element name="SOAFault" type="xcore:SOAFaultType">
    <xsd:annotation>
      <xsd:documentation>The response sent to the calling application, if
				something goes wrong.</xsd:documentation>
    </xsd:annotation>
  </xsd:element>
  <xsd:element name="SOAFaultCode" type="xsd:string">
    <xsd:annotation>
      <xsd:documentation>A numeric representation of a fault (should be included
				in errors.xml).</xsd:documentation>
    </xsd:annotation>
  </xsd:element>
  <xsd:element name="SOAFaultOriginator" type="xsd:string">
    <xsd:annotation>
      <xsd:documentation>A representation of where a fault originates (should be
				included in errors.xml).</xsd:documentation>
    </xsd:annotation>
  </xsd:element>
  <xsd:element name="SOATransactionID" type="xsd:string">
    <xsd:annotation>
      <xsd:documentation>The transaction ID generated by the ESB.</xsd:documentation>
    </xsd:annotation>
  </xsd:element>
  <xsd:element name="SOAConsumerTransactionID" type="xsd:string">
    <xsd:annotation>
      <xsd:documentation>A transaction ID supplied by the calling aplication. It
				will not be processed but is passed through and logged
				by all underlying services (aids in debugging problems).</xsd:documentation>
    </xsd:annotation>
  </xsd:element>
  <xsd:simpleType name="msisdnType">
    <xsd:annotation>
      <xsd:documentation>Mobile Phone numbers (MSISDNs) should always be defined
				as strings, including country codes i.e. "447734123456";
				and translated into localised formats on the
				presentation and backend layers.</xsd:documentation>
    </xsd:annotation>
    <xsd:restriction base="xsd:string"/>
  </xsd:simpleType>
  <xsd:simpleType name="billingAccountNumberType">
    <xsd:annotation>
      <xsd:documentation>A billing account, as it appears in the back end billing
				system (Companion).</xsd:documentation>
    </xsd:annotation>
    <xsd:restriction base="xsd:string">
      <xsd:minLength value="6"/>
      <xsd:maxLength value="20"/>
    </xsd:restriction>
  </xsd:simpleType>
  <xsd:simpleType name="portalIDType">
    <xsd:annotation>
      <xsd:documentation>The portal account username (i.e., Portal ID). 
				A portal account is normally of the form “john.smith@o2.co.uk". 
				The Portal ID in this example is "john.smith" and the domain is "o2.co.uk".</xsd:documentation>
    </xsd:annotation>
    <xsd:restriction base="xsd:string"/>
  </xsd:simpleType>
  <xsd:complexType name="accountType">
    <xsd:annotation>
      <xsd:documentation>Data type to define a customers account. This could be
				either a portal account, msisdn, or a companion account
				and msisdn. Or a Bank Account program ID and account ID
				(initially for Timberlake)</xsd:documentation>
    </xsd:annotation>
    <xsd:choice>
      <xsd:element name="portalID" type="xcore:portalIDType"/>
      <xsd:element name="msisdn" type="xcore:msisdnType">
        <xsd:annotation>
          <xsd:documentation>A msisdn, in international format i.e.,"447712345678"</xsd:documentation>
        </xsd:annotation>
      </xsd:element>
      <xsd:element name="accountDetail" type="xcore:accountDetail">
        <xsd:annotation>
          <xsd:documentation>Account Details</xsd:documentation>
        </xsd:annotation>
      </xsd:element>
    </xsd:choice>
  </xsd:complexType>
  <xsd:complexType name="accountDetail">
    <xsd:annotation>
      <xsd:documentation>Account Details</xsd:documentation>
    </xsd:annotation>
    <xsd:sequence>
      <xsd:element name="billingAccountType">
        <xsd:annotation>
          <xsd:documentation>The type of account as it is defined in the
						billing system (only "MOBILE" currently
						defined).</xsd:documentation>
        </xsd:annotation>
        <xsd:simpleType>
          <xsd:restriction base="xsd:string">
            <xsd:enumeration value="MOBILE"/>
          </xsd:restriction>
        </xsd:simpleType>
      </xsd:element>
      <xsd:element name="accountNumber" type="xcore:billingAccountNumberType">
        <xsd:annotation>
          <xsd:documentation>The companion account.</xsd:documentation>
        </xsd:annotation>
      </xsd:element>
      <xsd:element name="msisdn" type="xcore:msisdnType">
        <xsd:annotation>
          <xsd:documentation>The msisdn within the above account.</xsd:documentation>
        </xsd:annotation>
      </xsd:element>
    </xsd:sequence>
  </xsd:complexType>
  <xsd:simpleType name="customerIDType">
    <xsd:annotation>
      <xsd:documentation>Main customerID for online services - this is the o2BFid
				in CPDS at the moment</xsd:documentation>
    </xsd:annotation>
    <xsd:restriction base="xsd:string"/>
  </xsd:simpleType>
  <xsd:complexType name="cashCardAccountType">
    <xsd:annotation>
      <xsd:documentation>Uniquely identifies the account in the Prepaid Banking
				system that is being referred to.</xsd:documentation>
    </xsd:annotation>
    <xsd:sequence>
      <xsd:annotation>
        <xsd:documentation>Financial accounts need a programID and accountID
					(Ref: Timberlake)</xsd:documentation>
      </xsd:annotation>
      <xsd:element name="programID" type="xsd:long">
        <xsd:annotation>
          <xsd:documentation>Identifies program. Translates into "Smart" or
						"Freedom" with various limits</xsd:documentation>
        </xsd:annotation>
      </xsd:element>
      <xsd:element name="accountID" type="xsd:long">
        <xsd:annotation>
          <xsd:documentation>Unique internal account ID on the TSYS platform.
						Probably can be applied to other banking systems
						as well.</xsd:documentation>
        </xsd:annotation>
      </xsd:element>
      <xsd:element name="userID" type="xsd:long" minOccurs="0"/>
      <xsd:element name="cardID" type="xsd:long" minOccurs="0"/>
    </xsd:sequence>
  </xsd:complexType>
  <xsd:simpleType name="productIDType">
    <xsd:annotation>
      <xsd:documentation>Identifies a product - temporarily the same as o2BFID
				(and hence customer ID)</xsd:documentation>
    </xsd:annotation>
    <xsd:restriction base="xsd:string"/>
  </xsd:simpleType>
  <xsd:simpleType name="customerRoleType">
    <xsd:annotation>
      <xsd:documentation>The role concept from registration DB or A and R</xsd:documentation>
    </xsd:annotation>
    <xsd:restriction base="xsd:string">
      <xsd:enumeration value="admin"/>
      <xsd:enumeration value="user"/>
      <xsd:enumeration value="chooser"/>
      <xsd:enumeration value="superuser"/>
      <xsd:enumeration value="unknown"/>
    </xsd:restriction>
  </xsd:simpleType>
  <xsd:simpleType name="imsiType">
    <xsd:annotation>
      <xsd:documentation>IMSI Number</xsd:documentation>
    </xsd:annotation>
    <xsd:restriction base="xsd:string"/>
  </xsd:simpleType>
  <xsd:simpleType name="imeiType">
    <xsd:annotation>
      <xsd:documentation>IMEI Number</xsd:documentation>
    </xsd:annotation>
    <xsd:restriction base="xsd:string"/>
  </xsd:simpleType>
  <xsd:element name="subscriberProfile" type="xcore:SubscriberProfileType">
    <xsd:annotation>
      <xsd:documentation>Subscriber Profile Element</xsd:documentation>
    </xsd:annotation>
  </xsd:element>
  <xsd:complexType name="SubscriberProfileType">
    <xsd:annotation>
      <xsd:documentation>Complex Type that defines Subscriber Profile</xsd:documentation>
    </xsd:annotation>
    <xsd:sequence>
      <xsd:element ref="xcore:SubscriberID">
        <xsd:annotation>
          <xsd:documentation>This refers to the MSISDN for Mobile subscribers</xsd:documentation>
        </xsd:annotation>
      </xsd:element>
      <xsd:element ref="xcore:Operator" minOccurs="0">
        <xsd:annotation>
          <xsd:documentation>Operator ID for the particular subscriber</xsd:documentation>
        </xsd:annotation>
      </xsd:element>
      <xsd:element ref="xcore:PaymentCategory" minOccurs="0">
        <xsd:annotation>
          <xsd:documentation>Type of payment, Prepay of Postpay</xsd:documentation>
        </xsd:annotation>
      </xsd:element>
      <xsd:element ref="xcore:Segment" minOccurs="0">
        <xsd:annotation>
          <xsd:documentation>Segment of Subscriber, corporate, consumer, ISP
						etc.</xsd:documentation>
        </xsd:annotation>
      </xsd:element>
      <xsd:element name="channel" type="xsd:string" minOccurs="0"/>
      <xsd:element name="ServiceProviderID" type="xsd:long" minOccurs="0">
        <xsd:annotation>
          <xsd:documentation>SPID which is a unique value for the type of O2
						Service Provider like Tesco, CPW etc.</xsd:documentation>
        </xsd:annotation>
      </xsd:element>
      <xsd:element name="Status" type="xsd:string"/>
    </xsd:sequence>
  </xsd:complexType>
  <xsd:element name="Operator" type="xsd:string">
    <xsd:annotation>
      <xsd:documentation>O2 UK, Tesco or Other normally</xsd:documentation>
    </xsd:annotation>
  </xsd:element>
  <xsd:element name="Segment" type="xcore:SegmentType">
    <xsd:annotation>
      <xsd:documentation>The P and L definition of Consumer/SME/Corp</xsd:documentation>
    </xsd:annotation>
  </xsd:element>
  <xsd:simpleType name="SegmentType">
    <xsd:annotation>
      <xsd:documentation>main ones listed - could be others</xsd:documentation>
    </xsd:annotation>
    <xsd:restriction base="xsd:string">
      <xsd:enumeration value="Consumer"/>
      <xsd:enumeration value="SME"/>
      <xsd:enumeration value="Corporate"/>
      <xsd:enumeration value="ISP"/>
      <xsd:enumeration value="Unknown"/>
    </xsd:restriction>
  </xsd:simpleType>
  <xsd:element name="Channel" type="xsd:string">
    <xsd:annotation>
      <xsd:documentation>The sales channel that owns the subscriber</xsd:documentation>
    </xsd:annotation>
  </xsd:element>
  <xsd:element name="SubscriberID" type="xcore:msisdnType">
    <xsd:annotation>
      <xsd:documentation>Subscriber ID that is unique identifier of the
				subscriber eg: MSISDN no is subscriberID for Mobile
				users</xsd:documentation>
    </xsd:annotation>
  </xsd:element>
  <xsd:element name="PaymentCategory" type="xcore:PaymentCategoryType">
    <xsd:annotation>
      <xsd:documentation>Divides between pay and go/pay monthly</xsd:documentation>
    </xsd:annotation>
  </xsd:element>
  <xsd:simpleType name="PaymentCategoryType">
    <xsd:annotation>
      <xsd:documentation>two values postpay or prepay</xsd:documentation>
    </xsd:annotation>
    <xsd:restriction base="xsd:string">
      <xsd:enumeration value="Prepay"/>
      <xsd:enumeration value="Postpay"/>
      <xsd:enumeration value="Unknown"/>
    </xsd:restriction>
  </xsd:simpleType>
  <xsd:complexType name="ServiceResultType">
    <xsd:annotation>
      <xsd:documentation>This data type represents the status recieved from a
				service for a task that might be earlier assigned to
				that service.</xsd:documentation>
    </xsd:annotation>
    <xsd:sequence>
      <xsd:element name="statusCode" type="xsd:string">
        <xsd:annotation>
          <xsd:documentation>A unique code assigned to the status from the
						service. A set of status codes can be defined
						for services based on the context. A stausCode
						will be suffixed with "S" for success, "F" for
						failure and "E" for Error and "P" for Pending to
						describe the type of status recieved from
						service.</xsd:documentation>
        </xsd:annotation>
      </xsd:element>
      <xsd:element name="externalDescription" type="xsd:string">
        <xsd:annotation>
          <xsd:documentation>A description of status in human-readble form
						that has to be sent to the end-user.</xsd:documentation>
        </xsd:annotation>
      </xsd:element>
      <xsd:element name="internalDescription" type="xsd:string" minOccurs="0">
        <xsd:annotation>
          <xsd:documentation>This is an optional description of the status
						which is meant for logging purpose. This may
						contain the java stack trace or Database error
						trace based on the context.</xsd:documentation>
        </xsd:annotation>
      </xsd:element>
    </xsd:sequence>
  </xsd:complexType>
  <xsd:complexType name="MapItem">
    <xsd:annotation>
      <xsd:documentation>An individual Item that carries key-value pair for
				extensible properties</xsd:documentation>
    </xsd:annotation>
    <xsd:sequence>
      <xsd:element name="key" type="xsd:string"/>
      <xsd:choice>
        <xsd:annotation>
          <xsd:documentation>Only the relevant elemt is populated based on
						the type of the parameter.</xsd:documentation>
        </xsd:annotation>
        <xsd:element name="intValue" type="xsd:integer"/>
        <xsd:element name="strValue" type="xsd:string"/>
        <xsd:element name="boolValue" type="xsd:boolean"/>
      </xsd:choice>
    </xsd:sequence>
  </xsd:complexType>
  <xsd:complexType name="MapType">
    <xsd:annotation>
      <xsd:documentation>A generic extensible complex type that can be used to
				send multiple name-value pairs</xsd:documentation>
    </xsd:annotation>
    <xsd:sequence>
      <xsd:element name="mapItem" type="xcore:MapItem" minOccurs="0" maxOccurs="unbounded"/>
    </xsd:sequence>
  </xsd:complexType>
  <xsd:simpleType name="StatusCodeType">
    <xsd:annotation>
      <xsd:documentation>This is borrowed from SPML definition of a status code -
				the pending status is a bit debatable</xsd:documentation>
    </xsd:annotation>
    <xsd:restriction base="xsd:string">
      <xsd:enumeration value="success"/>
      <xsd:enumeration value="failure"/>
      <xsd:enumeration value="error"/>
      <xsd:enumeration value="pending"/>
      <xsd:enumeration value="expired"/>
    </xsd:restriction>
  </xsd:simpleType>
  <xsd:element name="applicationID" type="xsd:string">
    <xsd:annotation>
      <xsd:documentation>applicationID is part of request identifier handled by
				SOA Access Gateway. Application ID uniquely identifies
				the name of consuming application. Example - DASHB, IVR,
				WAP, etc</xsd:documentation>
    </xsd:annotation>
  </xsd:element>
  <xsd:element name="providerID" type="xsd:string">
    <xsd:annotation>
      <xsd:documentation>providerID is also part of request identifier handled by
				SOA Access Gateway. Provider ID identifies the company
				that provides a functionality to end customers by
				invoking this specific service. Example - O2, Tesco, Car
				Phone Warehouse</xsd:documentation>
    </xsd:annotation>
  </xsd:element>
  <xsd:element name="originatorIP" type="xsd:string">
    <xsd:annotation>
      <xsd:documentation>This parameter indicates the IP address of the
				originating system. This parameter will be added by the
				SOA Access Gateway</xsd:documentation>
    </xsd:annotation>
  </xsd:element>
  <xsd:simpleType name="mobileAccessIdType">
    <xsd:annotation>
      <xsd:documentation>Mobile Access Id is Hash id which is same as the UID
				generated by Wap Gateway</xsd:documentation>
    </xsd:annotation>
    <xsd:restriction base="xsd:string"/>
  </xsd:simpleType>
  <xsd:element name="debugFlag" type="xsd:string">
    <xsd:annotation>
      <xsd:documentation>This parameter indicates whether we should log or not,
				Used for debugging perspective from a Support
				Perspective.</xsd:documentation>
    </xsd:annotation>
  </xsd:element>
  <xsd:simpleType name="cardHolderNameType">
    <xsd:annotation>
      <xsd:documentation>The customer name on the Credit or Debit Card</xsd:documentation>
    </xsd:annotation>
    <xsd:restriction base="xsd:string"/>
  </xsd:simpleType>
  <xsd:simpleType name="cardIssueDateType">
    <xsd:annotation>
      <xsd:documentation>The date when the card was issued. In MM/YY format. It
				is important that the month comes first followed by the
				year.</xsd:documentation>
    </xsd:annotation>
    <xsd:restriction base="xsd:string">
      <xsd:minLength value="1"/>
      <xsd:maxLength value="5"/>
      <xsd:pattern value="\d{2}/\d{2}"/>
    </xsd:restriction>
  </xsd:simpleType>
  <xsd:simpleType name="cardExpiryDateType">
    <xsd:annotation>
      <xsd:documentation>The card expiry date. In MM/YY format. It is important
				that the month comes first followed by the year.</xsd:documentation>
    </xsd:annotation>
    <xsd:restriction base="xsd:string">
      <xsd:minLength value="1"/>
      <xsd:maxLength value="5"/>
      <xsd:pattern value="\d{2}/\d{2}"/>
    </xsd:restriction>
  </xsd:simpleType>
  <xsd:simpleType name="cardNumberType">
    <xsd:annotation>
      <xsd:documentation>The Credit/Debit Card Number(without spaces)</xsd:documentation>
    </xsd:annotation>
    <xsd:restriction base="xsd:string">
      <xsd:pattern value="\d{12,20}"/>
    </xsd:restriction>
  </xsd:simpleType>
  <xsd:simpleType name="cardCV2Type">
    <xsd:annotation>
      <xsd:documentation>The verification number printed on the back of the
				credit/debit card. The CardCV2 usually a 3 or 4 digit
				code on the back of card.</xsd:documentation>
    </xsd:annotation>
    <xsd:restriction base="xsd:string">
      <xsd:minLength value="1"/>
      <xsd:maxLength value="5"/>
    </xsd:restriction>
  </xsd:simpleType>
  <xsd:simpleType name="cardIssueNumberType">
    <xsd:annotation>
      <xsd:documentation>The Credit or Debit Card Issue Number</xsd:documentation>
    </xsd:annotation>
    <xsd:restriction base="xsd:string">
      <xsd:minLength value="1"/>
      <xsd:maxLength value="2"/>
    </xsd:restriction>
  </xsd:simpleType>
  <xsd:simpleType name="cardIssuerType">
    <xsd:annotation>
      <xsd:documentation>The Bank Card Issuer</xsd:documentation>
    </xsd:annotation>
    <xsd:restriction base="xsd:string">
      <xsd:enumeration value="MAESTRO"/>
      <xsd:enumeration value="SOLO"/>
      <xsd:enumeration value="VISA"/>
      <xsd:enumeration value="MASTERCARD"/>
      <xsd:enumeration value="DELTA"/>
      <xsd:enumeration value="AMEX"/>
      <xsd:enumeration value="ELECTRON"/>
    </xsd:restriction>
  </xsd:simpleType>
  <xsd:simpleType name="customerTierType">
    <xsd:annotation>
      <xsd:documentation>Customer friendly description for various segmentation
				keys. Allowed values are Platinum, Gold, Silver, Bronze,
				Blue, Unknown

				Segmentation Key Customer Tier value Platinum Platinum
				Gold Gold Silver Silver Bronze Bronze Select Gold none
				Blue Sel_Inv Silver Sel_Few Platinum</xsd:documentation>
    </xsd:annotation>
    <xsd:restriction base="xsd:string">
      <xsd:enumeration value="Platinum"/>
      <xsd:enumeration value="Gold"/>
      <xsd:enumeration value="Silver"/>
      <xsd:enumeration value="Bronze"/>
      <xsd:enumeration value="Blue"/>
      <xsd:enumeration value="Unknown"/>
    </xsd:restriction>
  </xsd:simpleType>
  <xsd:simpleType name="emailAddressType">
    <xsd:annotation>
      <xsd:documentation>The email address</xsd:documentation>
    </xsd:annotation>
    <xsd:restriction base="xsd:string"/>
  </xsd:simpleType>
  <xsd:simpleType name="emailAddressRestrictionType">
    <xsd:annotation>
      <xsd:documentation>The restriction for an email address format</xsd:documentation>
    </xsd:annotation>
    <xsd:restriction base="xsd:string">
      <xsd:pattern value="([\.a-zA-Z0-9_!#$&amp;%'*+/=?^`{|}~\-])+@([a-zA-Z0-9_\-])+(([a-zA-Z0-9_\-])*\.([a-zA-Z0-9_\-])+)+"/>
    </xsd:restriction>
  </xsd:simpleType>
  <xsd:simpleType name="postcodeType">
    <xsd:annotation>
      <xsd:documentation>The Postcode.</xsd:documentation>
    </xsd:annotation>
    <xsd:restriction base="xsd:string"/>
  </xsd:simpleType>
  <!--v1.0.3: Adding bank related information-->
  <xsd:simpleType name="bankAccountNumberType">
    <xsd:annotation>
      <xsd:documentation>The Bank Account number</xsd:documentation>
    </xsd:annotation>
    <xsd:restriction base="xsd:string"/>
  </xsd:simpleType>
  <xsd:simpleType name="bankSortCodeType">
    <xsd:annotation>
      <xsd:documentation>The Bank Sort code.(Ex:40-42-08)</xsd:documentation>
    </xsd:annotation>
    <xsd:restriction base="xsd:string">
      <xsd:minLength value="8"/>
      <xsd:maxLength value="8"/>
      <xsd:pattern value="\d{2}(-)\d{2}(-)\d{2}"/>
    </xsd:restriction>
  </xsd:simpleType>
  <xsd:simpleType name="bankAccountHolderNameType">
    <xsd:annotation>
      <xsd:documentation>The Bank Account holder name.</xsd:documentation>
    </xsd:annotation>
    <xsd:restriction base="xsd:string"/>
  </xsd:simpleType>
  <!--v1.0.3: Ends-->
  <xsd:simpleType name="spidType">
    <xsd:annotation>
      <xsd:documentation>The service provider identifier.</xsd:documentation>
    </xsd:annotation>
    <xsd:restriction base="xsd:string"/>
  </xsd:simpleType>
  <xsd:simpleType name="maskedCardNumberType">
    <xsd:annotation>
      <xsd:documentation>The Credit/Debit Card Number(without spaces).This
				element is used to represent the masked data. Ex: If the
				card number value is 5683387298913746 and it needs to be
				represented as ************3746, then this data type is
				used.</xsd:documentation>
    </xsd:annotation>
    <xsd:restriction base="xsd:string"/>
  </xsd:simpleType>
  <xsd:simpleType name="maskedBankAccountNumberType">
    <xsd:annotation>
      <xsd:documentation>This type should be used to render a masked
				representation of the bank account number. Ex: If the
				bank account number value is 5683387298913746 and it
				needs to be represented as ************3746, then this
				data type is used.</xsd:documentation>
    </xsd:annotation>
    <xsd:restriction base="xsd:string"/>
  </xsd:simpleType>
  <xsd:simpleType name="ssnType">
    <xsd:annotation>
      <xsd:documentation>Sim Serial Number</xsd:documentation>
    </xsd:annotation>
    <xsd:restriction base="xsd:string">
      <xsd:minLength value="1"/>
      <xsd:maxLength value="20"/>
    </xsd:restriction>
  </xsd:simpleType>
  <xsd:simpleType name="userIdType">
    <xsd:annotation>
      <xsd:documentation>Unique customer identifier, an example would be the Id
				of a CSA who initiated an activity.</xsd:documentation>
    </xsd:annotation>
    <xsd:restriction base="xsd:string">
      <xsd:maxLength value="30"/>
      <xsd:minLength value="1"/>
    </xsd:restriction>
  </xsd:simpleType>
  <xsd:simpleType name="ipAddressType">
    <xsd:annotation>
      <xsd:documentation>This can be an IPv4 address in dotted decimal format,
				(i.e. DDD.DDD.DDD.DDD, where D represents a digit). OR
				It can be an IPv6 address in hexadecimal format,
				(i.e. xxxx:xxxx:xxxx:xxxx:xxxx:xxxx:xxxx:xxxx, where x represents a hex value).</xsd:documentation>
    </xsd:annotation>
    <xsd:restriction base="xsd:string"/>
  </xsd:simpleType>
  <xsd:simpleType name="landlineNumberType">
    <xsd:annotation>
      <xsd:documentation>Landline number should always be defined as string, including
				country codes i.e. "442088702821"; and translated into
				localised format on the presentation and backend layers.</xsd:documentation>
    </xsd:annotation>
    <xsd:restriction base="xsd:string"/>
  </xsd:simpleType>
  <xsd:simpleType name="genderType">
    <xsd:annotation>
      <xsd:documentation>Gender type</xsd:documentation>
    </xsd:annotation>
    <xsd:restriction base="xsd:string">
      <xsd:enumeration value="M"/>
      <xsd:enumeration value="F"/>
      <xsd:enumeration value="U"/>
    </xsd:restriction>
  </xsd:simpleType>
  <xsd:simpleType name="identityUIDType">
    <xsd:annotation>
      <xsd:documentation>The A&amp;R Unique ID. The UID remains static accross userName changes. 
				It is deleted if the Identity becomes merged into another Identity. 
				(A broadcast message will inform systems of this change.)</xsd:documentation>
    </xsd:annotation>
    <xsd:restriction base="xsd:string">
      <xsd:pattern value="[0-9A-Za-z]*"/>
      <xsd:maxLength value="40"/>
    </xsd:restriction>
  </xsd:simpleType>
  <xsd:simpleType name="identityUsernameType">
    <xsd:annotation>
      <xsd:documentation>The full A&amp;R username (eg., user@domain or user@o2.co.uk)</xsd:documentation>
    </xsd:annotation>
    <xsd:restriction base="xcore:emailAddressType">
      <xsd:maxLength value="320"/>
    </xsd:restriction>
  </xsd:simpleType>
  <xsd:element name="async" type="xsd:boolean">
    <xsd:annotation>
      <xsd:documentation>This element indicates whether or not the operation supports an async mode of processing.</xsd:documentation>
    </xsd:annotation>
  </xsd:element>
  <xsd:simpleType name="cardTokenType">
    <xsd:annotation>
      <xsd:documentation>The standard token which corresponds to the details of a payment card.</xsd:documentation>
    </xsd:annotation>
    <xsd:restriction base="xsd:string">
      <xsd:maxLength value="20"/>
    </xsd:restriction>
  </xsd:simpleType>
  <xsd:complexType name="addressType">
    <xsd:annotation>
      <xsd:documentation>The standard address format in line with the latest PAF standards.</xsd:documentation>
    </xsd:annotation>
    <xsd:sequence>
      <xsd:element name="addressKey" type="xcore:addressKeyType" minOccurs="0"/>
      <xsd:element name="organisationName" type="xcore:organisationNameType" minOccurs="0"/>
      <xsd:element name="departmentName" type="xcore:departmentNameType" minOccurs="0"/>
      <xsd:element name="subBuildingName" type="xcore:subBuildingNameType" minOccurs="0"/>
      <xsd:element name="buildingName" type="xcore:buildingNameType" minOccurs="0"/>
      <xsd:element name="buildingNumber" type="xcore:buildingNumberType" minOccurs="0"/>
      <xsd:element name="dependentThoroughfareNameAndDescriptor" type="xcore:thoroughfareNameAndDescriptorType" minOccurs="0"/>
      <xsd:element name="thoroughfareNameAndDescriptor" type="xcore:thoroughfareNameAndDescriptorType" minOccurs="0"/>
      <xsd:element name="doubleDependentLocality" type="xcore:dependentLocalityType" minOccurs="0"/>
      <xsd:element name="dependentLocality" type="xcore:dependentLocalityType" minOccurs="0"/>
      <xsd:element name="postTown" type="xcore:postTownType" minOccurs="0"/>
      <xsd:element name="county" type="xcore:countyType" minOccurs="0"/>
      <xsd:element name="postCode" type="xcore:postcodeType" minOccurs="0"/>
      <xsd:element name="poBoxNumber" type="xcore:poBoxNumberType" minOccurs="0"/>
      <xsd:element name="countryCode" type="xcore:countryCodeType" minOccurs="0"/>
      <xsd:element name="addressMetaData" type="xcore:addressMetaDataType" minOccurs="0" maxOccurs="unbounded"/>
    </xsd:sequence>
  </xsd:complexType>
  <xsd:simpleType name="addressKeyType">
    <xsd:annotation>
      <xsd:documentation>Type for storing address key information, which indicates whether the address has been validated.</xsd:documentation>
    </xsd:annotation>
    <xsd:restriction base="xsd:string">
      <xsd:maxLength value="8"/>
    </xsd:restriction>
  </xsd:simpleType>
  <xsd:simpleType name="organisationNameType">
    <xsd:annotation>
      <xsd:documentation>Type for storing organisation name information.</xsd:documentation>
    </xsd:annotation>
    <xsd:restriction base="xsd:string">
      <xsd:maxLength value="60"/>
    </xsd:restriction>
  </xsd:simpleType>
  <xsd:simpleType name="departmentNameType">
    <xsd:annotation>
      <xsd:documentation>Type for storing department name information.</xsd:documentation>
    </xsd:annotation>
    <xsd:restriction base="xsd:string">
      <xsd:maxLength value="60"/>
    </xsd:restriction>
  </xsd:simpleType>
  <xsd:simpleType name="subBuildingNameType">
    <xsd:annotation>
      <xsd:documentation>Type for storing sub building information.</xsd:documentation>
    </xsd:annotation>
    <xsd:restriction base="xsd:string">
      <xsd:maxLength value="30"/>
    </xsd:restriction>
  </xsd:simpleType>
  <xsd:simpleType name="buildingNameType">
    <xsd:annotation>
      <xsd:documentation>Type for storing building information.</xsd:documentation>
    </xsd:annotation>
    <xsd:restriction base="xsd:string">
      <xsd:maxLength value="50"/>
    </xsd:restriction>
  </xsd:simpleType>
  <xsd:simpleType name="buildingNumberType">
    <xsd:annotation>
      <xsd:documentation>Type for storing building number information.</xsd:documentation>
    </xsd:annotation>
    <xsd:restriction base="xsd:string">
      <xsd:maxLength value="4"/>
    </xsd:restriction>
  </xsd:simpleType>
  <xsd:simpleType name="thoroughfareNameAndDescriptorType">
    <xsd:annotation>
      <xsd:documentation>Type for storing thoroughfare name and descriptor information.
      		As per PAF standards, the max length for Thoroughfare name is 60 chars,
      		and the max length for Thoroughfare descriptor is 20 chars.
      		E.g.,in "Buckingham avenue", "Buckingham" is the thoroughfare-name and "avenue" is the descriptor.</xsd:documentation>
    </xsd:annotation>
    <xsd:restriction base="xsd:string">
      <xsd:maxLength value="81"/>
    </xsd:restriction>
  </xsd:simpleType>
  <xsd:simpleType name="dependentLocalityType">
    <xsd:annotation>
      <xsd:documentation>Type for storing locality information.</xsd:documentation>
    </xsd:annotation>
    <xsd:restriction base="xsd:string">
      <xsd:maxLength value="35"/>
    </xsd:restriction>
  </xsd:simpleType>
  <xsd:simpleType name="postTownType">
    <xsd:annotation>
      <xsd:documentation>Type for storing town or city name.</xsd:documentation>
    </xsd:annotation>
    <xsd:restriction base="xsd:string">
      <xsd:maxLength value="30"/>
    </xsd:restriction>
  </xsd:simpleType>
  <xsd:simpleType name="countyType">
    <xsd:annotation>
      <xsd:documentation>Type for storing county information.</xsd:documentation>
    </xsd:annotation>
    <xsd:restriction base="xsd:string">
      <xsd:maxLength value="30"/>
    </xsd:restriction>
  </xsd:simpleType>
  <xsd:simpleType name="poBoxNumberType">
    <xsd:annotation>
      <xsd:documentation>Type for storing PO Box number information.</xsd:documentation>
    </xsd:annotation>
    <xsd:restriction base="xsd:string">
      <xsd:maxLength value="6"/>
    </xsd:restriction>
  </xsd:simpleType>
  <xsd:simpleType name="countryCodeType">
    <xsd:annotation>
      <xsd:documentation>Type for storing country-code information.</xsd:documentation>
    </xsd:annotation>
    <xsd:restriction base="xsd:string">
      <xsd:maxLength value="3"/>
    </xsd:restriction>
  </xsd:simpleType>
  <xsd:complexType name="addressMetaDataType">
    <xsd:annotation>
      <xsd:documentation>Type for storing any additional address meta-data.
      		This is useful to hold any additional address related fields like addressValidationStatus,etc., as key-value pairs.</xsd:documentation>
    </xsd:annotation>
    <xsd:sequence>
      <xsd:element name="key" type="xsd:string"/>
      <xsd:element name="value" type="xsd:string"/>
    </xsd:sequence>
  </xsd:complexType>
  <xsd:simpleType name="typeYesOrNo">
    <xsd:annotation>
      <xsd:documentation>A type that only allows the value Y or N.</xsd:documentation>
    </xsd:annotation>
    <xsd:restriction base="xsd:string">
      <xsd:minLength value="1"/>
      <xsd:maxLength value="1"/>
      <xsd:enumeration value="Y"/>
      <xsd:enumeration value="N"/>
    </xsd:restriction>
  </xsd:simpleType>
  <xsd:complexType name="retrieveAdditionalInfoType">
    <xsd:annotation>
      <xsd:documentation>Addition information to be retrieved.</xsd:documentation>
    </xsd:annotation>
    <xsd:sequence>
      <xsd:element name="parameterName" type="xsd:string" minOccurs="1" maxOccurs="unbounded">
        <xsd:annotation>
          <xsd:documentation>Indicate the additional information which has to be returned in the response.</xsd:documentation>
        </xsd:annotation>
      </xsd:element>
    </xsd:sequence>
  </xsd:complexType>
</xsd:schema>]]></con:content><con:type>http://www.w3.org/2001/XMLSchema</con:type></con:part></con:definitionCache><con:endpoints><con:endpoint>https://sdpapi.o2.co.uk/services/ManageContentAccess_1_0</con:endpoint></con:endpoints><con:operation id="d2828fc6-cb67-4da4-916f-aac6d12dfbc3" isOneWay="false" action="" name="getContentAccessDetails" bindingOperationName="getContentAccessDetails" type="Request-Response" outputName="getContentAccessDetailsResponse" inputName="getContentAccessDetails" receivesAttachments="false" sendsAttachments="false" anonymous="optional"><con:settings/><con:call id="2d2c55a8-5c83-41eb-8f5e-e2f28ebce263" name="Request 1"><con:settings><con:setting id="com.eviware.soapui.impl.wsdl.WsdlRequest@request-headers">&lt;xml-fragment/></con:setting></con:settings><con:encoding>UTF-8</con:encoding><con:endpoint>https://sdpapi.o2.co.uk/services/ManageContentAccess_1_0</con:endpoint><con:request><![CDATA[<soapenv:Envelope xmlns:soapenv="http://schemas.xmlsoap.org/soap/envelope/" xmlns:man="http://soa.o2.co.uk/managecontentaccessdata_1">
   <soapenv:Header>
      <wss:Security xmlns:wss="http://docs.oasis-open.org/wss/2004/01/oasis-200401-wss-wssecurity-secext-1.0.xsd">
         <wss:UsernameToken wsu:Id="UsernameToken-29092662" xmlns:wsu="http://docs.oasis-open.org/wss/2004/01/oasis-200401-wss-wssecurity-utility-1.0.xsd">
            <wss:Username>oxy8_excellence_1018</wss:Username>
            <wss:Password Type="http://docs.oasis-open.org/wss/2004/01/oasis-200401-wss-username-token-profile-1.0#PasswordText"></wss:Password>
         </wss:UsernameToken>
      </wss:Security>
      <xcore:SOAConsumerTransactionID xmlns:xcore="http://soa.o2.co.uk/coredata_1">Bermondsey-3973565473977097026</xcore:SOAConsumerTransactionID>
   </soapenv:Header>
   <soapenv:Body>
      <man:getContentAccessDetails>
         <man:subscriberId>447919425345</man:subscriberId>
      </man:getContentAccessDetails>
   </soapenv:Body>
</soapenv:Envelope>]]></con:request><con:credentials><con:authType>No Authorization</con:authType></con:credentials><con:jmsConfig JMSDeliveryMode="PERSISTENT"/><con:jmsPropertyConfig/><con:wsaConfig mustUnderstand="NONE" version="200508" action="http://soa.o2.co.uk/managecontentaccessservice_1/ManageContentAccessPortType/getContentAccessDetails"/><con:wsrmConfig version="1.2"/></con:call></con:operation><con:operation id="88517ec6-0d73-4d3b-9a4f-51fb6bddf4b8" isOneWay="false" action="" name="getContentAccessStatus" bindingOperationName="getContentAccessStatus" type="Request-Response" outputName="getContentAccessStatusResponse" inputName="getContentAccessStatus" receivesAttachments="false" sendsAttachments="false" anonymous="optional"><con:settings/><con:call id="63e671d5-ff82-4130-8b80-f1021001bdbb" name="Request 1"><con:settings/><con:encoding>UTF-8</con:encoding><con:endpoint>https://sdpapi.o2.co.uk/services/ManageContentAccess_1_0</con:endpoint><con:request><![CDATA[<soapenv:Envelope xmlns:soapenv="http://schemas.xmlsoap.org/soap/envelope/" xmlns:man="http://soa.o2.co.uk/managecontentaccessdata_1">\r
   <soapenv:Header/>\r
   <soapenv:Body>\r
      <man:getContentAccessStatus>\r
         <!--You have a CHOICE of the next 2 items at this level-->\r
         <man:subscriberId>gero et</man:subscriberId>\r
         <man:ipAddress>sonoras imperio</man:ipAddress>\r
         <man:gatewayId>qu</man:gatewayId>\r
      </man:getContentAccessStatus>\r
   </soapenv:Body>\r
</soapenv:Envelope>]]></con:request><con:wsaConfig mustUnderstand="NONE" version="200508" action="http://soa.o2.co.uk/managecontentaccessservice_1/ManageContentAccessPortType/getContentAccessStatus"/></con:call></con:operation><con:operation id="0527c473-709f-42eb-a549-6f6a894217ff" isOneWay="false" action="" name="setContentAccessDetails" bindingOperationName="setContentAccessDetails" type="Request-Response" outputName="setContentAccessDetailsResponse" inputName="setContentAccessDetails" receivesAttachments="false" sendsAttachments="false" anonymous="optional"><con:settings/><con:call id="2cd68e11-7a8d-471b-ba2a-4099ff07ffcc" name="Request 1"><con:settings/><con:encoding>UTF-8</con:encoding><con:endpoint>https://sdpapi.o2.co.uk/services/ManageContentAccess_1_0</con:endpoint><con:request><![CDATA[<soapenv:Envelope xmlns:soapenv="http://schemas.xmlsoap.org/soap/envelope/" xmlns:man="http://soa.o2.co.uk/managecontentaccessdata_1">\r
   <soapenv:Header/>\r
   <soapenv:Body>\r
      <man:setContentAccessDetails>\r
         <man:subscriberId>gero et</man:subscriberId>\r
         <!--Optional:-->\r
         <man:requestedDate>2013-11-23T20:14:07</man:requestedDate>\r
         <man:contentAccessStatus>New Default Safety</man:contentAccessStatus>\r
         <man:ageVerificationFlag>U</man:ageVerificationFlag>\r
         <man:contentAccessPin>temperat iras</man:contentAccessPin>\r
      </man:setContentAccessDetails>\r
   </soapenv:Body>\r
</soapenv:Envelope>]]></con:request><con:wsaConfig mustUnderstand="NONE" version="200508" action="http://soa.o2.co.uk/managecontentaccessservice_1/ManageContentAccessPortType/setContentAccessDetails"/></con:call></con:operation></con:interface><con:properties/><con:wssContainer/><con:oAuth2ProfileContainer/><con:oAuth1ProfileContainer/></con:soapui-project>