<?xml version="1.0" encoding="UTF-8"?>
<con:soapui-project id="0f717e7e-2a21-4658-b527-b745a5fbda6f" activeEnvironment="Default" name="manageoffersservice_1_0" resourceRoot="" soapui-version="5.3.0" abortOnError="false" runType="SEQUENTIAL" xmlns:con="http://eviware.com/soapui/config"><con:settings/><con:interface xsi:type="con:WsdlInterface" id="b5be8b83-6f05-4278-9e49-23be19abed19" wsaVersion="NONE" name="ManageOffersBinding" type="wsdl" bindingName="{http://soa.o2.co.uk/manageoffersservice_1}ManageOffersBinding" soapVersion="1_1" anonymous="optional" definition="file:/D:/agdomain/manageoffers/manageoffersservice_1_0.wsdl" xmlns:xsi="http://www.w3.org/2001/XMLSchema-instance"><con:settings/><con:definitionCache type="TEXT" rootPart="file:\D:\agdomain\manageoffers\manageoffersservice_1_0.wsdl"><con:part><con:url>file:\D:\agdomain\manageoffers\manageoffersservice_1_0.wsdl</con:url><con:content><![CDATA[<!--Date			Change		Author			Change Description
	22/12/2011     	1.0.1	    Subramanyam    	Introduced new operation getDealTargets_1.	
			     	1.0.0	    THBS    		Initial Version-->
<wsdl:definitions name="ManageOffers" targetNamespace="http://soa.o2.co.uk/manageoffersservice_1" xmlns:wsdl="http://schemas.xmlsoap.org/wsdl/" xmlns:soap="http://schemas.xmlsoap.org/wsdl/soap/" xmlns:mos="http://soa.o2.co.uk/manageoffersservice_1" xmlns:mod="http://soa.o2.co.uk/manageoffersdata_1">
  <wsdl:types>
    <xsd:schema xmlns:xsd="http://www.w3.org/2001/XMLSchema">
      <xsd:import namespace="http://soa.o2.co.uk/manageoffersdata_1" schemaLocation="manageoffersdata_1_0.xsd"/>
    </xsd:schema>
  </wsdl:types>
  <wsdl:message name="getOffers">
    <wsdl:part element="mod:getOffers" name="getOffers"/>
  </wsdl:message>
  <wsdl:message name="getOffersResponse">
    <wsdl:part element="mod:getOffersResponse" name="getOffersResponse"/>
  </wsdl:message>
  <wsdl:message name="getOffersFault">
    <wsdl:part element="mod:getOffersFault" name="getOffersFault"/>
  </wsdl:message>
  <wsdl:message name="setOfferResponse">
    <wsdl:part element="mod:setOfferResponse" name="setOfferResponse"/>
  </wsdl:message>
  <wsdl:message name="setOfferResponseResponse">
    <wsdl:part element="mod:setOfferResponseResponse" name="setOfferResponseResponse"/>
  </wsdl:message>
  <wsdl:message name="setOfferResponseFault">
    <wsdl:part element="mod:setOfferResponseFault" name="setOfferResponseFault"/>
  </wsdl:message>
  <wsdl:message name="getDealTargets_1">
    <wsdl:part element="mod:getDealTargets_1" name="getDealTargets_1"/>
  </wsdl:message>
  <wsdl:message name="getDealTargets_1Response">
    <wsdl:part element="mod:getDealTargets_1Response" name="getDealTargets_1Response"/>
  </wsdl:message>
  <wsdl:message name="getDealTargets_1Fault">
    <wsdl:part element="mod:getDealTargets_1Fault" name="getDealTargets_1Fault"/>
  </wsdl:message>
  <wsdl:portType name="ManageOffersPortType">
    <wsdl:operation name="getOffers">
      <wsdl:input name="getOffers" message="mos:getOffers"/>
      <wsdl:output name="getOffersResponse" message="mos:getOffersResponse"/>
      <wsdl:fault name="getOffersFault" message="mos:getOffersFault"/>
    </wsdl:operation>
    <wsdl:operation name="setOfferResponse">
      <wsdl:input name="setOfferResponse" message="mos:setOfferResponse"/>
      <wsdl:output name="setOfferResponseResponse" message="mos:setOfferResponseResponse"/>
      <wsdl:fault name="setOfferResponseFault" message="mos:setOfferResponseFault"/>
    </wsdl:operation>
    <wsdl:operation name="getDealTargets_1">
      <wsdl:input name="getDealTargets_1" message="mos:getDealTargets_1"/>
      <wsdl:output name="getDealTargets_1Response" message="mos:getDealTargets_1Response"/>
      <wsdl:fault name="getDealTargets_1Fault" message="mos:getDealTargets_1Fault"/>
    </wsdl:operation>
  </wsdl:portType>
  <wsdl:binding name="ManageOffersBinding" type="mos:ManageOffersPortType">
    <soap:binding style="document" transport="http://schemas.xmlsoap.org/soap/http"/>
    <wsdl:operation name="getOffers">
      <soap:operation soapAction=""/>
      <wsdl:input name="getOffers">
        <soap:body parts="getOffers" use="literal"/>
      </wsdl:input>
      <wsdl:output name="getOffersResponse">
        <soap:body parts="getOffersResponse" use="literal"/>
      </wsdl:output>
      <wsdl:fault name="getOffersFault">
        <soap:fault name="getOffersFault" use="literal"/>
      </wsdl:fault>
    </wsdl:operation>
    <wsdl:operation name="setOfferResponse">
      <soap:operation soapAction=""/>
      <wsdl:input name="setOfferResponse">
        <soap:body parts="setOfferResponse" use="literal"/>
      </wsdl:input>
      <wsdl:output name="setOfferResponseResponse">
        <soap:body parts="setOfferResponseResponse" use="literal"/>
      </wsdl:output>
      <wsdl:fault name="setOfferResponseFault">
        <soap:fault name="setOfferResponseFault" use="literal"/>
      </wsdl:fault>
    </wsdl:operation>
    <wsdl:operation name="getDealTargets_1">
      <soap:operation soapAction=""/>
      <wsdl:input name="getDealTargets_1">
        <soap:body parts="getDealTargets_1" use="literal"/>
      </wsdl:input>
      <wsdl:output name="getDealTargets_1Response">
        <soap:body parts="getDealTargets_1Response" use="literal"/>
      </wsdl:output>
      <wsdl:fault name="getDealTargets_1Fault">
        <soap:fault name="getDealTargets_1Fault" use="literal"/>
      </wsdl:fault>
    </wsdl:operation>
  </wsdl:binding>
  <wsdl:service name="ManageOffersService">
    <wsdl:port name="ManageOffersPort" binding="mos:ManageOffersBinding">
      <soap:address location="https://sdpapi.o2.co.uk/services/ManageOffers_1_0"/>
    </wsdl:port>
  </wsdl:service>
</wsdl:definitions>]]></con:content><con:type>http://schemas.xmlsoap.org/wsdl/</con:type></con:part><con:part><con:url>file:\D:\agdomain\manageoffers\manageoffersdata_1_0.xsd</con:url><con:content><![CDATA[<!--Date			Change		Author			Change Description
	12/03/2018		1.0.7		Jeevitesh 		Updated to add an optional field clientId as part of VDC change in getDealTargets_1.
	12/05/2015		1.0.6		Shravan 		Updated to add new elements to the request of getDealTargets_1 as part of Vision Deal Calculator Phase1
    02/01/2012      1.0.5       Nandhini	    Added handsetMonthlyPrice element to the request of operation getDealTargets_1 .
	18/09/2012     	1.0.4	    Jamir	   		Attribute customerType property changed from enumeration to simple xsd:string to accomodate business as the customer type.
	27/03/2012     	1.0.3	    Amit Kumar	   	Added two new elements "tariffSubVariant" and "tariffName" in getDealTargets_1 request 
												which are required in service to cater for new Q1 2012 and Device Leasing tariffs.
	16/02/2012     	1.0.2	    Amit Kumar	   	Updated the getOffers and setOffersResponse operations for the IVR RTDs project change.
	22/12/2011     	1.0.1	    Subramanyam    	Introduced new operation getDealTargets_1.	
					1.0.0	    THBS    		Initial Version-->
<xsd:schema targetNamespace="http://soa.o2.co.uk/manageoffersdata_1" elementFormDefault="qualified" attributeFormDefault="unqualified" xmlns:xsd="http://www.w3.org/2001/XMLSchema" xmlns:xcore="http://soa.o2.co.uk/coredata_1" xmlns:mod="http://soa.o2.co.uk/manageoffersdata_1">
  <xsd:import namespace="http://soa.o2.co.uk/coredata_1" schemaLocation="coredata_1_1.xsd"/>
  <xsd:element name="getOffers" type="mod:getOffers">
    <xsd:annotation>
      <xsd:documentation>Request to get the top offers for the customer with the highest priority.</xsd:documentation>
    </xsd:annotation>
  </xsd:element>
  <xsd:element name="getOffersResponse" type="mod:getOffersResponse">
    <xsd:annotation>
      <xsd:documentation>Response to retrieve the top offers.</xsd:documentation>
    </xsd:annotation>
  </xsd:element>
  <xsd:element name="getOffersFault" type="xcore:SOAFaultType">
    <xsd:annotation>
      <xsd:documentation>Generic Fault message for getOffers operation.</xsd:documentation>
    </xsd:annotation>
  </xsd:element>
  <xsd:element name="setOfferResponse" type="mod:setOfferResponse">
    <xsd:annotation>
      <xsd:documentation>Request to store the offers response.</xsd:documentation>
    </xsd:annotation>
  </xsd:element>
  <xsd:element name="setOfferResponseResponse" type="mod:setOfferResponseResponse">
    <xsd:annotation>
      <xsd:documentation>Response to store the offers response.</xsd:documentation>
    </xsd:annotation>
  </xsd:element>
  <xsd:element name="setOfferResponseFault" type="xcore:SOAFaultType">
    <xsd:annotation>
      <xsd:documentation>Generic Fault message for setOfferResponse operation.</xsd:documentation>
    </xsd:annotation>
  </xsd:element>
  <xsd:element name="getDealTargets_1" type="mod:getDealTargets_1">
    <xsd:annotation>
      <xsd:documentation>Request to get deal targets.</xsd:documentation>
    </xsd:annotation>
  </xsd:element>
  <xsd:element name="getDealTargets_1Response" type="mod:getDealTargets_1Response">
    <xsd:annotation>
      <xsd:documentation>Response of getDealTargets_1.</xsd:documentation>
    </xsd:annotation>
  </xsd:element>
  <xsd:element name="getDealTargets_1Fault" type="xcore:SOAFaultType">
    <xsd:annotation>
      <xsd:documentation>Generic Fault message for getDealTargets_1 operation.</xsd:documentation>
    </xsd:annotation>
  </xsd:element>
  <xsd:complexType name="getOffers">
    <xsd:annotation>
      <xsd:documentation>Request to get the top offers for the customer with the highest priority.</xsd:documentation>
    </xsd:annotation>
    <xsd:sequence>
      <xsd:element name="customerId" type="xcore:accountType">
        <xsd:annotation>
          <xsd:documentation>MSISDN is required.</xsd:documentation>
        </xsd:annotation>
      </xsd:element>
      <xsd:element name="agent" type="mod:agentType" minOccurs="0"/>
      <xsd:element name="callReasonDetails" type="mod:callReasonDetailsType" minOccurs="0"/>
    </xsd:sequence>
  </xsd:complexType>
  <xsd:complexType name="getOffersResponse">
    <xsd:annotation>
      <xsd:documentation>Response to retrieve the top offers for the customer.</xsd:documentation>
    </xsd:annotation>
    <xsd:sequence>
      <xsd:element name="offers" type="mod:offerType" minOccurs="0" maxOccurs="unbounded">
        <xsd:annotation>
          <xsd:documentation>List of top offers.</xsd:documentation>
        </xsd:annotation>
      </xsd:element>
      <xsd:element name="customerType" type="xsd:string">
        <xsd:annotation>
          <xsd:documentation>This represents the customer type. The valid customer types are prepay, postpay and business.</xsd:documentation>
        </xsd:annotation>
      </xsd:element>
      <xsd:element name="generateDateTime" type="xsd:dateTime">
        <xsd:annotation>
          <xsd:documentation>Date and time at which the response is valid.</xsd:documentation>
        </xsd:annotation>
      </xsd:element>
    </xsd:sequence>
  </xsd:complexType>
  <xsd:complexType name="setOfferResponse">
    <xsd:annotation>
      <xsd:documentation>Request to store the offers response.</xsd:documentation>
    </xsd:annotation>
    <xsd:sequence>
      <xsd:element name="customerId" type="xcore:accountType">
        <xsd:annotation>
          <xsd:documentation>MSISDN is required.</xsd:documentation>
        </xsd:annotation>
      </xsd:element>
      <xsd:element name="offerDetails" type="mod:offerDetailsType"/>
      <xsd:element name="agent" type="mod:agentType" minOccurs="0"/>
      <xsd:element name="callReasonDetails" type="mod:callReasonDetailsType" minOccurs="0"/>
    </xsd:sequence>
  </xsd:complexType>
  <xsd:complexType name="setOfferResponseResponse">
    <xsd:annotation>
      <xsd:documentation>Response to store the offer for the customer.</xsd:documentation>
    </xsd:annotation>
    <xsd:sequence>
      <xsd:element name="success" type="xcore:ServiceResultType">
        <xsd:annotation>
          <xsd:documentation>Indicates whether the response stored successfully.</xsd:documentation>
        </xsd:annotation>
      </xsd:element>
    </xsd:sequence>
  </xsd:complexType>
  <xsd:complexType name="getDealTargets_1">
    <xsd:annotation>
      <xsd:documentation>Request to get deal targets.</xsd:documentation>
    </xsd:annotation>
    <xsd:sequence>
      <xsd:element name="customerDetails" type="mod:customerDetailsType"/>
      <xsd:element name="callReasonDetails" type="mod:callReasonDetailsType"/>
      <xsd:element name="agentDetails" type="mod:agentDetailsType"/>
      <xsd:element name="dealDetails" type="mod:dealDetailsType"/>
    </xsd:sequence>
  </xsd:complexType>
  <xsd:complexType name="getDealTargets_1Response">
    <xsd:annotation>
      <xsd:documentation>Response to get deal targets.</xsd:documentation>
    </xsd:annotation>
    <xsd:sequence>
      <xsd:element name="customerTier" type="xsd:integer">
        <xsd:annotation>
          <xsd:documentation>Current tier the customer is on.</xsd:documentation>
        </xsd:annotation>
      </xsd:element>
      <xsd:element name="currentCustomerValue" type="xsd:integer">
        <xsd:annotation>
          <xsd:documentation>Current customer value before the deal.</xsd:documentation>
        </xsd:annotation>
      </xsd:element>
      <xsd:element name="futureCustomerValue" type="xsd:integer">
        <xsd:annotation>
          <xsd:documentation>Future customer value based on the contents of the deal.</xsd:documentation>
        </xsd:annotation>
      </xsd:element>
      <xsd:element name="dealTargets" type="mod:dealTargetsType">
        <xsd:annotation>
          <xsd:documentation>Contains budget details for the customer deal.</xsd:documentation>
        </xsd:annotation>
      </xsd:element>
      <xsd:element name="handsetContributionDetail" type="mod:handsetContributionDetailType">
        <xsd:annotation>
          <xsd:documentation>Handset contribution detail.</xsd:documentation>
        </xsd:annotation>
      </xsd:element>
    </xsd:sequence>
  </xsd:complexType>
  <xsd:complexType name="offerType">
    <xsd:annotation>
      <xsd:documentation>Offer details.</xsd:documentation>
    </xsd:annotation>
    <xsd:sequence>
      <xsd:element name="offerId" type="xsd:string">
        <xsd:annotation>
          <xsd:documentation>This is the ID of the offer.</xsd:documentation>
        </xsd:annotation>
      </xsd:element>
      <xsd:element name="offerName" type="xsd:string">
        <xsd:annotation>
          <xsd:documentation>This is the name of the offer.</xsd:documentation>
        </xsd:annotation>
      </xsd:element>
      <xsd:element name="offerShortDescription" type="xsd:string">
        <xsd:annotation>
          <xsd:documentation>This is the short description for the offer.</xsd:documentation>
        </xsd:annotation>
      </xsd:element>
      <xsd:element name="offerLongDescription" type="xsd:string">
        <xsd:annotation>
          <xsd:documentation>This is the long description for the offer.</xsd:documentation>
        </xsd:annotation>
      </xsd:element>
      <xsd:element name="offerProductId" type="xsd:string" minOccurs="0">
        <xsd:annotation>
          <xsd:documentation>This is the offer product Id and will be populated only if the offer type is Tariff or Bolton.</xsd:documentation>
        </xsd:annotation>
      </xsd:element>
      <xsd:element name="offerProductType" type="mod:offerProductType">
        <xsd:annotation>
          <xsd:documentation>This is the type of the offer. Ex:tariff.</xsd:documentation>
        </xsd:annotation>
      </xsd:element>
      <xsd:element name="clickBehaviour" type="mod:behaviourType">
        <xsd:annotation>
          <xsd:documentation>This is the type of outcome sent back when a offer is clicked by the customer. This may read positive, negative or neutral.</xsd:documentation>
        </xsd:annotation>
      </xsd:element>
      <xsd:element name="clickResponseValue" type="xsd:string">
        <xsd:annotation>
          <xsd:documentation>This is the response value sent when a offer is clicked by the customer.</xsd:documentation>
        </xsd:annotation>
      </xsd:element>
      <xsd:element name="pictureUrl" type="xsd:string">
        <xsd:annotation>
          <xsd:documentation>This is the picture URL of the offer.</xsd:documentation>
        </xsd:annotation>
      </xsd:element>
      <xsd:element name="rankIndex" type="mod:rankIndexType">
        <xsd:annotation>
          <xsd:documentation>This is the rank of the offer. This will read 1, 2 or 3.</xsd:documentation>
        </xsd:annotation>
      </xsd:element>
      <xsd:element name="respondToClick" type="xsd:boolean">
        <xsd:annotation>
          <xsd:documentation>This will always read true. This is future proofed with a toggle to turn of the send response functionality with a offer is clicked.</xsd:documentation>
        </xsd:annotation>
      </xsd:element>
      <xsd:element name="offerActions" type="mod:offerActionType" minOccurs="0" maxOccurs="unbounded"/>
    </xsd:sequence>
  </xsd:complexType>
  <xsd:complexType name="offerActionType">
    <xsd:annotation>
      <xsd:documentation>Offer action details.</xsd:documentation>
    </xsd:annotation>
    <xsd:sequence>
      <xsd:element name="behaviour" type="mod:behaviourType">
        <xsd:annotation>
          <xsd:documentation>This is the type of outcome for the response provided by the logic. This may read positive, negative or neutral.</xsd:documentation>
        </xsd:annotation>
      </xsd:element>
      <xsd:element name="label" type="xsd:string">
        <xsd:annotation>
          <xsd:documentation>This is the label of the response – there may be a button rendered by the consumer of the service.</xsd:documentation>
        </xsd:annotation>
      </xsd:element>
      <xsd:element name="responseUrl" type="xsd:string">
        <xsd:annotation>
          <xsd:documentation>The URL to direct to when the customer clicks the response buttons represented by this element.</xsd:documentation>
        </xsd:annotation>
      </xsd:element>
      <xsd:element name="responseValue" type="xsd:string">
        <xsd:annotation>
          <xsd:documentation>This is the response value for the button/response: for example Info Accepted or Maybe Later.</xsd:documentation>
        </xsd:annotation>
      </xsd:element>
      <xsd:element name="visible" type="xsd:boolean">
        <xsd:annotation>
          <xsd:documentation>This is a visibility flag for any buttons that may be rendered by the consumer of the service.</xsd:documentation>
        </xsd:annotation>
      </xsd:element>
    </xsd:sequence>
  </xsd:complexType>
  <xsd:complexType name="offerDetailsType">
    <xsd:annotation>
      <xsd:documentation>Offer details to store the response.</xsd:documentation>
    </xsd:annotation>
    <xsd:sequence>
      <xsd:element name="behaviour" type="mod:behaviourType">
        <xsd:annotation>
          <xsd:documentation>This is an indicator for the outcome. This should read: positive, negative or neutral.</xsd:documentation>
        </xsd:annotation>
      </xsd:element>
      <xsd:element name="offerId" type="xsd:string">
        <xsd:annotation>
          <xsd:documentation>The Id for the offer chosen by the customer.</xsd:documentation>
        </xsd:annotation>
      </xsd:element>
      <xsd:element name="rankIndex" type="mod:rankIndexType">
        <xsd:annotation>
          <xsd:documentation>The rank of the offer chosen by the customer. This should read 1, 2 or 3.</xsd:documentation>
        </xsd:annotation>
      </xsd:element>
      <xsd:element name="response" type="xsd:string">
        <xsd:annotation>
          <xsd:documentation>The response associated with the outcome: Info accepted, Maybe Later for example.</xsd:documentation>
        </xsd:annotation>
      </xsd:element>
    </xsd:sequence>
  </xsd:complexType>
  <xsd:complexType name="customerDetailsType">
    <xsd:annotation>
      <xsd:documentation>This holds the customer details.</xsd:documentation>
    </xsd:annotation>
    <xsd:sequence>
      <xsd:element name="isAccount" type="xsd:boolean">
        <xsd:annotation>
          <xsd:documentation>This should read false as the default.</xsd:documentation>
        </xsd:annotation>
      </xsd:element>
      <xsd:choice>
        <xsd:element name="msisdn" type="xcore:msisdnType">
          <xsd:annotation>
            <xsd:documentation>MSISDN in international format</xsd:documentation>
          </xsd:annotation>
        </xsd:element>
        <xsd:element name="accountNumber" type="xcore:billingAccountNumberType">
          <xsd:annotation>
            <xsd:documentation>The Geneva account number.</xsd:documentation>
          </xsd:annotation>
        </xsd:element>
      </xsd:choice>
    </xsd:sequence>
  </xsd:complexType>
  <xsd:complexType name="agentDetailsType">
    <xsd:annotation>
      <xsd:documentation>Virtual agent details such as channel and ID.</xsd:documentation>
    </xsd:annotation>
    <xsd:sequence>
      <xsd:element name="channel" type="xsd:string">
        <xsd:annotation>
          <xsd:documentation>This is the channel for the service consumer, i.e.
      				web.</xsd:documentation>
        </xsd:annotation>
      </xsd:element>
      <xsd:element name="clientID" type="xsd:string" minOccurs="0">
        <xsd:annotation>
          <xsd:documentation>This represent the agent identifier corresponding to agent interfacing with the customer</xsd:documentation>
        </xsd:annotation>
      </xsd:element>
    </xsd:sequence>
  </xsd:complexType>
  <xsd:complexType name="callReasonDetailsType">
    <xsd:annotation>
      <xsd:documentation>Call reason details.</xsd:documentation>
    </xsd:annotation>
    <xsd:sequence>
      <xsd:element name="callReason" type="xsd:string">
        <xsd:annotation>
          <xsd:documentation>This is the call reason for the customer interaction in the web site. This field is not required for the web tactical solution.</xsd:documentation>
        </xsd:annotation>
      </xsd:element>
      <xsd:element name="category" type="xsd:string">
        <xsd:annotation>
          <xsd:documentation>This is the category for the interaction, for example: retention or enquire.</xsd:documentation>
        </xsd:annotation>
      </xsd:element>
    </xsd:sequence>
  </xsd:complexType>
  <xsd:complexType name="dealDetailsType">
    <xsd:annotation>
      <xsd:documentation>Deal details.</xsd:documentation>
    </xsd:annotation>
    <xsd:sequence>
      <xsd:element name="hasDealDetail" type="xsd:boolean">
        <xsd:annotation>
          <xsd:documentation>Flag to indicate if deal is present.</xsd:documentation>
        </xsd:annotation>
      </xsd:element>
      <xsd:element name="tariffDealDetails" type="mod:tariffDealDetailsType" minOccurs="0">
        <xsd:annotation>
          <xsd:documentation>Tariff details in deal.</xsd:documentation>
        </xsd:annotation>
      </xsd:element>
      <xsd:element name="handsetDealDetails" type="mod:handsetDealDetailsType" minOccurs="0">
        <xsd:annotation>
          <xsd:documentation>Handset details in deal.</xsd:documentation>
        </xsd:annotation>
      </xsd:element>
      <xsd:element name="dataBoltOnDealDetail" type="mod:dataBoltOnDealDetailType" minOccurs="0">
        <xsd:annotation>
          <xsd:documentation>DataBoltOns details in deal.</xsd:documentation>
        </xsd:annotation>
      </xsd:element>
      <xsd:element name="insuranceDealDetails" type="mod:insuranceDealDetailsType" minOccurs="0">
        <xsd:annotation>
          <xsd:documentation>DataBoltOns details in deal.</xsd:documentation>
        </xsd:annotation>
      </xsd:element>
      <xsd:element name="accessoriesDealDetails" type="mod:accessoriesDealDetailsType" minOccurs="0">
        <xsd:annotation>
          <xsd:documentation>DataBoltOns details in deal.</xsd:documentation>
        </xsd:annotation>
      </xsd:element>
    </xsd:sequence>
  </xsd:complexType>
  <xsd:complexType name="tariffDealDetailsType">
    <xsd:annotation>
      <xsd:documentation>Details of tariff in deal.</xsd:documentation>
    </xsd:annotation>
    <xsd:sequence>
      <xsd:element name="tariffStandardMinutes" type="xsd:integer">
        <xsd:annotation>
          <xsd:documentation>Integer value representing standard minutes of the tariff in deal.</xsd:documentation>
        </xsd:annotation>
      </xsd:element>
      <xsd:element name="tariffStandardTexts" type="xsd:integer">
        <xsd:annotation>
          <xsd:documentation>Integer value representing standard message of the tariff in deal.</xsd:documentation>
        </xsd:annotation>
      </xsd:element>
      <xsd:element name="tariffVariant" type="xsd:string">
        <xsd:annotation>
          <xsd:documentation>Tariff type in deal.</xsd:documentation>
        </xsd:annotation>
      </xsd:element>
      <xsd:element name="tariffSubVariant" type="xsd:string">
        <xsd:annotation>
          <xsd:documentation>Tariff type in deal.</xsd:documentation>
        </xsd:annotation>
      </xsd:element>
      <xsd:element name="tariffName" type="xsd:string">
        <xsd:annotation>
          <xsd:documentation>Tariff type in deal.</xsd:documentation>
        </xsd:annotation>
      </xsd:element>
      <xsd:element name="contractDuration" type="xsd:string">
        <xsd:annotation>
          <xsd:documentation>Contract duration of tariff in deal.</xsd:documentation>
        </xsd:annotation>
      </xsd:element>
      <xsd:element name="tariffSubscriptionCost" type="xsd:integer">
        <xsd:annotation>
          <xsd:documentation>Tariff subscription cost.</xsd:documentation>
        </xsd:annotation>
      </xsd:element>
      <xsd:element name="tariffSubscriptionDiscountCost" type="xsd:integer">
        <xsd:annotation>
          <xsd:documentation>Tariff subscription discount cost.</xsd:documentation>
        </xsd:annotation>
      </xsd:element>
    </xsd:sequence>
  </xsd:complexType>
  <xsd:complexType name="handsetDealDetailsType">
    <xsd:annotation>
      <xsd:documentation>Details of handset in deal.</xsd:documentation>
    </xsd:annotation>
    <xsd:sequence>
      <xsd:element name="handsetCost" type="xsd:integer">
        <xsd:annotation>
          <xsd:documentation>Actual cost of handset in deal.</xsd:documentation>
        </xsd:annotation>
      </xsd:element>
      <xsd:element name="handsetBandedPrice" type="xsd:integer">
        <xsd:annotation>
          <xsd:documentation>Price of handset to customer based on the tariff
      				the customer selects in deal.</xsd:documentation>
        </xsd:annotation>
      </xsd:element>
      <xsd:element name="handsetMonthlyPrice" type="xsd:integer" maxOccurs="1" minOccurs="0"/>
      <xsd:element name="handsetCustomerContribution" type="xsd:integer"/>
    </xsd:sequence>
  </xsd:complexType>
  <xsd:complexType name="dataBoltOnDealDetailType">
    <xsd:annotation>
      <xsd:documentation>Details of data BoltOn in deal.</xsd:documentation>
    </xsd:annotation>
    <xsd:sequence>
      <xsd:element name="dataBoltOnPrice" type="xsd:integer">
        <xsd:annotation>
          <xsd:documentation>Actual cost of data bolton in deal.</xsd:documentation>
        </xsd:annotation>
      </xsd:element>
      <xsd:element name="dataBundle" type="xsd:integer">
        <xsd:annotation>
          <xsd:documentation>The data bundle in Data bolton.</xsd:documentation>
        </xsd:annotation>
      </xsd:element>
      <xsd:element name="dataBundleType" type="xsd:string">
        <xsd:annotation>
          <xsd:documentation>The data bundle type .</xsd:documentation>
        </xsd:annotation>
      </xsd:element>
    </xsd:sequence>
  </xsd:complexType>
  <xsd:complexType name="dealTargetsType">
    <xsd:annotation>
      <xsd:documentation>Cost to save deal targets.</xsd:documentation>
    </xsd:annotation>
    <xsd:sequence>
      <xsd:element name="dealTarget" type="mod:dealTargetType" maxOccurs="unbounded"/>
    </xsd:sequence>
  </xsd:complexType>
  <xsd:complexType name="dealTargetType">
    <xsd:annotation>
      <xsd:documentation>parameter type containing a name-value pair</xsd:documentation>
    </xsd:annotation>
    <xsd:sequence>
      <xsd:element name="name" type="xsd:string"/>
      <xsd:element name="value" type="xsd:integer"/>
    </xsd:sequence>
  </xsd:complexType>
  <xsd:complexType name="handsetContributionDetailType">
    <xsd:annotation>
      <xsd:documentation>Handset contribution detail.</xsd:documentation>
    </xsd:annotation>
    <xsd:sequence>
      <xsd:element name="handsetContributionMayBeAmended" type="xsd:boolean">
        <xsd:annotation>
          <xsd:documentation>Flag to indicate if the handset contribution be be amended.</xsd:documentation>
        </xsd:annotation>
      </xsd:element>
    </xsd:sequence>
  </xsd:complexType>
  <xsd:simpleType name="rankIndexType">
    <xsd:annotation>
      <xsd:documentation>A rank index that only allows the values 1, 2, or 3.</xsd:documentation>
    </xsd:annotation>
    <xsd:restriction base="xsd:integer">
      <xsd:enumeration value="1"/>
      <xsd:enumeration value="2"/>
      <xsd:enumeration value="3"/>
    </xsd:restriction>
  </xsd:simpleType>
  <xsd:simpleType name="behaviourType">
    <xsd:annotation>
      <xsd:documentation>A behaviour type that only allows the values positive, negative or neutral.</xsd:documentation>
    </xsd:annotation>
    <xsd:restriction base="xsd:string">
      <xsd:enumeration value="positive"/>
      <xsd:enumeration value="negative"/>
      <xsd:enumeration value="neutral"/>
    </xsd:restriction>
  </xsd:simpleType>
  <xsd:simpleType name="offerProductType">
    <xsd:annotation>
      <xsd:documentation>The valid offer types.</xsd:documentation>
    </xsd:annotation>
    <xsd:restriction base="xsd:string">
      <xsd:minLength value="1"/>
      <xsd:maxLength value="20"/>
    </xsd:restriction>
  </xsd:simpleType>
  <xsd:complexType name="agentType">
    <xsd:annotation>
      <xsd:documentation>Virtual agent details such as channel and ID.</xsd:documentation>
    </xsd:annotation>
    <xsd:sequence>
      <xsd:element name="channel" type="xsd:string">
        <xsd:annotation>
          <xsd:documentation>This is the channel for the service consumer, i.e. web.</xsd:documentation>
        </xsd:annotation>
      </xsd:element>
      <xsd:element name="clientId" type="xsd:string">
        <xsd:annotation>
          <xsd:documentation>This is the ID for the service consumer.</xsd:documentation>
        </xsd:annotation>
      </xsd:element>
    </xsd:sequence>
  </xsd:complexType>
  <xsd:complexType name="insuranceDealDetailsType">
    <xsd:annotation>
      <xsd:documentation>Details of insurance product in deal.</xsd:documentation>
    </xsd:annotation>
    <xsd:sequence>
      <xsd:element name="insuranceAmount" type="xsd:integer">
        <xsd:annotation>
          <xsd:documentation>Actual cost of insurance in  deal.</xsd:documentation>
        </xsd:annotation>
      </xsd:element>
    </xsd:sequence>
  </xsd:complexType>
  <xsd:complexType name="accessoriesDealDetailsType">
    <xsd:annotation>
      <xsd:documentation>Details of insurance product in deal.</xsd:documentation>
    </xsd:annotation>
    <xsd:sequence>
      <xsd:element name="accessoryDetails" type="mod:accessoryDetailsType" minOccurs="0" maxOccurs="unbounded">
        <xsd:annotation>
          <xsd:documentation>Details of each accessory in deal.</xsd:documentation>
        </xsd:annotation>
      </xsd:element>
    </xsd:sequence>
  </xsd:complexType>
  <xsd:complexType name="accessoryDetailsType">
    <xsd:annotation>
      <xsd:documentation>Details of accessory.</xsd:documentation>
    </xsd:annotation>
    <xsd:sequence>
      <xsd:element name="accessoryName" type="xsd:string">
        <xsd:annotation>
          <xsd:documentation>Accessory name in  deal.</xsd:documentation>
        </xsd:annotation>
      </xsd:element>
      <xsd:element name="accessorySkuCode" type="xsd:string">
        <xsd:annotation>
          <xsd:documentation>Accessory SKUcode .</xsd:documentation>
        </xsd:annotation>
      </xsd:element>
      <xsd:element name="accessoryCostToCustomer" type="xsd:integer">
        <xsd:annotation>
          <xsd:documentation>Accessory cost to the customers</xsd:documentation>
        </xsd:annotation>
      </xsd:element>
      <xsd:element name="accessoryCostToO2" type="xsd:integer">
        <xsd:annotation>
          <xsd:documentation>Accessory cost to the O2 .</xsd:documentation>
        </xsd:annotation>
      </xsd:element>
    </xsd:sequence>
  </xsd:complexType>
</xsd:schema>]]></con:content><con:type>http://www.w3.org/2001/XMLSchema</con:type></con:part><con:part><con:url>file:\D:\agdomain\manageoffers\coredata_1_1.xsd</con:url><con:content><![CDATA[<!--Date            Version       Author				Change Description
	13/07/2017		1.1.6		  Subramanyam			Added a complex type retrieveAdditionalInfoType.
	14/09/2016		1.1.5		  Pronisa Baruah		Added a simple type for email address with restriction.
	16/08/2016		1.1.4		  Devender Kumar		Added a simple typeYesOrNo to be used for flag purposes
	09/09/2011		1.1.3		  Raghu Ugare			Added addressType
	02/09/2011		1.1.2		  Raghu Ugare			Added cardTokenType	
	11/07/2011      1.1.1         Manasa Prasad         Added async element to support async services
	26/05/2011		1.1.0		  Raghu Ugare			Added identityUIDType and identityUsernameType & also updated the documentation for portalIDType
	11/03/2011		1.0.9		  Subramanyam			Added genderType	
	14/10/2010		1.0.8		  Prasanna SV			Added landlineNumberType
	11/08/2010		1.0.7		  Prasanna SV			Added ipAddressType
	19/05/2010		1.0.6		  Venkata Karhtik      	Added ssnType,userIdType
	03/05/2010		1.0.5		  Venkata Karhtik      	Added maskedCardNumberType,maskedBankAccountNumberType
	13/04/2010		1.0.4		  Shiby Varghese		Added spidType
	18/08/2009  	1.0.3         Karthikeyan R D       Added types for bank account number, sort code and account holder name.
	25/06/2009  	1.0.2         Venkata Karhtik      	Added types for credit/debit card related elements, customerTier,emailAddressType and postcode
	12/04/2008  	1.0.1         Kapil Gosian       	Initial version-->
<xsd:schema targetNamespace="http://soa.o2.co.uk/coredata_1" elementFormDefault="qualified" attributeFormDefault="unqualified" xmlns:xsd="http://www.w3.org/2001/XMLSchema" xmlns:xcore="http://soa.o2.co.uk/coredata_1">
  <xsd:complexType name="SOAFaultType">
    <xsd:annotation>
      <xsd:documentation>The type of the response sent to the calling
				application, if something goes wrong.</xsd:documentation>
    </xsd:annotation>
    <xsd:sequence>
      <xsd:element ref="xcore:SOAFaultOriginator"/>
      <xsd:element ref="xcore:SOAFaultCode"/>
      <xsd:element name="faultDescription" type="xsd:string" minOccurs="0">
        <xsd:annotation>
          <xsd:documentation>A human readable description of the error.</xsd:documentation>
        </xsd:annotation>
      </xsd:element>
      <xsd:element name="faultTrace" type="xsd:string" minOccurs="0">
        <xsd:annotation>
          <xsd:documentation>A computer generated dump of the fault (may help
						in debugging problems).</xsd:documentation>
        </xsd:annotation>
      </xsd:element>
      <xsd:element ref="xcore:SOATransactionID" minOccurs="0"/>
    </xsd:sequence>
  </xsd:complexType>
  <xsd:element name="SOAFault" type="xcore:SOAFaultType">
    <xsd:annotation>
      <xsd:documentation>The response sent to the calling application, if
				something goes wrong.</xsd:documentation>
    </xsd:annotation>
  </xsd:element>
  <xsd:element name="SOAFaultCode" type="xsd:string">
    <xsd:annotation>
      <xsd:documentation>A numeric representation of a fault (should be included
				in errors.xml).</xsd:documentation>
    </xsd:annotation>
  </xsd:element>
  <xsd:element name="SOAFaultOriginator" type="xsd:string">
    <xsd:annotation>
      <xsd:documentation>A representation of where a fault originates (should be
				included in errors.xml).</xsd:documentation>
    </xsd:annotation>
  </xsd:element>
  <xsd:element name="SOATransactionID" type="xsd:string">
    <xsd:annotation>
      <xsd:documentation>The transaction ID generated by the ESB.</xsd:documentation>
    </xsd:annotation>
  </xsd:element>
  <xsd:element name="SOAConsumerTransactionID" type="xsd:string">
    <xsd:annotation>
      <xsd:documentation>A transaction ID supplied by the calling aplication. It
				will not be processed but is passed through and logged
				by all underlying services (aids in debugging problems).</xsd:documentation>
    </xsd:annotation>
  </xsd:element>
  <xsd:simpleType name="msisdnType">
    <xsd:annotation>
      <xsd:documentation>Mobile Phone numbers (MSISDNs) should always be defined
				as strings, including country codes i.e. "447734123456";
				and translated into localised formats on the
				presentation and backend layers.</xsd:documentation>
    </xsd:annotation>
    <xsd:restriction base="xsd:string"/>
  </xsd:simpleType>
  <xsd:simpleType name="billingAccountNumberType">
    <xsd:annotation>
      <xsd:documentation>A billing account, as it appears in the back end billing
				system (Companion).</xsd:documentation>
    </xsd:annotation>
    <xsd:restriction base="xsd:string">
      <xsd:minLength value="6"/>
      <xsd:maxLength value="20"/>
    </xsd:restriction>
  </xsd:simpleType>
  <xsd:simpleType name="portalIDType">
    <xsd:annotation>
      <xsd:documentation>The portal account username (i.e., Portal ID). 
				A portal account is normally of the form “john.smith@o2.co.uk". 
				The Portal ID in this example is "john.smith" and the domain is "o2.co.uk".</xsd:documentation>
    </xsd:annotation>
    <xsd:restriction base="xsd:string"/>
  </xsd:simpleType>
  <xsd:complexType name="accountType">
    <xsd:annotation>
      <xsd:documentation>Data type to define a customers account. This could be
				either a portal account, msisdn, or a companion account
				and msisdn. Or a Bank Account program ID and account ID
				(initially for Timberlake)</xsd:documentation>
    </xsd:annotation>
    <xsd:choice>
      <xsd:element name="portalID" type="xcore:portalIDType"/>
      <xsd:element name="msisdn" type="xcore:msisdnType">
        <xsd:annotation>
          <xsd:documentation>A msisdn, in international format i.e.,"447712345678"</xsd:documentation>
        </xsd:annotation>
      </xsd:element>
      <xsd:element name="accountDetail" type="xcore:accountDetail">
        <xsd:annotation>
          <xsd:documentation>Account Details</xsd:documentation>
        </xsd:annotation>
      </xsd:element>
    </xsd:choice>
  </xsd:complexType>
  <xsd:complexType name="accountDetail">
    <xsd:annotation>
      <xsd:documentation>Account Details</xsd:documentation>
    </xsd:annotation>
    <xsd:sequence>
      <xsd:element name="billingAccountType">
        <xsd:annotation>
          <xsd:documentation>The type of account as it is defined in the
						billing system (only "MOBILE" currently
						defined).</xsd:documentation>
        </xsd:annotation>
        <xsd:simpleType>
          <xsd:restriction base="xsd:string">
            <xsd:enumeration value="MOBILE"/>
          </xsd:restriction>
        </xsd:simpleType>
      </xsd:element>
      <xsd:element name="accountNumber" type="xcore:billingAccountNumberType">
        <xsd:annotation>
          <xsd:documentation>The companion account.</xsd:documentation>
        </xsd:annotation>
      </xsd:element>
      <xsd:element name="msisdn" type="xcore:msisdnType">
        <xsd:annotation>
          <xsd:documentation>The msisdn within the above account.</xsd:documentation>
        </xsd:annotation>
      </xsd:element>
    </xsd:sequence>
  </xsd:complexType>
  <xsd:simpleType name="customerIDType">
    <xsd:annotation>
      <xsd:documentation>Main customerID for online services - this is the o2BFid
				in CPDS at the moment</xsd:documentation>
    </xsd:annotation>
    <xsd:restriction base="xsd:string"/>
  </xsd:simpleType>
  <xsd:complexType name="cashCardAccountType">
    <xsd:annotation>
      <xsd:documentation>Uniquely identifies the account in the Prepaid Banking
				system that is being referred to.</xsd:documentation>
    </xsd:annotation>
    <xsd:sequence>
      <xsd:annotation>
        <xsd:documentation>Financial accounts need a programID and accountID
					(Ref: Timberlake)</xsd:documentation>
      </xsd:annotation>
      <xsd:element name="programID" type="xsd:long">
        <xsd:annotation>
          <xsd:documentation>Identifies program. Translates into "Smart" or
						"Freedom" with various limits</xsd:documentation>
        </xsd:annotation>
      </xsd:element>
      <xsd:element name="accountID" type="xsd:long">
        <xsd:annotation>
          <xsd:documentation>Unique internal account ID on the TSYS platform.
						Probably can be applied to other banking systems
						as well.</xsd:documentation>
        </xsd:annotation>
      </xsd:element>
      <xsd:element name="userID" type="xsd:long" minOccurs="0"/>
      <xsd:element name="cardID" type="xsd:long" minOccurs="0"/>
    </xsd:sequence>
  </xsd:complexType>
  <xsd:simpleType name="productIDType">
    <xsd:annotation>
      <xsd:documentation>Identifies a product - temporarily the same as o2BFID
				(and hence customer ID)</xsd:documentation>
    </xsd:annotation>
    <xsd:restriction base="xsd:string"/>
  </xsd:simpleType>
  <xsd:simpleType name="customerRoleType">
    <xsd:annotation>
      <xsd:documentation>The role concept from registration DB or A and R</xsd:documentation>
    </xsd:annotation>
    <xsd:restriction base="xsd:string">
      <xsd:enumeration value="admin"/>
      <xsd:enumeration value="user"/>
      <xsd:enumeration value="chooser"/>
      <xsd:enumeration value="superuser"/>
      <xsd:enumeration value="unknown"/>
    </xsd:restriction>
  </xsd:simpleType>
  <xsd:simpleType name="imsiType">
    <xsd:annotation>
      <xsd:documentation>IMSI Number</xsd:documentation>
    </xsd:annotation>
    <xsd:restriction base="xsd:string"/>
  </xsd:simpleType>
  <xsd:simpleType name="imeiType">
    <xsd:annotation>
      <xsd:documentation>IMEI Number</xsd:documentation>
    </xsd:annotation>
    <xsd:restriction base="xsd:string"/>
  </xsd:simpleType>
  <xsd:element name="subscriberProfile" type="xcore:SubscriberProfileType">
    <xsd:annotation>
      <xsd:documentation>Subscriber Profile Element</xsd:documentation>
    </xsd:annotation>
  </xsd:element>
  <xsd:complexType name="SubscriberProfileType">
    <xsd:annotation>
      <xsd:documentation>Complex Type that defines Subscriber Profile</xsd:documentation>
    </xsd:annotation>
    <xsd:sequence>
      <xsd:element ref="xcore:SubscriberID">
        <xsd:annotation>
          <xsd:documentation>This refers to the MSISDN for Mobile subscribers</xsd:documentation>
        </xsd:annotation>
      </xsd:element>
      <xsd:element ref="xcore:Operator" minOccurs="0">
        <xsd:annotation>
          <xsd:documentation>Operator ID for the particular subscriber</xsd:documentation>
        </xsd:annotation>
      </xsd:element>
      <xsd:element ref="xcore:PaymentCategory" minOccurs="0">
        <xsd:annotation>
          <xsd:documentation>Type of payment, Prepay of Postpay</xsd:documentation>
        </xsd:annotation>
      </xsd:element>
      <xsd:element ref="xcore:Segment" minOccurs="0">
        <xsd:annotation>
          <xsd:documentation>Segment of Subscriber, corporate, consumer, ISP
						etc.</xsd:documentation>
        </xsd:annotation>
      </xsd:element>
      <xsd:element name="channel" type="xsd:string" minOccurs="0"/>
      <xsd:element name="ServiceProviderID" type="xsd:long" minOccurs="0">
        <xsd:annotation>
          <xsd:documentation>SPID which is a unique value for the type of O2
						Service Provider like Tesco, CPW etc.</xsd:documentation>
        </xsd:annotation>
      </xsd:element>
      <xsd:element name="Status" type="xsd:string"/>
    </xsd:sequence>
  </xsd:complexType>
  <xsd:element name="Operator" type="xsd:string">
    <xsd:annotation>
      <xsd:documentation>O2 UK, Tesco or Other normally</xsd:documentation>
    </xsd:annotation>
  </xsd:element>
  <xsd:element name="Segment" type="xcore:SegmentType">
    <xsd:annotation>
      <xsd:documentation>The P and L definition of Consumer/SME/Corp</xsd:documentation>
    </xsd:annotation>
  </xsd:element>
  <xsd:simpleType name="SegmentType">
    <xsd:annotation>
      <xsd:documentation>main ones listed - could be others</xsd:documentation>
    </xsd:annotation>
    <xsd:restriction base="xsd:string">
      <xsd:enumeration value="Consumer"/>
      <xsd:enumeration value="SME"/>
      <xsd:enumeration value="Corporate"/>
      <xsd:enumeration value="ISP"/>
      <xsd:enumeration value="Unknown"/>
    </xsd:restriction>
  </xsd:simpleType>
  <xsd:element name="Channel" type="xsd:string">
    <xsd:annotation>
      <xsd:documentation>The sales channel that owns the subscriber</xsd:documentation>
    </xsd:annotation>
  </xsd:element>
  <xsd:element name="SubscriberID" type="xcore:msisdnType">
    <xsd:annotation>
      <xsd:documentation>Subscriber ID that is unique identifier of the
				subscriber eg: MSISDN no is subscriberID for Mobile
				users</xsd:documentation>
    </xsd:annotation>
  </xsd:element>
  <xsd:element name="PaymentCategory" type="xcore:PaymentCategoryType">
    <xsd:annotation>
      <xsd:documentation>Divides between pay and go/pay monthly</xsd:documentation>
    </xsd:annotation>
  </xsd:element>
  <xsd:simpleType name="PaymentCategoryType">
    <xsd:annotation>
      <xsd:documentation>two values postpay or prepay</xsd:documentation>
    </xsd:annotation>
    <xsd:restriction base="xsd:string">
      <xsd:enumeration value="Prepay"/>
      <xsd:enumeration value="Postpay"/>
      <xsd:enumeration value="Unknown"/>
    </xsd:restriction>
  </xsd:simpleType>
  <xsd:complexType name="ServiceResultType">
    <xsd:annotation>
      <xsd:documentation>This data type represents the status recieved from a
				service for a task that might be earlier assigned to
				that service.</xsd:documentation>
    </xsd:annotation>
    <xsd:sequence>
      <xsd:element name="statusCode" type="xsd:string">
        <xsd:annotation>
          <xsd:documentation>A unique code assigned to the status from the
						service. A set of status codes can be defined
						for services based on the context. A stausCode
						will be suffixed with "S" for success, "F" for
						failure and "E" for Error and "P" for Pending to
						describe the type of status recieved from
						service.</xsd:documentation>
        </xsd:annotation>
      </xsd:element>
      <xsd:element name="externalDescription" type="xsd:string">
        <xsd:annotation>
          <xsd:documentation>A description of status in human-readble form
						that has to be sent to the end-user.</xsd:documentation>
        </xsd:annotation>
      </xsd:element>
      <xsd:element name="internalDescription" type="xsd:string" minOccurs="0">
        <xsd:annotation>
          <xsd:documentation>This is an optional description of the status
						which is meant for logging purpose. This may
						contain the java stack trace or Database error
						trace based on the context.</xsd:documentation>
        </xsd:annotation>
      </xsd:element>
    </xsd:sequence>
  </xsd:complexType>
  <xsd:complexType name="MapItem">
    <xsd:annotation>
      <xsd:documentation>An individual Item that carries key-value pair for
				extensible properties</xsd:documentation>
    </xsd:annotation>
    <xsd:sequence>
      <xsd:element name="key" type="xsd:string"/>
      <xsd:choice>
        <xsd:annotation>
          <xsd:documentation>Only the relevant elemt is populated based on
						the type of the parameter.</xsd:documentation>
        </xsd:annotation>
        <xsd:element name="intValue" type="xsd:integer"/>
        <xsd:element name="strValue" type="xsd:string"/>
        <xsd:element name="boolValue" type="xsd:boolean"/>
      </xsd:choice>
    </xsd:sequence>
  </xsd:complexType>
  <xsd:complexType name="MapType">
    <xsd:annotation>
      <xsd:documentation>A generic extensible complex type that can be used to
				send multiple name-value pairs</xsd:documentation>
    </xsd:annotation>
    <xsd:sequence>
      <xsd:element name="mapItem" type="xcore:MapItem" minOccurs="0" maxOccurs="unbounded"/>
    </xsd:sequence>
  </xsd:complexType>
  <xsd:simpleType name="StatusCodeType">
    <xsd:annotation>
      <xsd:documentation>This is borrowed from SPML definition of a status code -
				the pending status is a bit debatable</xsd:documentation>
    </xsd:annotation>
    <xsd:restriction base="xsd:string">
      <xsd:enumeration value="success"/>
      <xsd:enumeration value="failure"/>
      <xsd:enumeration value="error"/>
      <xsd:enumeration value="pending"/>
      <xsd:enumeration value="expired"/>
    </xsd:restriction>
  </xsd:simpleType>
  <xsd:element name="applicationID" type="xsd:string">
    <xsd:annotation>
      <xsd:documentation>applicationID is part of request identifier handled by
				SOA Access Gateway. Application ID uniquely identifies
				the name of consuming application. Example - DASHB, IVR,
				WAP, etc</xsd:documentation>
    </xsd:annotation>
  </xsd:element>
  <xsd:element name="providerID" type="xsd:string">
    <xsd:annotation>
      <xsd:documentation>providerID is also part of request identifier handled by
				SOA Access Gateway. Provider ID identifies the company
				that provides a functionality to end customers by
				invoking this specific service. Example - O2, Tesco, Car
				Phone Warehouse</xsd:documentation>
    </xsd:annotation>
  </xsd:element>
  <xsd:element name="originatorIP" type="xsd:string">
    <xsd:annotation>
      <xsd:documentation>This parameter indicates the IP address of the
				originating system. This parameter will be added by the
				SOA Access Gateway</xsd:documentation>
    </xsd:annotation>
  </xsd:element>
  <xsd:simpleType name="mobileAccessIdType">
    <xsd:annotation>
      <xsd:documentation>Mobile Access Id is Hash id which is same as the UID
				generated by Wap Gateway</xsd:documentation>
    </xsd:annotation>
    <xsd:restriction base="xsd:string"/>
  </xsd:simpleType>
  <xsd:element name="debugFlag" type="xsd:string">
    <xsd:annotation>
      <xsd:documentation>This parameter indicates whether we should log or not,
				Used for debugging perspective from a Support
				Perspective.</xsd:documentation>
    </xsd:annotation>
  </xsd:element>
  <xsd:simpleType name="cardHolderNameType">
    <xsd:annotation>
      <xsd:documentation>The customer name on the Credit or Debit Card</xsd:documentation>
    </xsd:annotation>
    <xsd:restriction base="xsd:string"/>
  </xsd:simpleType>
  <xsd:simpleType name="cardIssueDateType">
    <xsd:annotation>
      <xsd:documentation>The date when the card was issued. In MM/YY format. It
				is important that the month comes first followed by the
				year.</xsd:documentation>
    </xsd:annotation>
    <xsd:restriction base="xsd:string">
      <xsd:minLength value="1"/>
      <xsd:maxLength value="5"/>
      <xsd:pattern value="\d{2}/\d{2}"/>
    </xsd:restriction>
  </xsd:simpleType>
  <xsd:simpleType name="cardExpiryDateType">
    <xsd:annotation>
      <xsd:documentation>The card expiry date. In MM/YY format. It is important
				that the month comes first followed by the year.</xsd:documentation>
    </xsd:annotation>
    <xsd:restriction base="xsd:string">
      <xsd:minLength value="1"/>
      <xsd:maxLength value="5"/>
      <xsd:pattern value="\d{2}/\d{2}"/>
    </xsd:restriction>
  </xsd:simpleType>
  <xsd:simpleType name="cardNumberType">
    <xsd:annotation>
      <xsd:documentation>The Credit/Debit Card Number(without spaces)</xsd:documentation>
    </xsd:annotation>
    <xsd:restriction base="xsd:string">
      <xsd:pattern value="\d{12,20}"/>
    </xsd:restriction>
  </xsd:simpleType>
  <xsd:simpleType name="cardCV2Type">
    <xsd:annotation>
      <xsd:documentation>The verification number printed on the back of the
				credit/debit card. The CardCV2 usually a 3 or 4 digit
				code on the back of card.</xsd:documentation>
    </xsd:annotation>
    <xsd:restriction base="xsd:string">
      <xsd:minLength value="1"/>
      <xsd:maxLength value="5"/>
    </xsd:restriction>
  </xsd:simpleType>
  <xsd:simpleType name="cardIssueNumberType">
    <xsd:annotation>
      <xsd:documentation>The Credit or Debit Card Issue Number</xsd:documentation>
    </xsd:annotation>
    <xsd:restriction base="xsd:string">
      <xsd:minLength value="1"/>
      <xsd:maxLength value="2"/>
    </xsd:restriction>
  </xsd:simpleType>
  <xsd:simpleType name="cardIssuerType">
    <xsd:annotation>
      <xsd:documentation>The Bank Card Issuer</xsd:documentation>
    </xsd:annotation>
    <xsd:restriction base="xsd:string">
      <xsd:enumeration value="MAESTRO"/>
      <xsd:enumeration value="SOLO"/>
      <xsd:enumeration value="VISA"/>
      <xsd:enumeration value="MASTERCARD"/>
      <xsd:enumeration value="DELTA"/>
      <xsd:enumeration value="AMEX"/>
      <xsd:enumeration value="ELECTRON"/>
    </xsd:restriction>
  </xsd:simpleType>
  <xsd:simpleType name="customerTierType">
    <xsd:annotation>
      <xsd:documentation>Customer friendly description for various segmentation
				keys. Allowed values are Platinum, Gold, Silver, Bronze,
				Blue, Unknown

				Segmentation Key Customer Tier value Platinum Platinum
				Gold Gold Silver Silver Bronze Bronze Select Gold none
				Blue Sel_Inv Silver Sel_Few Platinum</xsd:documentation>
    </xsd:annotation>
    <xsd:restriction base="xsd:string">
      <xsd:enumeration value="Platinum"/>
      <xsd:enumeration value="Gold"/>
      <xsd:enumeration value="Silver"/>
      <xsd:enumeration value="Bronze"/>
      <xsd:enumeration value="Blue"/>
      <xsd:enumeration value="Unknown"/>
    </xsd:restriction>
  </xsd:simpleType>
  <xsd:simpleType name="emailAddressType">
    <xsd:annotation>
      <xsd:documentation>The email address</xsd:documentation>
    </xsd:annotation>
    <xsd:restriction base="xsd:string"/>
  </xsd:simpleType>
  <xsd:simpleType name="emailAddressRestrictionType">
    <xsd:annotation>
      <xsd:documentation>The restriction for an email address format</xsd:documentation>
    </xsd:annotation>
    <xsd:restriction base="xsd:string">
      <xsd:pattern value="([\.a-zA-Z0-9_!#$&amp;%'*+/=?^`{|}~\-])+@([a-zA-Z0-9_\-])+(([a-zA-Z0-9_\-])*\.([a-zA-Z0-9_\-])+)+"/>
    </xsd:restriction>
  </xsd:simpleType>
  <xsd:simpleType name="postcodeType">
    <xsd:annotation>
      <xsd:documentation>The Postcode.</xsd:documentation>
    </xsd:annotation>
    <xsd:restriction base="xsd:string"/>
  </xsd:simpleType>
  <!--v1.0.3: Adding bank related information-->
  <xsd:simpleType name="bankAccountNumberType">
    <xsd:annotation>
      <xsd:documentation>The Bank Account number</xsd:documentation>
    </xsd:annotation>
    <xsd:restriction base="xsd:string"/>
  </xsd:simpleType>
  <xsd:simpleType name="bankSortCodeType">
    <xsd:annotation>
      <xsd:documentation>The Bank Sort code.(Ex:40-42-08)</xsd:documentation>
    </xsd:annotation>
    <xsd:restriction base="xsd:string">
      <xsd:minLength value="8"/>
      <xsd:maxLength value="8"/>
      <xsd:pattern value="\d{2}(-)\d{2}(-)\d{2}"/>
    </xsd:restriction>
  </xsd:simpleType>
  <xsd:simpleType name="bankAccountHolderNameType">
    <xsd:annotation>
      <xsd:documentation>The Bank Account holder name.</xsd:documentation>
    </xsd:annotation>
    <xsd:restriction base="xsd:string"/>
  </xsd:simpleType>
  <!--v1.0.3: Ends-->
  <xsd:simpleType name="spidType">
    <xsd:annotation>
      <xsd:documentation>The service provider identifier.</xsd:documentation>
    </xsd:annotation>
    <xsd:restriction base="xsd:string"/>
  </xsd:simpleType>
  <xsd:simpleType name="maskedCardNumberType">
    <xsd:annotation>
      <xsd:documentation>The Credit/Debit Card Number(without spaces).This
				element is used to represent the masked data. Ex: If the
				card number value is 5683387298913746 and it needs to be
				represented as ************3746, then this data type is
				used.</xsd:documentation>
    </xsd:annotation>
    <xsd:restriction base="xsd:string"/>
  </xsd:simpleType>
  <xsd:simpleType name="maskedBankAccountNumberType">
    <xsd:annotation>
      <xsd:documentation>This type should be used to render a masked
				representation of the bank account number. Ex: If the
				bank account number value is 5683387298913746 and it
				needs to be represented as ************3746, then this
				data type is used.</xsd:documentation>
    </xsd:annotation>
    <xsd:restriction base="xsd:string"/>
  </xsd:simpleType>
  <xsd:simpleType name="ssnType">
    <xsd:annotation>
      <xsd:documentation>Sim Serial Number</xsd:documentation>
    </xsd:annotation>
    <xsd:restriction base="xsd:string">
      <xsd:minLength value="1"/>
      <xsd:maxLength value="20"/>
    </xsd:restriction>
  </xsd:simpleType>
  <xsd:simpleType name="userIdType">
    <xsd:annotation>
      <xsd:documentation>Unique customer identifier, an example would be the Id
				of a CSA who initiated an activity.</xsd:documentation>
    </xsd:annotation>
    <xsd:restriction base="xsd:string">
      <xsd:maxLength value="30"/>
      <xsd:minLength value="1"/>
    </xsd:restriction>
  </xsd:simpleType>
  <xsd:simpleType name="ipAddressType">
    <xsd:annotation>
      <xsd:documentation>This can be an IPv4 address in dotted decimal format,
				(i.e. DDD.DDD.DDD.DDD, where D represents a digit). OR
				It can be an IPv6 address in hexadecimal format,
				(i.e. xxxx:xxxx:xxxx:xxxx:xxxx:xxxx:xxxx:xxxx, where x represents a hex value).</xsd:documentation>
    </xsd:annotation>
    <xsd:restriction base="xsd:string"/>
  </xsd:simpleType>
  <xsd:simpleType name="landlineNumberType">
    <xsd:annotation>
      <xsd:documentation>Landline number should always be defined as string, including
				country codes i.e. "442088702821"; and translated into
				localised format on the presentation and backend layers.</xsd:documentation>
    </xsd:annotation>
    <xsd:restriction base="xsd:string"/>
  </xsd:simpleType>
  <xsd:simpleType name="genderType">
    <xsd:annotation>
      <xsd:documentation>Gender type</xsd:documentation>
    </xsd:annotation>
    <xsd:restriction base="xsd:string">
      <xsd:enumeration value="M"/>
      <xsd:enumeration value="F"/>
      <xsd:enumeration value="U"/>
    </xsd:restriction>
  </xsd:simpleType>
  <xsd:simpleType name="identityUIDType">
    <xsd:annotation>
      <xsd:documentation>The A&amp;R Unique ID. The UID remains static accross userName changes. 
				It is deleted if the Identity becomes merged into another Identity. 
				(A broadcast message will inform systems of this change.)</xsd:documentation>
    </xsd:annotation>
    <xsd:restriction base="xsd:string">
      <xsd:pattern value="[0-9A-Za-z]*"/>
      <xsd:maxLength value="40"/>
    </xsd:restriction>
  </xsd:simpleType>
  <xsd:simpleType name="identityUsernameType">
    <xsd:annotation>
      <xsd:documentation>The full A&amp;R username (eg., user@domain or user@o2.co.uk)</xsd:documentation>
    </xsd:annotation>
    <xsd:restriction base="xcore:emailAddressType">
      <xsd:maxLength value="320"/>
    </xsd:restriction>
  </xsd:simpleType>
  <xsd:element name="async" type="xsd:boolean">
    <xsd:annotation>
      <xsd:documentation>This element indicates whether or not the operation supports an async mode of processing.</xsd:documentation>
    </xsd:annotation>
  </xsd:element>
  <xsd:simpleType name="cardTokenType">
    <xsd:annotation>
      <xsd:documentation>The standard token which corresponds to the details of a payment card.</xsd:documentation>
    </xsd:annotation>
    <xsd:restriction base="xsd:string">
      <xsd:maxLength value="20"/>
    </xsd:restriction>
  </xsd:simpleType>
  <xsd:complexType name="addressType">
    <xsd:annotation>
      <xsd:documentation>The standard address format in line with the latest PAF standards.</xsd:documentation>
    </xsd:annotation>
    <xsd:sequence>
      <xsd:element name="addressKey" type="xcore:addressKeyType" minOccurs="0"/>
      <xsd:element name="organisationName" type="xcore:organisationNameType" minOccurs="0"/>
      <xsd:element name="departmentName" type="xcore:departmentNameType" minOccurs="0"/>
      <xsd:element name="subBuildingName" type="xcore:subBuildingNameType" minOccurs="0"/>
      <xsd:element name="buildingName" type="xcore:buildingNameType" minOccurs="0"/>
      <xsd:element name="buildingNumber" type="xcore:buildingNumberType" minOccurs="0"/>
      <xsd:element name="dependentThoroughfareNameAndDescriptor" type="xcore:thoroughfareNameAndDescriptorType" minOccurs="0"/>
      <xsd:element name="thoroughfareNameAndDescriptor" type="xcore:thoroughfareNameAndDescriptorType" minOccurs="0"/>
      <xsd:element name="doubleDependentLocality" type="xcore:dependentLocalityType" minOccurs="0"/>
      <xsd:element name="dependentLocality" type="xcore:dependentLocalityType" minOccurs="0"/>
      <xsd:element name="postTown" type="xcore:postTownType" minOccurs="0"/>
      <xsd:element name="county" type="xcore:countyType" minOccurs="0"/>
      <xsd:element name="postCode" type="xcore:postcodeType" minOccurs="0"/>
      <xsd:element name="poBoxNumber" type="xcore:poBoxNumberType" minOccurs="0"/>
      <xsd:element name="countryCode" type="xcore:countryCodeType" minOccurs="0"/>
      <xsd:element name="addressMetaData" type="xcore:addressMetaDataType" minOccurs="0" maxOccurs="unbounded"/>
    </xsd:sequence>
  </xsd:complexType>
  <xsd:simpleType name="addressKeyType">
    <xsd:annotation>
      <xsd:documentation>Type for storing address key information, which indicates whether the address has been validated.</xsd:documentation>
    </xsd:annotation>
    <xsd:restriction base="xsd:string">
      <xsd:maxLength value="8"/>
    </xsd:restriction>
  </xsd:simpleType>
  <xsd:simpleType name="organisationNameType">
    <xsd:annotation>
      <xsd:documentation>Type for storing organisation name information.</xsd:documentation>
    </xsd:annotation>
    <xsd:restriction base="xsd:string">
      <xsd:maxLength value="60"/>
    </xsd:restriction>
  </xsd:simpleType>
  <xsd:simpleType name="departmentNameType">
    <xsd:annotation>
      <xsd:documentation>Type for storing department name information.</xsd:documentation>
    </xsd:annotation>
    <xsd:restriction base="xsd:string">
      <xsd:maxLength value="60"/>
    </xsd:restriction>
  </xsd:simpleType>
  <xsd:simpleType name="subBuildingNameType">
    <xsd:annotation>
      <xsd:documentation>Type for storing sub building information.</xsd:documentation>
    </xsd:annotation>
    <xsd:restriction base="xsd:string">
      <xsd:maxLength value="30"/>
    </xsd:restriction>
  </xsd:simpleType>
  <xsd:simpleType name="buildingNameType">
    <xsd:annotation>
      <xsd:documentation>Type for storing building information.</xsd:documentation>
    </xsd:annotation>
    <xsd:restriction base="xsd:string">
      <xsd:maxLength value="50"/>
    </xsd:restriction>
  </xsd:simpleType>
  <xsd:simpleType name="buildingNumberType">
    <xsd:annotation>
      <xsd:documentation>Type for storing building number information.</xsd:documentation>
    </xsd:annotation>
    <xsd:restriction base="xsd:string">
      <xsd:maxLength value="4"/>
    </xsd:restriction>
  </xsd:simpleType>
  <xsd:simpleType name="thoroughfareNameAndDescriptorType">
    <xsd:annotation>
      <xsd:documentation>Type for storing thoroughfare name and descriptor information.
      		As per PAF standards, the max length for Thoroughfare name is 60 chars,
      		and the max length for Thoroughfare descriptor is 20 chars.
      		E.g.,in "Buckingham avenue", "Buckingham" is the thoroughfare-name and "avenue" is the descriptor.</xsd:documentation>
    </xsd:annotation>
    <xsd:restriction base="xsd:string">
      <xsd:maxLength value="81"/>
    </xsd:restriction>
  </xsd:simpleType>
  <xsd:simpleType name="dependentLocalityType">
    <xsd:annotation>
      <xsd:documentation>Type for storing locality information.</xsd:documentation>
    </xsd:annotation>
    <xsd:restriction base="xsd:string">
      <xsd:maxLength value="35"/>
    </xsd:restriction>
  </xsd:simpleType>
  <xsd:simpleType name="postTownType">
    <xsd:annotation>
      <xsd:documentation>Type for storing town or city name.</xsd:documentation>
    </xsd:annotation>
    <xsd:restriction base="xsd:string">
      <xsd:maxLength value="30"/>
    </xsd:restriction>
  </xsd:simpleType>
  <xsd:simpleType name="countyType">
    <xsd:annotation>
      <xsd:documentation>Type for storing county information.</xsd:documentation>
    </xsd:annotation>
    <xsd:restriction base="xsd:string">
      <xsd:maxLength value="30"/>
    </xsd:restriction>
  </xsd:simpleType>
  <xsd:simpleType name="poBoxNumberType">
    <xsd:annotation>
      <xsd:documentation>Type for storing PO Box number information.</xsd:documentation>
    </xsd:annotation>
    <xsd:restriction base="xsd:string">
      <xsd:maxLength value="6"/>
    </xsd:restriction>
  </xsd:simpleType>
  <xsd:simpleType name="countryCodeType">
    <xsd:annotation>
      <xsd:documentation>Type for storing country-code information.</xsd:documentation>
    </xsd:annotation>
    <xsd:restriction base="xsd:string">
      <xsd:maxLength value="3"/>
    </xsd:restriction>
  </xsd:simpleType>
  <xsd:complexType name="addressMetaDataType">
    <xsd:annotation>
      <xsd:documentation>Type for storing any additional address meta-data.
      		This is useful to hold any additional address related fields like addressValidationStatus,etc., as key-value pairs.</xsd:documentation>
    </xsd:annotation>
    <xsd:sequence>
      <xsd:element name="key" type="xsd:string"/>
      <xsd:element name="value" type="xsd:string"/>
    </xsd:sequence>
  </xsd:complexType>
  <xsd:simpleType name="typeYesOrNo">
    <xsd:annotation>
      <xsd:documentation>A type that only allows the value Y or N.</xsd:documentation>
    </xsd:annotation>
    <xsd:restriction base="xsd:string">
      <xsd:minLength value="1"/>
      <xsd:maxLength value="1"/>
      <xsd:enumeration value="Y"/>
      <xsd:enumeration value="N"/>
    </xsd:restriction>
  </xsd:simpleType>
  <xsd:complexType name="retrieveAdditionalInfoType">
    <xsd:annotation>
      <xsd:documentation>Addition information to be retrieved.</xsd:documentation>
    </xsd:annotation>
    <xsd:sequence>
      <xsd:element name="parameterName" type="xsd:string" minOccurs="1" maxOccurs="unbounded">
        <xsd:annotation>
          <xsd:documentation>Indicate the additional information which has to be returned in the response.</xsd:documentation>
        </xsd:annotation>
      </xsd:element>
    </xsd:sequence>
  </xsd:complexType>
</xsd:schema>]]></con:content><con:type>http://www.w3.org/2001/XMLSchema</con:type></con:part></con:definitionCache><con:endpoints><con:endpoint>https://sdpapi.o2.co.uk/services/ManageOffers_1_0</con:endpoint></con:endpoints><con:operation id="ea191757-ec8e-467b-ba65-4bd2218128f7" isOneWay="false" action="" name="getDealTargets_1" bindingOperationName="getDealTargets_1" type="Request-Response" outputName="getDealTargets_1Response" inputName="getDealTargets_1" receivesAttachments="false" sendsAttachments="false" anonymous="optional"><con:settings/><con:call id="13f8c8d3-cac8-4f41-ae2a-9d1aa8b0d289" name="Request 1"><con:settings/><con:encoding>UTF-8</con:encoding><con:endpoint>https://sdpapi.o2.co.uk/services/ManageOffers_1_0</con:endpoint><con:request><![CDATA[<soapenv:Envelope xmlns:soapenv="http://schemas.xmlsoap.org/soap/envelope/" xmlns:man="http://soa.o2.co.uk/manageoffersdata_1">\r
   <soapenv:Header/>\r
   <soapenv:Body>\r
      <man:getDealTargets_1>\r
         <man:customerDetails>\r
            <man:isAccount>false</man:isAccount>\r
            <!--You have a CHOICE of the next 2 items at this level-->\r
            <man:msisdn>cum murmure</man:msisdn>\r
            <man:accountNumber>aeoliam venit</man:accountNumber>\r
         </man:customerDetails>\r
         <man:callReasonDetails>\r
            <man:callReason>ventos tempestatesque</man:callReason>\r
            <man:category>temperat iras</man:category>\r
         </man:callReasonDetails>\r
         <man:agentDetails>\r
            <man:channel>turbine corripuit</man:channel>\r
            <!--Optional:-->\r
            <man:clientID>regemque dedit</man:clientID>\r
         </man:agentDetails>\r
         <man:dealDetails>\r
            <man:hasDealDetail>true</man:hasDealDetail>\r
            <!--Optional:-->\r
            <man:tariffDealDetails>\r
               <man:tariffStandardMinutes>100</man:tariffStandardMinutes>\r
               <man:tariffStandardTexts>100</man:tariffStandardTexts>\r
               <man:tariffVariant>foedere certo</man:tariffVariant>\r
               <man:tariffSubVariant>profundum quippe ferant</man:tariffSubVariant>\r
               <man:tariffName>et carcere</man:tariffName>\r
               <man:contractDuration>iovis rapidum iaculata</man:contractDuration>\r
               <man:tariffSubscriptionCost>100</man:tariffSubscriptionCost>\r
               <man:tariffSubscriptionDiscountCost>100</man:tariffSubscriptionDiscountCost>\r
            </man:tariffDealDetails>\r
            <!--Optional:-->\r
            <man:handsetDealDetails>\r
               <man:handsetCost>100</man:handsetCost>\r
               <man:handsetBandedPrice>100</man:handsetBandedPrice>\r
               <!--Optional:-->\r
               <man:handsetMonthlyPrice>100</man:handsetMonthlyPrice>\r
               <man:handsetCustomerContribution>100</man:handsetCustomerContribution>\r
            </man:handsetDealDetails>\r
            <!--Optional:-->\r
            <man:dataBoltOnDealDetail>\r
               <man:dataBoltOnPrice>100</man:dataBoltOnPrice>\r
               <man:dataBundle>100</man:dataBundle>\r
               <man:dataBundleType>speluncis abdidit</man:dataBundleType>\r
            </man:dataBoltOnDealDetail>\r
            <!--Optional:-->\r
            <man:insuranceDealDetails>\r
               <man:insuranceAmount>100</man:insuranceAmount>\r
            </man:insuranceDealDetails>\r
            <!--Optional:-->\r
            <man:accessoriesDealDetails>\r
               <!--Zero or more repetitions:-->\r
               <man:accessoryDetails>\r
                  <man:accessoryName>bella gero et</man:accessoryName>\r
                  <man:accessorySkuCode>flammas turbine</man:accessorySkuCode>\r
                  <man:accessoryCostToCustomer>100</man:accessoryCostToCustomer>\r
                  <man:accessoryCostToO2>100</man:accessoryCostToO2>\r
               </man:accessoryDetails>\r
            </man:accessoriesDealDetails>\r
         </man:dealDetails>\r
      </man:getDealTargets_1>\r
   </soapenv:Body>\r
</soapenv:Envelope>]]></con:request><con:wsaConfig mustUnderstand="NONE" version="200508" action="http://soa.o2.co.uk/manageoffersservice_1/ManageOffersPortType/getDealTargets_1"/></con:call></con:operation><con:operation id="30922c9f-ea64-4bfb-8e1e-591537d540d3" isOneWay="false" action="" name="getOffers" bindingOperationName="getOffers" type="Request-Response" outputName="getOffersResponse" inputName="getOffers" receivesAttachments="false" sendsAttachments="false" anonymous="optional"><con:settings/><con:call id="08ca01f4-9038-4743-9349-a5e666831795" name="Request 1"><con:settings/><con:encoding>UTF-8</con:encoding><con:endpoint>https://sdpapi.o2.co.uk/services/ManageOffers_1_0</con:endpoint><con:request><![CDATA[<soapenv:Envelope xmlns:soapenv="http://schemas.xmlsoap.org/soap/envelope/" xmlns:man="http://soa.o2.co.uk/manageoffersdata_1" xmlns:cor="http://soa.o2.co.uk/coredata_1">\r
   <soapenv:Header/>\r
   <soapenv:Body>\r
      <man:getOffers>\r
         <man:customerId>\r
            <!--You have a CHOICE of the next 3 items at this level-->\r
            <cor:portalID>gero et</cor:portalID>\r
            <cor:msisdn>sonoras imperio</cor:msisdn>\r
            <cor:accountDetail>\r
               <cor:billingAccountType>MOBILE</cor:billingAccountType>\r
               <cor:accountNumber>ventos tempestatesqu</cor:accountNumber>\r
               <cor:msisdn>temperat iras</cor:msisdn>\r
            </cor:accountDetail>\r
         </man:customerId>\r
         <!--Optional:-->\r
         <man:agent>\r
            <man:channel>turbine corripuit</man:channel>\r
            <man:clientId>regemque dedit</man:clientId>\r
         </man:agent>\r
         <!--Optional:-->\r
         <man:callReasonDetails>\r
            <man:callReason>fremunt celsa</man:callReason>\r
            <man:category>ferant rapidi</man:category>\r
         </man:callReasonDetails>\r
      </man:getOffers>\r
   </soapenv:Body>\r
</soapenv:Envelope>]]></con:request><con:credentials><con:authType>No Authorization</con:authType></con:credentials><con:jmsConfig JMSDeliveryMode="PERSISTENT"/><con:jmsPropertyConfig/><con:wsaConfig mustUnderstand="NONE" version="200508" action="http://soa.o2.co.uk/manageoffersservice_1/ManageOffersPortType/getOffers"/><con:wsrmConfig version="1.2"/></con:call><con:call id="90e97a12-2cc6-45eb-b145-860265b3a006" name="Request 2" sslKeystore="o2_testsupport_cert20190501.p12"><con:settings><con:setting id="com.eviware.soapui.impl.wsdl.WsdlRequest@request-headers">&lt;xml-fragment/></con:setting></con:settings><con:encoding>UTF-8</con:encoding><con:endpoint>https://localhost:37443/services/ManageOffers_1_0</con:endpoint><con:request><![CDATA[<soapenv:Envelope xmlns:soapenv="http://schemas.xmlsoap.org/soap/envelope/" xmlns:man="http://soa.o2.co.uk/manageoffersdata_1" xmlns:cor="http://soa.o2.co.uk/coredata_1">\r
  <soapenv:Header>
      <wss:Security xmlns:wss="http://docs.oasis-open.org/wss/2004/01/oasis-200401-wss-wssecurity-secext-1.0.xsd">
         <wss:UsernameToken wsu:Id="UsernameToken-29092662" xmlns:wsu="http://docs.oasis-open.org/wss/2004/01/oasis-200401-wss-wssecurity-utility-1.0.xsd">
            <wss:Username>testsupport_4321</wss:Username>
            <wss:Password Type="http://docs.oasis-open.org/wss/2004/01/oasis-200401-wss-username-token-profile-1.0#PasswordText">t3st1ng</wss:Password>
         </wss:UsernameToken>
      </wss:Security>
      <xcore:SOAConsumerTransactionID xmlns:xcore="http://soa.o2.co.uk/coredata_1">Bermondsey-3973565473977097026</xcore:SOAConsumerTransactionID>
   </soapenv:Header>
   <soapenv:Body>\r
      <man:getOffers>\r
         <man:customerId>\r
            <!--You have a CHOICE of the next 3 items at this level-->\r
         
            <cor:msisdn>447947245185</cor:msisdn>\r
            \r
         </man:customerId>\r
         <!--Optional:-->\r
         <man:agent>\r
            <man:channel>myo2app</man:channel>\r
            <man:clientId>myo2</man:clientId>\r
         </man:agent>\r
         <!--Optional:-->\r
         <man:callReasonDetails>\r
            <man:callReason>?</man:callReason>\r
            <man:category>?</man:category>\r
         </man:callReasonDetails>\r
      </man:getOffers>\r
   </soapenv:Body>\r
</soapenv:Envelope>]]></con:request><con:credentials><con:selectedAuthProfile>Basic</con:selectedAuthProfile><con:addedBasicAuthenticationTypes>Basic</con:addedBasicAuthenticationTypes><con:authType>Global HTTP Settings</con:authType></con:credentials><con:jmsConfig JMSDeliveryMode="PERSISTENT"/><con:jmsPropertyConfig/><con:wsaConfig mustUnderstand="NONE" version="200508" action="http://soa.o2.co.uk/manageoffersservice_1/ManageOffersPortType/getOffers"/><con:wsrmConfig version="1.2"/></con:call></con:operation><con:operation id="92e14975-a320-4d74-a7a8-6a8f954bd298" isOneWay="false" action="" name="setOfferResponse" bindingOperationName="setOfferResponse" type="Request-Response" outputName="setOfferResponseResponse" inputName="setOfferResponse" receivesAttachments="false" sendsAttachments="false" anonymous="optional"><con:settings/><con:call id="d556fceb-a97b-4e44-b1fe-5cef15b22ca0" name="Request 1"><con:settings/><con:encoding>UTF-8</con:encoding><con:endpoint>https://sdpapi.o2.co.uk/services/ManageOffers_1_0</con:endpoint><con:request><![CDATA[<soapenv:Envelope xmlns:soapenv="http://schemas.xmlsoap.org/soap/envelope/" xmlns:man="http://soa.o2.co.uk/manageoffersdata_1" xmlns:cor="http://soa.o2.co.uk/coredata_1">\r
   <soapenv:Header/>\r
   <soapenv:Body>\r
      <man:setOfferResponse>\r
         <man:customerId>\r
            <!--You have a CHOICE of the next 3 items at this level-->\r
            <cor:portalID>gero et</cor:portalID>\r
            <cor:msisdn>sonoras imperio</cor:msisdn>\r
            <cor:accountDetail>\r
               <cor:billingAccountType>MOBILE</cor:billingAccountType>\r
               <cor:accountNumber>ventos tempestatesqu</cor:accountNumber>\r
               <cor:msisdn>temperat iras</cor:msisdn>\r
            </cor:accountDetail>\r
         </man:customerId>\r
         <man:offerDetails>\r
            <man:behaviour>negative</man:behaviour>\r
            <man:offerId>circum claustra</man:offerId>\r
            <man:rankIndex>2</man:rankIndex>\r
            <man:response>fremunt celsa</man:response>\r
         </man:offerDetails>\r
         <!--Optional:-->\r
         <man:agent>\r
            <man:channel>ferant rapidi</man:channel>\r
            <man:clientId>sceptra tenens</man:clientId>\r
         </man:agent>\r
         <!--Optional:-->\r
         <man:callReasonDetails>\r
            <man:callReason>turbine corripuit scopuloque</man:callReason>\r
            <man:category>flammato secum dea</man:category>\r
         </man:callReasonDetails>\r
      </man:setOfferResponse>\r
   </soapenv:Body>\r
</soapenv:Envelope>]]></con:request><con:wsaConfig mustUnderstand="NONE" version="200508" action="http://soa.o2.co.uk/manageoffersservice_1/ManageOffersPortType/setOfferResponse"/></con:call></con:operation></con:interface><con:testSuite id="73c47d7c-a8b2-4adb-b807-376a87d27a15" name="o2_AG_billing_mgmt"><con:settings/><con:runType>SEQUENTIAL</con:runType><con:properties/></con:testSuite><con:properties/><con:wssContainer><con:crypto><con:source>C:/Users/559528/Desktop/o2_testsupport_cert20190501.p12</con:source><con:password>t3st1ng</con:password><con:type>KEYSTORE</con:type></con:crypto></con:wssContainer><con:oAuth2ProfileContainer/><con:oAuth1ProfileContainer/><con:sensitiveInformation/></con:soapui-project>