<?xml version="1.0" encoding="UTF-8"?>
<soapenv:Envelope xmlns:soapenv="http://schemas.xmlsoap.org/soap/envelope/" xmlns:man="http://mpayapi.o2.co.uk/manageaccountpaymentcreditdata_1">
    <soapenv:Header>
      <wss:Security xmlns:wss="http://docs.oasis-open.org/wss/2004/01/oasis-200401-wss-wssecurity-secext-1.0.xsd">
         <wss:UsernameToken wsu:Id="UsernameToken-29092662" xmlns:wsu="http://docs.oasis-open.org/wss/2004/01/oasis-200401-wss-wssecurity-utility-1.0.xsd">
            <wss:Username>testsupport_4321</wss:Username>
            <wss:Password Type="http://docs.oasis-open.org/wss/2004/01/oasis-200401-wss-username-token-profile-1.0#PasswordText">t3st1ng</wss:Password>
         </wss:UsernameToken>
      </wss:Security>
      <xcore:SOAConsumerTransactionID xmlns:xcore="http://soa.o2.co.uk/coredata_1">Bermondsey-3973565473977097026</xcore:SOAConsumerTransactionID>
   </soapenv:Header>
   <soapenv:Body>
      <man:creditAccount_1>
         <man:source>
            <man:externalId>CASFO2W9378201519270</man:externalId>
            <man:partnerId>sonoras imperio</man:partnerId>
            <man:merchantId>quae divum incedo</man:merchantId>
            <man:channel>verrantque</man:channel>
         </man:source>
         <man:order>
            <man:shortBillingDescription>per auras</man:shortBillingDescription>
            <man:longBillingDescription>circum claustra</man:longBillingDescription>
            <man:productCategory>nimborum in</man:productCategory>
            <man:productSubCategory>foedere certo</man:productSubCategory>
         </man:order>
         <man:account>
            <man:accountType>M</man:accountType>
            <man:accountId>CASFO2W9378201519270</man:accountId>
         </man:account>
         <man:payment>
            <man:paymentDate>2012-01-08T01:12:56</man:paymentDate>
            <man:amount>10</man:amount>
            <man:amountExVat>10</man:amountExVat>
            <man:vatRate>1000.00</man:vatRate>
            <man:vatApplicable>true</man:vatApplicable>
            <man:currencyCode>AFN</man:currencyCode>
         </man:payment>
      </man:creditAccount_1>
   </soapenv:Body>
</soapenv:Envelope>