<?xml version="1.0" encoding="UTF-8"?>
<con:soapui-project activeEnvironment="Default" name="RESTLiveTestSuite" resourceRoot="" soapui-version="5.3.0" id="e9a518a9-8444-4869-96a0-1be9b22b71e9" abortOnError="false" runType="SEQUENTIAL" xmlns:con="http://eviware.com/soapui/config"><con:settings/><con:interface xsi:type="con:RestService" wadlVersion="http://wadl.dev.java.net/2009/02" name="https://localhost:9125" type="rest" id="44f162f0-fe69-43cf-ae00-447371d86aec" xmlns:xsi="http://www.w3.org/2001/XMLSchema-instance"><con:settings/><con:definitionCache/><con:endpoints><con:endpoint>https://localhost:9125</con:endpoint></con:endpoints><con:resource name="Health" path="/cvos-rest/health" id="a1b76f12-73b3-4e26-865e-12717b0c239c"><con:settings/><con:parameters/><con:method name="Health" method="GET" id="80e62d55-59d7-4576-bfc8-1bc7132a6dce"><con:settings/><con:parameters/><con:representation type="RESPONSE"><con:mediaType xsi:nil="true"/><con:status>0</con:status><con:params/><con:element>data</con:element></con:representation><con:representation type="RESPONSE"><con:mediaType xsi:nil="true"/><con:status>0</con:status><con:params/><con:element>data</con:element></con:representation><con:representation type="RESPONSE"><con:mediaType xsi:nil="true"/><con:status>0</con:status><con:params/><con:element>data</con:element></con:representation><con:representation type="RESPONSE"><con:mediaType xsi:nil="true"/><con:status>0</con:status><con:params/><con:element>data</con:element></con:representation><con:request name="Request 1" mediaType="application/json" sslKeystore="o2_testsupport_key_cert20190501.pem" id="e7f73536-4f5c-4bfc-a55c-504ef8ca16ba"><con:settings><con:setting id="com.eviware.soapui.impl.wsdl.WsdlRequest@request-headers">&lt;xml-fragment xmlns:con="http://eviware.com/soapui/config">
  &lt;con:entry key="Authorization" value="Basic dGVzdHN1cHBvcnRfNDMyMTp0M3N0MW5n"/>
  &lt;con:entry key="Content-type" value="application/json"/>
&lt;/xml-fragment></con:setting><con:setting id="com.eviware.soapui.impl.support.AbstractHttpRequest@follow-redirects">true</con:setting></con:settings><con:endpoint>https://localhost:1205</con:endpoint><con:request/><con:originalUri>https://localhost/cvos-rest/health</con:originalUri><con:credentials><con:username>testsupport_4321</con:username><con:password>t3st1ng</con:password><con:authType>No Authorization</con:authType></con:credentials><con:jmsConfig JMSDeliveryMode="PERSISTENT"/><con:jmsPropertyConfig/><con:parameters/></con:request></con:method></con:resource><con:resource name="online" path="/stores/admin/901/online" id="11943999-3e5b-43fb-958b-cfc9fb892546"><con:settings/><con:parameters/><con:method name="Method 1" method="GET" id="11837c73-5611-4f53-a6f3-76ce291530cf"><con:settings/><con:parameters/><con:request name="Request 1" mediaType="application/json" sslKeystore="o2_testsupport_key_cert20190501.pem" id="af369238-7dec-4cbe-a345-81f93a1ec325"><con:settings><con:setting id="com.eviware.soapui.impl.wsdl.WsdlRequest@request-headers">&lt;xml-fragment xmlns:con="http://eviware.com/soapui/config">
  &lt;con:entry key="Authorization" value="Basic dGVzdHN1cHBvcnRfNDMyMTp0M3N0MW5n"/>
  &lt;con:entry key="Content-type" value="application/json"/>
&lt;/xml-fragment></con:setting></con:settings><con:endpoint>https://localhost:9125</con:endpoint><con:request/><con:credentials><con:username>testsupport_4321</con:username><con:password>t3st1ng</con:password><con:authType>No Authorization</con:authType></con:credentials><con:jmsConfig JMSDeliveryMode="PERSISTENT"/><con:jmsPropertyConfig/><con:parameters/></con:request></con:method></con:resource><con:resource name="lockassure" path="/storesbroker/0057/lockassure" id="9a3b31cc-a66c-4222-af31-b3950c0b9025"><con:settings/><con:parameters/><con:method name="Method 1" method="GET" id="c353c0ef-502f-43d5-859f-c386ce58c780"><con:settings/><con:parameters/><con:request name="Request 1" mediaType="application/json" sslKeystore="o2_testsupport_key_cert20190501.pem" id="87be7d70-a435-4bc6-a2f2-66c034e9c53b"><con:settings><con:setting id="com.eviware.soapui.impl.wsdl.WsdlRequest@request-headers">&lt;xml-fragment xmlns:con="http://eviware.com/soapui/config">
  &lt;con:entry key="Authorization" value="Basic dGVzdHN1cHBvcnRfNDMyMTp0M3N0MW5n"/>
  &lt;con:entry key="Content-type" value="application/json"/>
&lt;/xml-fragment></con:setting></con:settings><con:endpoint>https://localhost:9125</con:endpoint><con:request/><con:credentials><con:username>testsupport_4321</con:username><con:password>t3st1ng</con:password><con:authType>No Authorization</con:authType></con:credentials><con:jmsConfig JMSDeliveryMode="PERSISTENT"/><con:jmsPropertyConfig/><con:parameters/></con:request></con:method></con:resource><con:resource name="Attribute" path="/tukPanCreditApi/HardwareLoanAgreement/BE0000162222/Attribute/" id="fc7798fe-6e13-47da-aeba-7724a4a33a98"><con:settings/><con:parameters/><con:method name="Method 1" method="GET" id="e44500db-2a69-49d6-a5f1-91477cc569b7"><con:settings/><con:parameters/><con:request name="Request 1" mediaType="application/json" sslKeystore="o2_testsupport_key_cert20190501.pem" id="824bf1bf-9279-4b45-835e-59f3b79310e7"><con:settings><con:setting id="com.eviware.soapui.impl.wsdl.WsdlRequest@request-headers">&lt;xml-fragment xmlns:con="http://eviware.com/soapui/config">
  &lt;con:entry key="Authorization" value="Basic dGVzdHN1cHBvcnRfNDMyMTp0M3N0MW5n"/>
  &lt;con:entry key="Content-type" value="application/json"/>
&lt;/xml-fragment></con:setting></con:settings><con:endpoint>https://localhost:9125</con:endpoint><con:request/><con:credentials><con:username>testsupport_4321</con:username><con:password>t3st1ng</con:password><con:authType>No Authorization</con:authType></con:credentials><con:jmsConfig JMSDeliveryMode="PERSISTENT"/><con:jmsPropertyConfig/><con:parameters/></con:request></con:method></con:resource><con:resource name="BBEU13495849" path="/DISCLOSURE/Circuit/BBEU13495849" id="50bb594e-3295-406f-b475-67867ed2dd2b"><con:settings/><con:parameters><con:parameter><con:name>StartDate</con:name><con:value>2014-04-26</con:value><con:style>QUERY</con:style><con:default>2014-04-26</con:default></con:parameter><con:parameter><con:name>amp;EndDate</con:name><con:value>2014-08-30</con:value><con:style>QUERY</con:style><con:default>2014-08-30</con:default></con:parameter></con:parameters><con:method name="Method 1" method="GET" id="351fe73f-2d47-4418-8aa4-aac56daf9c69"><con:settings/><con:parameters/><con:request name="Request 1" mediaType="application/json" sslKeystore="o2_testsupport_key_cert20190501.pem" id="d86124ef-a58e-4d66-8c35-b88b71d0a3c1"><con:settings><con:setting id="com.eviware.soapui.impl.wsdl.WsdlRequest@request-headers">&lt;xml-fragment xmlns:con="http://eviware.com/soapui/config">
  &lt;con:entry key="Authorization" value="Basic dGVzdHN1cHBvcnRfNDMyMTp0M3N0MW5n"/>
  &lt;con:entry key="Content-type" value="application/json"/>
&lt;/xml-fragment></con:setting></con:settings><con:endpoint>https://localhost:9125</con:endpoint><con:request/><con:credentials><con:username>testsupport_4321</con:username><con:password>t3st1ng</con:password><con:authType>No Authorization</con:authType></con:credentials><con:jmsConfig JMSDeliveryMode="PERSISTENT"/><con:jmsPropertyConfig/><con:parameters/></con:request></con:method></con:resource></con:interface><con:testSuite name="RESTLiveTestSuite" id="4c9204d7-6b91-433d-99a2-0a4dc8616a76"><con:settings/><con:runType>SEQUENTIAL</con:runType><con:testCase failOnError="true" failTestCaseOnErrors="true" keepSession="false" maxResults="0" name="https://localhost:9125 TestSuite" searchProperties="true" id="9df2b70a-1ec2-4750-8baf-b0e33a9194c1"><con:settings/><con:testStep type="restrequest" name="Health" id="a333d564-12b4-4211-910e-12bb5996f9f0"><con:settings/><con:config service="https://localhost:9125" resourcePath="/cvos-rest/health" methodName="Health" xsi:type="con:RestRequestStep" xmlns:xsi="http://www.w3.org/2001/XMLSchema-instance"><con:restRequest name="Health" mediaType="application/json" sslKeystore="o2_testsupport_key_cert20190501.pem" id="36a32ac2-0f4c-4eaa-805a-74dc597d5e86"><con:settings><con:setting id="com.eviware.soapui.impl.wsdl.WsdlRequest@request-headers">&lt;xml-fragment xmlns:con="http://eviware.com/soapui/config">
  &lt;con:entry key="Authorization" value="Basic dGVzdHN1cHBvcnRfNDMyMTp0M3N0MW5n"/>
  &lt;con:entry key="Content-type" value="application/json"/>
&lt;/xml-fragment></con:setting><con:setting id="com.eviware.soapui.impl.support.AbstractHttpRequest@follow-redirects">true</con:setting></con:settings><con:endpoint>https://rstapi.ref.o2.co.uk</con:endpoint><con:request/><con:originalUri>https://rstapi.ref.o2.co.uk/cvos-rest/health</con:originalUri><con:credentials><con:username>testsupport_4321</con:username><con:password>t3st1ng</con:password><con:authType>No Authorization</con:authType></con:credentials><con:jmsConfig JMSDeliveryMode="PERSISTENT"/><con:jmsPropertyConfig/><con:parameters/></con:restRequest></con:config></con:testStep><con:testStep type="restrequest" name="online" id="520fefc3-f40c-49bd-9b8d-8c07c463c4ec"><con:settings/><con:config service="https://localhost:9125" resourcePath="/stores/admin/901/online" methodName="Method 1" xsi:type="con:RestRequestStep" xmlns:xsi="http://www.w3.org/2001/XMLSchema-instance"><con:restRequest name="online" mediaType="application/json" sslKeystore="o2_testsupport_key_cert20190501.pem" id="22cadd69-ad0a-408d-b65b-8e3108d906fc"><con:settings><con:setting id="com.eviware.soapui.impl.wsdl.WsdlRequest@request-headers">&lt;xml-fragment xmlns:con="http://eviware.com/soapui/config">
  &lt;con:entry key="Authorization" value="Basic dGVzdHN1cHBvcnRfNDMyMTp0M3N0MW5n"/>
  &lt;con:entry key="Content-type" value="application/json"/>
&lt;/xml-fragment></con:setting></con:settings><con:endpoint>https://localhost:9125</con:endpoint><con:request/><con:credentials><con:username>testsupport_4321</con:username><con:password>t3st1ng</con:password><con:authType>No Authorization</con:authType></con:credentials><con:jmsConfig JMSDeliveryMode="PERSISTENT"/><con:jmsPropertyConfig/><con:parameters/></con:restRequest></con:config></con:testStep><con:testStep type="restrequest" name="lockassure" id="d5695b0d-7399-46ad-82fb-0df1c512bd73"><con:settings/><con:config service="https://localhost:9125" resourcePath="/storesbroker/0057/lockassure" methodName="Method 1" xsi:type="con:RestRequestStep" xmlns:xsi="http://www.w3.org/2001/XMLSchema-instance"><con:restRequest name="lockassure" mediaType="application/json" sslKeystore="o2_testsupport_key_cert20190501.pem" id="56e1c040-e4f0-43fc-a287-464ac574d712"><con:settings><con:setting id="com.eviware.soapui.impl.wsdl.WsdlRequest@request-headers">&lt;xml-fragment xmlns:con="http://eviware.com/soapui/config">
  &lt;con:entry key="Authorization" value="Basic dGVzdHN1cHBvcnRfNDMyMTp0M3N0MW5n"/>
  &lt;con:entry key="Content-type" value="application/json"/>
&lt;/xml-fragment></con:setting></con:settings><con:endpoint>https://localhost:9125</con:endpoint><con:request/><con:credentials><con:username>testsupport_4321</con:username><con:password>t3st1ng</con:password><con:authType>No Authorization</con:authType></con:credentials><con:jmsConfig JMSDeliveryMode="PERSISTENT"/><con:jmsPropertyConfig/><con:parameters/></con:restRequest></con:config></con:testStep><con:testStep type="restrequest" name="Attribute" id="f53e49ac-80ac-4714-927b-e512e50b55b3"><con:settings/><con:config service="https://localhost:9125" resourcePath="/tukPanCreditApi/HardwareLoanAgreement/BE0000162222/Attribute/" methodName="Method 1" xsi:type="con:RestRequestStep" xmlns:xsi="http://www.w3.org/2001/XMLSchema-instance"><con:restRequest name="Attribute" mediaType="application/json" sslKeystore="o2_testsupport_key_cert20190501.pem" id="92e15614-7858-4109-8536-a7e3d7a9d8ec"><con:settings><con:setting id="com.eviware.soapui.impl.wsdl.WsdlRequest@request-headers">&lt;xml-fragment xmlns:con="http://eviware.com/soapui/config">
  &lt;con:entry key="Authorization" value="Basic dGVzdHN1cHBvcnRfNDMyMTp0M3N0MW5n"/>
  &lt;con:entry key="Content-type" value="application/json"/>
&lt;/xml-fragment></con:setting></con:settings><con:endpoint>https://localhost:9125</con:endpoint><con:request/><con:credentials><con:username>testsupport_4321</con:username><con:password>t3st1ng</con:password><con:authType>No Authorization</con:authType></con:credentials><con:jmsConfig JMSDeliveryMode="PERSISTENT"/><con:jmsPropertyConfig/><con:parameters/></con:restRequest></con:config></con:testStep><con:testStep type="restrequest" name="BBEU13495849" id="383d2095-ce84-4a00-8ca3-1057c4b1ca84"><con:settings/><con:config service="https://localhost:9125" resourcePath="/DISCLOSURE/Circuit/BBEU13495849" methodName="Method 1" xsi:type="con:RestRequestStep" xmlns:xsi="http://www.w3.org/2001/XMLSchema-instance"><con:restRequest name="BBEU13495849" mediaType="application/json" sslKeystore="o2_testsupport_key_cert20190501.pem" id="12baf255-cb89-4613-97da-ada2c19d9383"><con:settings><con:setting id="com.eviware.soapui.impl.wsdl.WsdlRequest@request-headers">&lt;xml-fragment xmlns:con="http://eviware.com/soapui/config">
  &lt;con:entry key="Authorization" value="Basic dGVzdHN1cHBvcnRfNDMyMTp0M3N0MW5n"/>
  &lt;con:entry key="Content-type" value="application/json"/>
&lt;/xml-fragment></con:setting></con:settings><con:endpoint>https://localhost:9125</con:endpoint><con:request/><con:credentials><con:username>testsupport_4321</con:username><con:password>t3st1ng</con:password><con:authType>No Authorization</con:authType></con:credentials><con:jmsConfig JMSDeliveryMode="PERSISTENT"/><con:jmsPropertyConfig/><con:parameters/></con:restRequest></con:config></con:testStep><con:properties/></con:testCase><con:properties/></con:testSuite><con:properties/><con:wssContainer><con:crypto><con:source>D:/Prathamesh/Prathamesh Backup Files 14th Sept 2015/Prathamesh_376863/OID/Certificates/testsupport keys/o2_testsupport_key_cert20190501.pem</con:source><con:password>t3st1ng</con:password><con:type>KEYSTORE</con:type></con:crypto></con:wssContainer><con:oAuth2ProfileContainer/><con:oAuth1ProfileContainer/><con:sensitiveInformation/></con:soapui-project>