<?xml version="1.0" encoding="UTF-8"?>
<con:soapui-project id="accde4c4-a585-48e9-9eb4-85893369b55a" activeEnvironment="Default" name="SOSNotificationsService" resourceRoot="" soapui-version="5.3.0" abortOnError="false" runType="SEQUENTIAL" xmlns:con="http://eviware.com/soapui/config"><con:settings/><con:interface xsi:type="con:WsdlInterface" id="96d5a1f9-2f74-4153-bb7c-3a2802891fbd" wsaVersion="NONE" name="SOSNotificationsServiceSoapBinding" type="wsdl" bindingName="{http://sos.connect.o2.co.uk/SOSNotificationsService}SOSNotificationsServiceSoapBinding" soapVersion="1_1" anonymous="optional" definition="file:/D:/Varsha/CR/CR%20Project/SOS-newCR/SOSNotificationsService.wsdl" xmlns:xsi="http://www.w3.org/2001/XMLSchema-instance"><con:settings/><con:definitionCache type="TEXT" rootPart="file:\D:\Varsha\CR\CR%20Project\SOS-newCR\SOSNotificationsService.wsdl"><con:part><con:url>file:\D:\Varsha\CR\CR%20Project\SOS-newCR\SOSNotificationsService.wsdl</con:url><con:content><![CDATA[<wsdl:definitions name="SOSNotificationsService" targetNamespace="http://sos.connect.o2.co.uk/SOSNotificationsService" xmlns:xsd="http://www.w3.org/2001/XMLSchema" xmlns:wsdl="http://schemas.xmlsoap.org/wsdl/" xmlns:tns="http://sos.connect.o2.co.uk/SOSNotificationsService" xmlns:soap="http://schemas.xmlsoap.org/wsdl/soap/" xmlns:ns1="http://schemas.xmlsoap.org/soap/http">
  <wsdl:types>
    <xs:schema attributeFormDefault="unqualified" elementFormDefault="unqualified" targetNamespace="http://sos.connect.o2.co.uk/SOSNotificationsService" xmlns:xs="http://www.w3.org/2001/XMLSchema">
      <xs:element name="sosNotifyEvent">
        <xs:complexType>
          <xs:sequence>
            <xs:element name="eventId" type="xs:string"/>
            <xs:element name="eventName" type="xs:string"/>
            <xs:element name="msisdn" type="xs:string"/>
            <xs:element name="successStatus" type="xs:boolean"/>
            <xs:element name="timeStamp" type="xs:dateTime"/>
            <xs:element name="message" type="tns:Message"/>
            <xs:element name="sourceName" type="xs:string"/>
          </xs:sequence>
        </xs:complexType>
      </xs:element>
      <xs:complexType name="Message">
        <xs:sequence>
          <xs:element name="messageCode" type="xs:string"/>
          <xs:element name="messageDescription" type="xs:string"/>
        </xs:sequence>
      </xs:complexType>
      <xs:complexType name="SOSClientExceptionType">
        <xs:sequence>
          <xs:element name="exceptionCategory" type="xs:string"/>
          <xs:element name="exceptionId" type="xs:int"/>
          <xs:element name="text" type="xs:string"/>
        </xs:sequence>
      </xs:complexType>
      <xs:complexType name="SOSServerExceptionType">
        <xs:sequence>
          <xs:element name="exceptionCategory" type="xs:string"/>
          <xs:element name="exceptionId" type="xs:int"/>
          <xs:element name="text" type="xs:string"/>
          <xs:element maxOccurs="unbounded" minOccurs="0" name="variables" nillable="true" type="xs:string"/>
        </xs:sequence>
      </xs:complexType>
      <xs:element name="SOSClientException" nillable="true" type="tns:SOSClientExceptionType"/>
      <xs:element name="SOSServerException" nillable="true" type="tns:SOSServerExceptionType"/>
    </xs:schema>
  </wsdl:types>
  <wsdl:message name="SOSServerException">
    <wsdl:part element="tns:SOSServerException" name="SOSServerException"></wsdl:part>
  </wsdl:message>
  <wsdl:message name="notifyEventResponse"></wsdl:message>
  <wsdl:message name="notifyEvent">
    <wsdl:part element="tns:sosNotifyEvent" name="parameters"></wsdl:part>
  </wsdl:message>
  <wsdl:message name="SOSClientException">
    <wsdl:part element="tns:SOSClientException" name="SOSClientException"></wsdl:part>
  </wsdl:message>
  <wsdl:portType name="SOSNotifications">
    <wsdl:operation name="notifyEvent">
      <wsdl:input message="tns:notifyEvent" name="notifyEvent"></wsdl:input>
      <wsdl:output message="tns:notifyEventResponse" name="notifyEventResponse"></wsdl:output>
      <wsdl:fault message="tns:SOSServerException" name="SOSServerException"></wsdl:fault>
      <wsdl:fault message="tns:SOSClientException" name="SOSClientException"></wsdl:fault>
    </wsdl:operation>
  </wsdl:portType>
  <wsdl:binding name="SOSNotificationsServiceSoapBinding" type="tns:SOSNotifications">
    <soap:binding style="document" transport="http://schemas.xmlsoap.org/soap/http"/>
    <wsdl:operation name="notifyEvent">
      <soap:operation soapAction="urn:notifyEvent" style="document"/>
      <wsdl:input name="notifyEvent">
        <soap:body use="literal"/>
      </wsdl:input>
      <wsdl:output name="notifyEventResponse">
        <soap:body use="literal"/>
      </wsdl:output>
      <wsdl:fault name="SOSServerException">
        <soap:fault name="SOSServerException" use="literal"/>
      </wsdl:fault>
      <wsdl:fault name="SOSClientException">
        <soap:fault name="SOSClientException" use="literal"/>
      </wsdl:fault>
    </wsdl:operation>
  </wsdl:binding>
  <wsdl:service name="SOSNotificationsService">
    <wsdl:port binding="tns:SOSNotificationsServiceSoapBinding" name="SOSNotificationsPort">
      <soap:address location="https://sos.novumo2r53.co.uk:9443/soa_orchestration_server/SOSNotificationsService"/>
    </wsdl:port>
  </wsdl:service>
</wsdl:definitions>]]></con:content><con:type>http://schemas.xmlsoap.org/wsdl/</con:type></con:part></con:definitionCache><con:endpoints><con:endpoint>https://sos.novumo2r53.co.uk:9443/soa_orchestration_server/SOSNotificationsService</con:endpoint></con:endpoints><con:operation id="08a35a51-3832-4730-b331-57d8e0c88746" isOneWay="false" action="urn:notifyEvent" name="notifyEvent" bindingOperationName="notifyEvent" type="Request-Response" outputName="notifyEventResponse" inputName="notifyEvent" receivesAttachments="false" sendsAttachments="false" anonymous="optional"><con:settings/><con:call id="6ca722d0-8e08-44b6-bb7c-676fb0b6f992" name="Request 1" wssPasswordType="PasswordText" sslKeystore="o2_testsupport_cert20190501.p12"><con:settings><con:setting id="com.eviware.soapui.impl.wsdl.WsdlRequest@request-headers">&lt;xml-fragment/></con:setting></con:settings><con:encoding>UTF-8</con:encoding><con:endpoint>https://localhost:323/SOSNotificationsService</con:endpoint><con:request><![CDATA[<soapenv:Envelope xmlns:soapenv="http://schemas.xmlsoap.org/soap/envelope/" xmlns:sos="http://sos.connect.o2.co.uk/SOSNotificationsService" xmlns:cor="http://soa.o2.co.uk/coredata_1" xmlns:wsse="http://docs.oasis-open.org/wss/2004/01/oasis-200401-wss-wssecurity-secext-1.0.xsd">
  <soapenv:Header>
      <wsse:Security>
         <wsse:UsernameToken>
            <wsse:Username>fdpapi.o2.co.uk</wsse:Username>
         </wsse:UsernameToken>
         <wsse:Password Type="http://docs.oasis-open.org/wss/2004/01/oasis-200401-wss-username-token-profile-1.0#PasswordText">9mqkcb6Ee5dfisBJGlyPvm3M7Ec=</wsse:Password>
      </wsse:Security>
      <cor:SOAConsumerTransactionID>123456789asdf76</cor:SOAConsumerTransactionID>
   </soapenv:Header>
   <soapenv:Body>
      <sos:sosNotifyEvent>
         <eventId>ABSLite.1</eventId>
         <eventName>ABS_addGC</eventName>
         <msisdn>447885208751</msisdn>
         <successStatus>true</successStatus>
         <timeStamp>2014-08-27T12:32:02</timeStamp>
         <message>
            <messageCode>2001</messageCode>
            <messageDescription>transaction processed successfully</messageDescription>
         </message>
         <sourceName>ABS</sourceName>
      </sos:sosNotifyEvent>
   </soapenv:Body>
</soapenv:Envelope>]]></con:request><con:credentials><con:username>testsupport_4321</con:username><con:password>t3st1ng</con:password><con:selectedAuthProfile>Basic</con:selectedAuthProfile><con:addedBasicAuthenticationTypes>Basic</con:addedBasicAuthenticationTypes><con:authType>Global HTTP Settings</con:authType></con:credentials><con:jmsConfig JMSDeliveryMode="PERSISTENT"/><con:jmsPropertyConfig/><con:wsaConfig mustUnderstand="NONE" version="200508" action="urn:notifyEvent"/><con:wsrmConfig version="1.2"/></con:call></con:operation></con:interface><con:properties/><con:wssContainer><con:crypto><con:source>D:/Varsha/CR/testsupportAG/o2_testsupport_cert20190501.p12</con:source><con:password>t3st1ng</con:password><con:type>KEYSTORE</con:type></con:crypto></con:wssContainer><con:oAuth2ProfileContainer/><con:oAuth1ProfileContainer/><con:sensitiveInformation/></con:soapui-project>