<?xml version="1.0" encoding="UTF-8"?>
<con:soapui-project id="63406eae-20a6-43ea-ae50-ebe57b692d2c" activeEnvironment="Default" name="TGT" resourceRoot="" soapui-version="5.3.0" abortOnError="false" runType="SEQUENTIAL" xmlns:con="http://eviware.com/soapui/config"><con:settings/><con:interface xsi:type="con:WsdlInterface" id="fa410af9-f15e-44cc-b823-bd16f8c37a37" wsaVersion="NONE" name="PortSoapBinding" type="wsdl" bindingName="{urn:TGTUK_CTIL_Ticket}PortSoapBinding" soapVersion="1_1" anonymous="optional" definition="file:/C:/Users/433940/Desktop/ECB%20NEW/TGTUK_CTIL_Ticket.WSDL" xmlns:xsi="http://www.w3.org/2001/XMLSchema-instance"><con:settings/><con:definitionCache type="TEXT" rootPart="file:\C:\Users\433940\Desktop\ECB%20NEW\TGTUK_CTIL_Ticket.WSDL"><con:part><con:url>file:\C:\Users\433940\Desktop\ECB%20NEW\TGTUK_CTIL_Ticket.WSDL</con:url><con:content><![CDATA[<wsdl:definitions targetNamespace="urn:TGTUK_CTIL_Ticket" xmlns:s0="urn:TGTUK_CTIL_Ticket" xmlns:soap="http://schemas.xmlsoap.org/wsdl/soap/" xmlns:soapenc="http://schemas.xmlsoap.org/soap/encoding/" xmlns:wsdl="http://schemas.xmlsoap.org/wsdl/" xmlns:xsd="http://www.w3.org/2001/XMLSchema">
  <wsdl:types>
    <xsd:schema elementFormDefault="qualified" targetNamespace="urn:TGTUK_CTIL_Ticket">
      <xsd:element name="Create" type="s0:InputMapping1"/>
      <xsd:complexType name="InputMapping1">
        <xsd:sequence>
          <xsd:element minOccurs="0" name="SOATransactionid" type="xsd:string"/>
          <xsd:element minOccurs="0" name="ConsumerTID" type="xsd:string"/>
          <xsd:element minOccurs="0" name="Action" nillable="true" type="s0:ActionType"/>
          <xsd:element minOccurs="0" name="Process" type="xsd:string"/>
          <xsd:element minOccurs="0" name="TransferCompany" type="xsd:string"/>
          <xsd:element minOccurs="0" name="ManagingOperator" type="xsd:string"/>
          <xsd:element minOccurs="0" name="VendorTicketID" type="xsd:string"/>
          <xsd:element minOccurs="0" name="VendorChildID" type="xsd:string"/>
          <xsd:element minOccurs="0" name="TGTNumber" type="xsd:string"/>
          <xsd:element minOccurs="0" name="User" type="xsd:string"/>
          <xsd:element minOccurs="0" name="Source" type="xsd:string"/>
          <xsd:element minOccurs="0" name="Notes" type="xsd:string"/>
          <xsd:element minOccurs="0" name="Summary" type="xsd:string"/>
          <xsd:element minOccurs="0" name="ReportedDate" type="xsd:string"/>
          <xsd:element minOccurs="0" name="Status" type="xsd:string"/>
          <xsd:element minOccurs="0" name="StatusReason" type="xsd:string"/>
          <xsd:element minOccurs="0" name="Priority" type="xsd:string"/>
          <xsd:element minOccurs="0" name="Impact" type="xsd:string"/>
          <xsd:element minOccurs="0" name="Urgency" type="xsd:string"/>
          <xsd:element minOccurs="0" name="ContractPriority" type="xsd:string"/>
          <xsd:element minOccurs="0" name="WorkInfoType" type="xsd:string"/>
          <xsd:element minOccurs="0" name="ResolutionNotes" type="xsd:string"/>
          <xsd:element minOccurs="0" name="ActualResolvedDate" type="xsd:string"/>
          <xsd:element minOccurs="0" name="ImpactedSites">
            <xsd:complexType>
              <xsd:sequence>
                <xsd:element minOccurs="0" name="CI_ID" type="xsd:string"/>
                <xsd:element minOccurs="0" name="CI_Name" type="xsd:string"/>
                <xsd:element minOccurs="0" name="CI_Type" type="xsd:string"/>
              </xsd:sequence>
            </xsd:complexType>
          </xsd:element>
        </xsd:sequence>
      </xsd:complexType>
      <xsd:simpleType name="ActionType">
        <xsd:restriction base="xsd:string">
          <xsd:enumeration value="Create"/>
          <xsd:enumeration value="Status Change"/>
          <xsd:enumeration value="Priority Update"/>
          <xsd:enumeration value="WorkInfo Update"/>
          <xsd:enumeration value="WorkInfo Update Task"/>
          <xsd:enumeration value="CI Add"/>
        </xsd:restriction>
      </xsd:simpleType>
      <xsd:element name="CreateResponse" type="s0:OutputMapping1"/>
      <xsd:complexType name="OutputMapping1">
        <xsd:sequence>
          <xsd:element minOccurs="0" name="SOATransactionid" type="xsd:string"/>
          <xsd:element minOccurs="0" name="ConsumerTID" type="xsd:string"/>
          <xsd:element minOccurs="0" name="OutputCode" type="xsd:string"/>
          <xsd:element minOccurs="0" name="ResponseMsg" type="xsd:string"/>
        </xsd:sequence>
      </xsd:complexType>
      <xsd:element name="AuthenticationInfo" type="s0:AuthenticationInfo"/>
      <xsd:complexType name="AuthenticationInfo">
        <xsd:sequence>
          <xsd:element name="userName" type="xsd:string"/>
          <xsd:element name="password" type="xsd:string"/>
          <xsd:element minOccurs="0" name="authentication" type="xsd:string"/>
          <xsd:element minOccurs="0" name="locale" type="xsd:string"/>
          <xsd:element minOccurs="0" name="timeZone" type="xsd:string"/>
        </xsd:sequence>
      </xsd:complexType>
    </xsd:schema>
  </wsdl:types>
  <wsdl:message name="CreateSoapOut">
    <wsdl:part element="s0:CreateResponse" name="parameters"></wsdl:part>
  </wsdl:message>
  <wsdl:message name="ARAuthenticate">
    <wsdl:part element="s0:AuthenticationInfo" name="parameters"></wsdl:part>
  </wsdl:message>
  <wsdl:message name="CreateSoapIn">
    <wsdl:part element="s0:Create" name="parameters"></wsdl:part>
  </wsdl:message>
  <wsdl:portType name="PortPortType">
    <wsdl:operation name="Create">
      <wsdl:input message="s0:CreateSoapIn"></wsdl:input>
      <wsdl:output message="s0:CreateSoapOut"></wsdl:output>
    </wsdl:operation>
  </wsdl:portType>
  <wsdl:binding name="PortSoapBinding" type="s0:PortPortType">
    <soap:binding style="document" transport="http://schemas.xmlsoap.org/soap/http"/>
    <wsdl:operation name="Create">
      <soap:operation soapAction="urn:TGTUK_CTIL_Ticket/Create" style="document"/>
      <wsdl:input>
        <soap:header message="s0:ARAuthenticate" part="parameters" use="literal"></soap:header>
        <soap:body use="literal"/>
      </wsdl:input>
      <wsdl:output>
        <soap:body use="literal"/>
      </wsdl:output>
    </wsdl:operation>
  </wsdl:binding>
  <wsdl:service name="TGTUK_CTIL_TicketService">
    <wsdl:documentation>To create incidents and update workinfo and status. Integ CTIL - TFUK</wsdl:documentation>
    <wsdl:port binding="s0:PortSoapBinding" name="PortSoap">
      <soap:address location="http://testing.itsm.tg.telefonica/arsys/services/ARService?server=10.93.70.73&amp;webService=TGTUK_CTIL_Ticket"/>
    </wsdl:port>
  </wsdl:service>
</wsdl:definitions>]]></con:content><con:type>http://schemas.xmlsoap.org/wsdl/</con:type></con:part></con:definitionCache><con:endpoints><con:endpoint>http://PC246426:8088/mockPortSoapBinding</con:endpoint><con:endpoint>http://testing.itsm.tg.telefonica/arsys/services/ARService?server=10.93.70.73&amp;webService=TGTUK_CTIL_Ticket</con:endpoint></con:endpoints><con:operation id="2eb315a8-cc3b-415f-b8ea-7ac53cb80f4e" isOneWay="false" action="urn:TGTUK_CTIL_Ticket/Create" name="Create" bindingOperationName="Create" type="Request-Response" inputName="" receivesAttachments="false" sendsAttachments="false" anonymous="optional"><con:settings/><con:call id="ffea7133-e4b9-416c-a6fd-d3170034757c" name="Test" wssPasswordType="PasswordText" sslKeystore="o2_testsupport_cert20190501.p12"><con:settings><con:setting id="com.eviware.soapui.impl.wsdl.WsdlRequest@request-headers">&lt;entry key="Authorization" value="Basic dGVzdHN1cHBvcnRfNDMyMTp0M3N0MW5n" xmlns="http://eviware.com/soapui/config"/></con:setting></con:settings><con:encoding>UTF-8</con:encoding><con:endpoint>https://localhost:37443/services/TGTUK_CTIL_Ticket</con:endpoint><con:request><![CDATA[<soapenv:Envelope xmlns:soapenv="http://schemas.xmlsoap.org/soap/envelope/" xmlns:urn="urn:TGTUK_CTIL_Ticket">\r
    <soapenv:Header>
      <wsse:Security soapenv:mustUnderstand="1" xmlns:wsse="http://docs.oasis-open.org/wss/2004/01/oasis-200401-wss-wssecurity-secext-1.0.xsd">
         <wsse:UsernameToken wsu:Id="UsernameToken-12" xmlns:wsu="http://docs.oasis-open.org/wss/2004/01/oasis-200401-wss-wssecurity-utility-1.0.xsd">
            <wsse:Username>testsupport_4321</wsse:Username>
            <wsse:Password Type="http://docs.oasis-open.org/wss/2004/01/oasis-200401-wss-username-token-profile-1.0#PasswordText">t3st1ng</wsse:Password>
            <wsse:Nonce EncodingType="http://docs.oasis-open.org/wss/2004/01/oasis-200401-wss-soap-message-security-1.0#Base64Binary">NzMwODMxNTExMzY1MTczLjM0Mjg0NzA0MzA=</wsse:Nonce>
            <wsu:Created>2017-11-23T15:39:33.342Z</wsu:Created>
         </wsse:UsernameToken>
      </wsse:Security>
   </soapenv:Header>
   <soapenv:Body>\r
      <urn:Create>\r
         <!--Optional:-->\r
         <urn:SOATransactionid>NULL</urn:SOATransactionid>\r
         <!--Optional:-->\r
         <urn:ConsumerTID>adef</urn:ConsumerTID>\r
         <!--Optional:-->
         <urn:ImpactedSites>\r
            <!--Optional:-->\r
            <urn:CI_ID>?</urn:CI_ID>\r
            <!--Optional:-->\r
            <urn:CI_Name>?</urn:CI_Name>\r
            <!--Optional:-->\r
            <urn:CI_Type>?</urn:CI_Type>\r
         </urn:ImpactedSites>\r
      </urn:Create>\r
   </soapenv:Body>\r
</soapenv:Envelope>]]></con:request><con:credentials><con:username>testsupport_4321</con:username><con:password>t3st1ng</con:password><con:authType>No Authorization</con:authType></con:credentials><con:jmsConfig JMSDeliveryMode="PERSISTENT"/><con:jmsPropertyConfig/><con:wsaConfig mustUnderstand="NONE" version="200508" action="urn:TGTUK_CTIL_Ticket/Create"/><con:wsrmConfig version="1.2"/></con:call></con:operation></con:interface><con:testSuite id="8de27221-0b6e-40df-9cb8-6554338a0347" name="TGTBackend"><con:settings/><con:runType>SEQUENTIAL</con:runType><con:testCase id="b6d762c6-3404-4b63-976a-99797b1e9079" failOnError="true" failTestCaseOnErrors="true" keepSession="false" maxResults="0" name="create" searchProperties="true"><con:settings/><con:testStep type="request" name="Create" id="04eff9fe-f599-4ffb-ab54-5ebb36f917bb"><con:settings/><con:config xsi:type="con:RequestStep" xmlns:xsi="http://www.w3.org/2001/XMLSchema-instance"><con:interface>PortSoapBinding</con:interface><con:operation>Create</con:operation><con:request name="Create" id="e5775137-93fc-4e56-8d4a-159f94e04f3b" sslKeystore="o2_testsupport_cert20190501.p12"><con:settings><con:setting id="com.eviware.soapui.impl.wsdl.WsdlRequest@request-headers">&lt;xml-fragment/></con:setting></con:settings><con:encoding>UTF-8</con:encoding><con:endpoint>https://localhost:37443/services/TGTUK_CTIL_Ticket</con:endpoint><con:request><![CDATA[<soapenv:Envelope xmlns:soapenv="http://schemas.xmlsoap.org/soap/envelope/" xmlns:urn="urn:TGTUK_CTIL_Ticket">
    <soapenv:Header>
      <wsse:Security soapenv:mustUnderstand="1" xmlns:wsse="http://docs.oasis-open.org/wss/2004/01/oasis-200401-wss-wssecurity-secext-1.0.xsd">
         <wsse:UsernameToken wsu:Id="UsernameToken-12" xmlns:wsu="http://docs.oasis-open.org/wss/2004/01/oasis-200401-wss-wssecurity-utility-1.0.xsd">
            <wsse:Username>testsupport_4321</wsse:Username>
            <wsse:Password Type="http://docs.oasis-open.org/wss/2004/01/oasis-200401-wss-username-token-profile-1.0#PasswordText">t3st1ng</wsse:Password>
            <wsse:Nonce EncodingType="http://docs.oasis-open.org/wss/2004/01/oasis-200401-wss-soap-message-security-1.0#Base64Binary">NzMwODMxNTExMzY1MTczLjM0Mjg0NzA0MzA=</wsse:Nonce>
            <wsu:Created>2017-11-23T15:39:33.342Z</wsu:Created>
         </wsse:UsernameToken>
      </wsse:Security>
   </soapenv:Header>
   <soapenv:Body>
      <urn:Create>
         <!--Optional:-->
         <urn:SOATransactionid>NULL</urn:SOATransactionid>
         <!--Optional:-->
         <urn:ConsumerTID>adef</urn:ConsumerTID>
         <!--Optional:-->
         <urn:ImpactedSites>
            <!--Optional:-->
            <urn:CI_ID>?</urn:CI_ID>
            <!--Optional:-->
            <urn:CI_Name>?</urn:CI_Name>
            <!--Optional:-->
            <urn:CI_Type>?</urn:CI_Type>
         </urn:ImpactedSites>
      </urn:Create>
   </soapenv:Body>
</soapenv:Envelope>]]></con:request><con:assertion type="SOAP Response" id="f29fc805-dbd8-43df-a029-acb5117cbbf2"/><con:credentials><con:authType>No Authorization</con:authType></con:credentials><con:jmsConfig JMSDeliveryMode="PERSISTENT"/><con:jmsPropertyConfig/><con:wsaConfig mustUnderstand="NONE" version="200508"/><con:wsrmConfig version="1.2"/></con:request></con:config></con:testStep><con:properties/></con:testCase><con:properties/></con:testSuite><con:properties/><con:wssContainer><con:crypto><con:source>C:/Users/559528/Desktop/o2_testsupport_cert20190501.p12</con:source><con:password>t3st1ng</con:password><con:type>KEYSTORE</con:type></con:crypto></con:wssContainer><con:oAuth2ProfileContainer/><con:oAuth1ProfileContainer/><con:sensitiveInformation/></con:soapui-project>