<?xml version="1.0" encoding="UTF-8"?>
<con:soapui-project id="69c2eafa-c12f-45a1-9eb0-f768adc951f3" activeEnvironment="Default" name="XMLAPI" soapui-version="5.3.0" abortOnError="false" runType="SEQUENTIAL" resourceRoot="" xmlns:con="http://eviware.com/soapui/config"><con:settings/><con:interface xsi:type="con:RestService" id="d98fbfd2-7b15-4c67-b0c2-06fd7ff557c7" wadlVersion="http://wadl.dev.java.net/2009/02" name="https://loclhost:28146" type="rest" xmlns:xsi="http://www.w3.org/2001/XMLSchema-instance"><con:settings/><con:definitionCache type="TEXT" rootPart=""/><con:endpoints><con:endpoint>https://loclhost:28146</con:endpoint></con:endpoints><con:resource name="" path="/orangeServices-JaxWs/SearchService" id="3230c8cd-e98f-4d4a-8533-34c7a15600f3"><con:settings/><con:parameters/><con:method name="" id="c75f5aeb-3e90-4717-9d69-627e588df3f3" method="POST"><con:settings/><con:parameters/><con:representation type="RESPONSE"><con:mediaType xsi:nil="true"/><con:status>0</con:status><con:params/><con:element>data</con:element></con:representation><con:representation type="REQUEST"><con:mediaType>application/xml</con:mediaType><con:params/><con:element xmlns:soapenv="http://schemas.xmlsoap.org/soap/envelope/">soapenv:Envelope</con:element></con:representation><con:representation type="RESPONSE"><con:mediaType xsi:nil="true"/><con:status>0</con:status><con:params/><con:element>data</con:element></con:representation><con:representation type="RESPONSE"><con:mediaType xsi:nil="true"/><con:status>0</con:status><con:params/><con:element>data</con:element></con:representation><con:representation type="RESPONSE"><con:mediaType xsi:nil="true"/><con:status>0</con:status><con:params/><con:element>data</con:element></con:representation><con:representation type="RESPONSE"><con:mediaType>text/xml</con:mediaType><con:status>200</con:status><con:params/><con:element xmlns:soapenv="http://schemas.xmlsoap.org/soap/envelope/">soapenv:Envelope</con:element></con:representation><con:representation type="RESPONSE"><con:mediaType xsi:nil="true"/><con:status>0</con:status><con:params/><con:element>data</con:element></con:representation><con:representation type="RESPONSE"><con:mediaType xsi:nil="true"/><con:status>0</con:status><con:params/><con:element>data</con:element></con:representation><con:request name="Request 1" id="27f4ab33-952c-4ba1-8999-f3c59f4baeaa" mediaType="application/xml" postQueryString="false"><con:settings><con:setting id="com.eviware.soapui.impl.wsdl.WsdlRequest@request-headers">&lt;entry key="SOAPAction" value="searchUserInformation" xmlns="http://eviware.com/soapui/config"/></con:setting></con:settings><con:endpoint>https://localhost:28146</con:endpoint><con:request><![CDATA[<soapenv:Envelope
xmlns:soapenv="http://schemas.xmlsoap.org/soap/envelope/"
>
<soapenv:Header
xmlns:cor="http://soa.o2.co.uk/coredata_1"
xmlns:man="http://soa.o2.co.uk/manageonlineregistrationdata_1"
>
<cor:debugFlag>true</cor:debugFlag>
<cor:applicationID>evolution</cor:applicationID>
<cor:providerID>o2</cor:providerID>
<cor:originatorIP>82.132.155.126</cor:originatorIP>
<cor:SOATransactionID>7e0e8381-4ca3-4a2c-bf1f-6e6cb28eea83</cor:SOATransactionID>
<wsse:Security soapenv:mustUnderstand="1"
xmlns:wsse="http://docs.oasis-open.org/wss/2004/01/oasis-200401-wss-wssecurity-secext-1.0.xsd"
>
<wsse:UsernameToken wsu:Id="unt_vi9D02G417UMCQHq"
xmlns:wsu="http://docs.oasis-open.org/wss/2004/01/oasis-200401-wss-wssecurity-utility-1.0.xsd"
>
<wsse:Username>sf-ws-user</wsse:Username>
<wsse:Password Type="http://docs.oasis-open.org/wss/2004/01/oasis-200401-wss-username-token-profile-1.0#PasswordText">Pa55word_1</wsse:Password>
</wsse:UsernameToken>
</wsse:Security>
</soapenv:Header>
<soapenv:Body
xmlns:man="http://soa.o2.co.uk/manageonlineregistrationdata_1"
>
<sear:searchUserInformationRequest
xmlns:sear="http://registration.o2.co.uk/registration/SearchTypes"
>
<sear:searchCriteria>
<sear:username matchingCondition="EXACT">ini_jul7137</sear:username>
</sear:searchCriteria>
<sear:searchOptions>
<sear:usernameNamespace source="PORTAL" />
<sear:summaryListOnMultipleMatch summaryMode="ALL" />
<sear:returnOrphaned returnOrphaned="true" />
</sear:searchOptions>
<sear:returnSpecificDataTypes>
<sear:returnData>portalInfo</sear:returnData>
<sear:returnData>accountLinkageInfo</sear:returnData>
<sear:returnData>legacyAandRCustomerInfo</sear:returnData>
<sear:returnData>userRoleInfo</sear:returnData>
<sear:returnData>chooserRoleInfo</sear:returnData>
<sear:returnData>superchooserRoleInfo</sear:returnData>
<sear:returnData>legacyAandRSensitiveCustomerInfo</sear:returnData>
</sear:returnSpecificDataTypes>
</sear:searchUserInformationRequest>
</soapenv:Body>
</soapenv:Envelope>]]></con:request><con:originalUri>https://loclhost/orangeServices-JaxWs/SearchService</con:originalUri><con:credentials><con:authType>No Authorization</con:authType></con:credentials><con:jmsConfig JMSDeliveryMode="PERSISTENT"/><con:jmsPropertyConfig/><con:parameters/></con:request></con:method></con:resource></con:interface><con:interface xsi:type="con:RestService" id="94572bf0-8771-484b-86b6-c4e16ee09095" wadlVersion="http://wadl.dev.java.net/2009/02" name="https://localhost:28145" type="rest" xmlns:xsi="http://www.w3.org/2001/XMLSchema-instance"><con:settings/><con:definitionCache type="TEXT" rootPart=""/><con:endpoints><con:endpoint>https://localhost:28145</con:endpoint></con:endpoints><con:resource name="SMB" path="" id="7849c09f-84f6-4bb5-9907-9280c36ffcf4"><con:settings/><con:parameters/><con:method name="" id="d7512005-c3e9-4630-b8d6-4520aa0b05c0" method="POST"><con:settings/><con:parameters/><con:representation type="REQUEST"><con:mediaType>application/xml</con:mediaType><con:params/><con:element xmlns:man="http://soa.o2.co.uk/managedigitalsubscriptiondata_1">man:createDigitalAccount_1</con:element></con:representation><con:representation type="FAULT"><con:mediaType>application/json</con:mediaType><con:status>401</con:status><con:params/><con:element xmlns:loc="https://localhost/">loc:Fault</con:element></con:representation><con:representation type="RESPONSE"><con:mediaType xsi:nil="true"/><con:status>0</con:status><con:params/><con:element>data</con:element></con:representation><con:representation type="RESPONSE"><con:mediaType xsi:nil="true"/><con:status>0</con:status><con:params/><con:element>data</con:element></con:representation><con:representation type="RESPONSE"><con:mediaType xsi:nil="true"/><con:status>0</con:status><con:params/><con:element>data</con:element></con:representation><con:representation type="RESPONSE"><con:mediaType xsi:nil="true"/><con:status>0</con:status><con:params/><con:element>data</con:element></con:representation><con:representation type="RESPONSE"><con:mediaType xsi:nil="true"/><con:status>0</con:status><con:params/><con:element>data</con:element></con:representation><con:representation type="RESPONSE"><con:mediaType xsi:nil="true"/><con:status>0</con:status><con:params/><con:element>data</con:element></con:representation><con:request name="Request 1" id="2271bdef-478b-4ea1-b842-7838716aeb8d" mediaType="application/xml" postQueryString="false"><con:settings><con:setting id="com.eviware.soapui.impl.wsdl.WsdlRequest@request-headers">&lt;entry key="Authorization" value="Basic dGVzdHN1cHBvcnRfNDMyMSB0M3N0MW5n" xmlns="http://eviware.com/soapui/config"/></con:setting></con:settings><con:endpoint>https://localhost:28145</con:endpoint><con:request><![CDATA[<createDigitalAccount_1 xmlns="http://soa.o2.co.uk/managedigitalsubscriptiondata_1" xmlns:xsd="http://www.w3.org/2001/XMLSchema" xmlns:env="http://schemas.xmlsoap.org/soap/envelope/" xmlns:xsi="http://www.w3.org/2001/XMLSchema-instance">
   <customerAccountDetails>
      <accountDetails>
         <billingAccountIdentifier>2801065</billingAccountIdentifier>
         <accountName>zzzzzz zzzzz zzz</accountName>
         <accountType>Business</accountType>
         <segment>SMB</segment>
         <additionalInfo>
            <key>customerClass</key>
            <value>Default</value>
         </additionalInfo>
         <additionalInfo>
            <key>userName</key>
            <value>admin-osummottak-9884@yopmail.com</value>
         </additionalInfo>
      </accountDetails>
      <customerAddress>
         <addressLine1>ABERDEENSHIRE  ROGIEHILL FARMHOUSE SKENE SKENE WESTHILL</addressLine1>
         <addressLine2>WESTHILL</addressLine2>
         <addressLine3>ABERDEENSHIRE</addressLine3>
         <postCode>AB326YQ</postCode>
      </customerAddress>
      <contactingModes>
         <contactModeDetails>
            <isPreferred>true</isPreferred>
            <contactMode>email</contactMode>
            <contactDetail>osummottak-9884@pmail.com</contactDetail>
         </contactModeDetails>
         <contactModeDetails>
            <isPreferred>false</isPreferred>
            <contactMode>phone</contactMode>
            <contactDetail>01234567890</contactDetail>
         </contactModeDetails>
      </contactingModes>
      <personalDetails>
         <givenName>TEST</givenName>
         <familyName>ACCEPTA</familyName>
      </personalDetails>
      <accountContact>
         <accountContactDetails>
            <contactType>administrative</contactType>
            <newContactDetails>
               <personalDetails>
                  <givenName>TEST</givenName>
                  <familyName>ACCEPTA</familyName>
               </personalDetails>
               <contactStatus>active</contactStatus>
               <contactingModeDetails>
                  <isPreferred>true</isPreferred>
                  <contactMode>email</contactMode>
                  <contactDetail>osummottak-9884@opmail.com</contactDetail>
               </contactingModeDetails>
               <contactingModeDetails>
                  <isPreferred>false</isPreferred>
                  <contactMode>phone</contactMode>
                  <contactDetail>07710163471</contactDetail>
               </contactingModeDetails>
            </newContactDetails>
         </accountContactDetails>
         <accountContactDetails>
            <contactType>billing</contactType>
            <newContactDetails>
               <personalDetails>
                  <givenName>TEST</givenName>
                  <familyName>ACCEPTA</familyName>
               </personalDetails>
               <contactStatus>active</contactStatus>
               <contactingModeDetails>
                  <isPreferred>true</isPreferred>
                  <contactMode>email</contactMode>
                  <contactDetail>osummottak-9884@yopmail.com</contactDetail>
               </contactingModeDetails>
               <contactingModeDetails>
                  <isPreferred>false</isPreferred>
                  <contactMode>phone</contactMode>
                  <contactDetail>07710163471</contactDetail>
               </contactingModeDetails>
            </newContactDetails>
         </accountContactDetails>
         <accountContactDetails>
            <contactType>technical</contactType>
            <newContactDetails>
               <personalDetails>
                  <givenName>TEST</givenName>
                  <familyName>ACCEPTA</familyName>
               </personalDetails>
               <contactStatus>active</contactStatus>
               <contactingModeDetails>
                  <isPreferred>true</isPreferred>
                  <contactMode>email</contactMode>
                  <contactDetail>zzzzz-9884@opmail.com</contactDetail>
               </contactingModeDetails>
               <contactingModeDetails>
                  <isPreferred>false</isPreferred>
                  <contactMode>phone</contactMode>
                  <contactDetail>000000</contactDetail>
               </contactingModeDetails>
            </newContactDetails>
         </accountContactDetails>
      </accountContact>
   </customerAccountDetails>
</createDigitalAccount_1>]]></con:request><con:originalUri>https://localhost/</con:originalUri><con:credentials><con:authType>No Authorization</con:authType></con:credentials><con:jmsConfig JMSDeliveryMode="PERSISTENT"/><con:jmsPropertyConfig/><con:parameters/></con:request><con:request name="req2" id="6fcad6ee-d0a6-49bc-b16e-0753980d3a60" mediaType="application/xml" postQueryString="false"><con:settings><con:setting id="com.eviware.soapui.impl.wsdl.WsdlRequest@request-headers">&lt;entry key="Authorization" value="Basic dGVzdHN1cHBvcnRfNDMyMSB0M3N0MW5n" xmlns="http://eviware.com/soapui/config"/></con:setting></con:settings><con:endpoint>https://localhost:28145</con:endpoint><con:request><![CDATA[<updateDigitalSubscription_1 xmlns="http://soa.o2.co.uk/managedigitalsubscriptiondata_1" xmlns:xsd="http://www.w3.org/2001/XMLSchema" xmlns:env="http://schemas.xmlsoap.org/soap/envelope/" xmlns:xsi="http://www.w3.org/2001/XMLSchema-instance">
   <updateSubscriptionDetails>
      <digitalProductAccountIdentifier>1001127</digitalProductAccountIdentifier>
      <digitalProductSubscriptionIdentifier>1002035</digitalProductSubscriptionIdentifier>
      <billingSubscriptionIdentifier>14824967</billingSubscriptionIdentifier>
      <updateProductDetails>
         <isIncremental>Incremental</isIncremental>
         <productDetails>
            <serviceCode>BOXENT</serviceCode>
            <servicePrice>37500</servicePrice>
            <productIdentifier>345</productIdentifier>
            <productName>15 x Box Enterprise</productName>
            <productStatus>On</productStatus>
            <productQuantity>
               <units>licenses</units>
               <amount>10</amount>
            </productQuantity>
            <additionalInfo>
               <key>servicePlanId</key>
               <value>103</value>
            </additionalInfo>
            <additionalInfo>
               <key>servicePlanName</key>
               <value>UK Box Enterprise</value>
            </additionalInfo>
         </productDetails>
      </updateProductDetails>
      <orderNumber>ON-00495654</orderNumber>
   </updateSubscriptionDetails>
</updateDigitalSubscription_1>]]></con:request><con:originalUri>https://localhost/</con:originalUri><con:credentials><con:authType>No Authorization</con:authType></con:credentials><con:jmsConfig JMSDeliveryMode="PERSISTENT"/><con:jmsPropertyConfig/><con:parameters/></con:request></con:method></con:resource></con:interface><con:interface xsi:type="con:RestService" id="24da9b0a-06cc-4ff7-a884-d69501d85230" wadlVersion="http://wadl.dev.java.net/2009/02" name="https://localhost:222" type="rest" xmlns:xsi="http://www.w3.org/2001/XMLSchema-instance"><con:settings/><con:definitionCache type="TEXT" rootPart=""/><con:endpoints><con:endpoint>https://localhost:222</con:endpoint></con:endpoints><con:resource name="salesforce" path="/services/Soap/u/31.0" id="8dfdbe94-cacc-40fc-8b6b-1595ee9ea080"><con:settings/><con:parameters/><con:method name="" id="3eceff0a-d9c7-4b67-9e1f-dc8bfdee654d" method="POST"><con:settings/><con:parameters/><con:representation type="REQUEST"><con:mediaType>application/xml</con:mediaType><con:params/><con:element xmlns:pub="http://soa.o2.co.uk/publishbbprovisioningeventdata_1">pub:sendOrderStatus_1</con:element></con:representation><con:representation type="FAULT"><con:mediaType>text/xml</con:mediaType><con:status>500</con:status><con:params/></con:representation><con:representation type="RESPONSE"><con:mediaType xsi:nil="true"/><con:status>0</con:status><con:params/><con:element>data</con:element></con:representation><con:representation type="RESPONSE"><con:mediaType xsi:nil="true"/><con:status>0</con:status><con:params/><con:element>data</con:element></con:representation><con:representation type="FAULT"><con:mediaType>application/json</con:mediaType><con:status>401</con:status><con:params/><con:element>Fault</con:element></con:representation><con:representation type="REQUEST"><con:mediaType>application/json</con:mediaType><con:params/></con:representation><con:representation type="RESPONSE"><con:mediaType xsi:nil="true"/><con:status>0</con:status><con:params/><con:element>data</con:element></con:representation><con:representation type="RESPONSE"><con:mediaType xsi:nil="true"/><con:status>0</con:status><con:params/><con:element>data</con:element></con:representation><con:representation type="RESPONSE"><con:mediaType xsi:nil="true"/><con:status>0</con:status><con:params/><con:element>data</con:element></con:representation><con:representation type="RESPONSE"><con:mediaType xsi:nil="true"/><con:status>0</con:status><con:params/><con:element>data</con:element></con:representation><con:representation type="RESPONSE"><con:mediaType xsi:nil="true"/><con:status>0</con:status><con:params/><con:element>data</con:element></con:representation><con:representation type="RESPONSE"><con:mediaType xsi:nil="true"/><con:status>0</con:status><con:params/><con:element>data</con:element></con:representation><con:representation type="RESPONSE"><con:mediaType xsi:nil="true"/><con:status>0</con:status><con:params/><con:element>data</con:element></con:representation><con:representation type="RESPONSE"><con:mediaType xsi:nil="true"/><con:status>0</con:status><con:params/><con:element>data</con:element></con:representation><con:representation type="RESPONSE"><con:mediaType xsi:nil="true"/><con:status>0</con:status><con:params/><con:element>data</con:element></con:representation><con:representation type="RESPONSE"><con:mediaType xsi:nil="true"/><con:status>0</con:status><con:params/><con:element>data</con:element></con:representation><con:representation type="RESPONSE"><con:mediaType xsi:nil="true"/><con:status>0</con:status><con:params/><con:element>data</con:element></con:representation><con:representation type="RESPONSE"><con:mediaType xsi:nil="true"/><con:status>0</con:status><con:params/><con:element>data</con:element></con:representation><con:representation type="RESPONSE"><con:mediaType xsi:nil="true"/><con:status>0</con:status><con:params/><con:element>data</con:element></con:representation><con:representation type="RESPONSE"><con:mediaType xsi:nil="true"/><con:status>0</con:status><con:params/><con:element>data</con:element></con:representation><con:representation type="RESPONSE"><con:mediaType xsi:nil="true"/><con:status>0</con:status><con:params/><con:element>data</con:element></con:representation><con:representation type="RESPONSE"><con:mediaType xsi:nil="true"/><con:status>0</con:status><con:params/><con:element>data</con:element></con:representation><con:representation type="RESPONSE"><con:mediaType xsi:nil="true"/><con:status>0</con:status><con:params/><con:element>data</con:element></con:representation><con:request name="Request 1" id="50c3b933-f1ff-4536-a0e7-c3d06c1c6541" mediaType="application/json" postQueryString="false"><con:settings><con:setting id="com.eviware.soapui.impl.wsdl.WsdlRequest@request-headers">&lt;xml-fragment xmlns:con="http://eviware.com/soapui/config">
  &lt;con:entry key="Authorization" value="Bearer 00D1100000C10c5!AR0AQL8fV7oJ5YuBRqZWSrY78TubCcyV5U5CK2Uco.YYlY3VWM9P.2WR7itFkhigz.O7B5pKG5BCDSbZGvLbN4WqV2lpKTnj"/>
  &lt;con:entry key="backendURL" value=" https://cs18.salesforce.com/services/apexrest/updateHLAStatus/"/>
&lt;/xml-fragment></con:setting><con:setting id="com.eviware.soapui.impl.support.AbstractHttpRequest@follow-redirects">true</con:setting></con:settings><con:endpoint>https://localhost:28144</con:endpoint><con:request>{
"entry":
[
 {
  "service_id":"mobile",
  "name":"Entertainment.comedy",
  "value":"Yes"
 },
 {
  "service_id":"mobile",
  "name":"shopping.furniture",
  "value":"No"
 }
]
}</con:request><con:originalUri>https://localhost/</con:originalUri><con:credentials><con:authType>No Authorization</con:authType></con:credentials><con:jmsConfig JMSDeliveryMode="PERSISTENT"/><con:jmsPropertyConfig/><con:parameters/></con:request></con:method></con:resource></con:interface><con:testSuite id="87934561-9cb0-4048-a508-2201677865cd" name="TestSuite 1"><con:settings/><con:runType>SEQUENTIAL</con:runType><con:testCase id="9b14a871-6973-4566-8bfd-85757a42e8ee" failOnError="true" failTestCaseOnErrors="true" keepSession="false" maxResults="0" name="salesforce" searchProperties="true"><con:settings/><con:testStep type="restrequest" name="salesforce- Request 1" id="09487b96-8dd7-488b-ae93-1392736a3c2e"><con:settings/><con:config service="https://localhost:222" resourcePath="/services/Soap/u/31.0" methodName="" xsi:type="con:RestRequestStep" xmlns:xsi="http://www.w3.org/2001/XMLSchema-instance"><con:restRequest name="salesforce- Request 1" id="50c3b933-f1ff-4536-a0e7-c3d06c1c6541" mediaType="application/json" postQueryString="false"><con:settings><con:setting id="com.eviware.soapui.impl.wsdl.WsdlRequest@request-headers">&lt;xml-fragment xmlns:con="http://eviware.com/soapui/config">
  &lt;con:entry key="Authorization" value="Bearer 00D1100000C10c5!AR0AQL8fV7oJ5YuBRqZWSrY78TubCcyV5U5CK2Uco.YYlY3VWM9P.2WR7itFkhigz.O7B5pKG5BCDSbZGvLbN4WqV2lpKTnj"/>
  &lt;con:entry key="backendURL" value=" https://cs18.salesforce.com/services/apexrest/updateHLAStatus/"/>
&lt;/xml-fragment></con:setting></con:settings><con:endpoint>https://xmlapi.ref.o2.co.uk</con:endpoint><con:request>{
"entry":
[
 {
  "service_id":"mobile",
  "name":"Entertainment.comedy",
  "value":"Yes"
 },
 {
  "service_id":"mobile",
  "name":"shopping.furniture",
  "value":"No"
 }
]
}</con:request><con:originalUri>https://localhost/</con:originalUri><con:credentials><con:authType>No Authorization</con:authType></con:credentials><con:jmsConfig JMSDeliveryMode="PERSISTENT"/><con:jmsPropertyConfig/><con:parameters/></con:restRequest></con:config></con:testStep><con:testStep type="restrequest" name="Orange- Request 1" id="93c6be47-010d-4018-a33d-4a6e2826c216"><con:settings/><con:config service="https://loclhost:28146" resourcePath="/orangeServices-JaxWs/SearchService" methodName="" xsi:type="con:RestRequestStep" xmlns:xsi="http://www.w3.org/2001/XMLSchema-instance"><con:restRequest name="Orange- Request 1" id="27f4ab33-952c-4ba1-8999-f3c59f4baeaa" mediaType="application/xml" postQueryString="false"><con:settings><con:setting id="com.eviware.soapui.impl.wsdl.WsdlRequest@request-headers">&lt;entry key="SOAPAction" value="searchUserInformation" xmlns="http://eviware.com/soapui/config"/></con:setting></con:settings><con:endpoint>https://localhost:28146</con:endpoint><con:request><![CDATA[<soapenv:Envelope
xmlns:soapenv="http://schemas.xmlsoap.org/soap/envelope/"
>
<soapenv:Header
xmlns:cor="http://soa.o2.co.uk/coredata_1"
xmlns:man="http://soa.o2.co.uk/manageonlineregistrationdata_1"
>
<cor:debugFlag>true</cor:debugFlag>
<cor:applicationID>evolution</cor:applicationID>
<cor:providerID>o2</cor:providerID>
<cor:originatorIP>82.132.155.126</cor:originatorIP>
<cor:SOATransactionID>7e0e8381-4ca3-4a2c-bf1f-6e6cb28eea83</cor:SOATransactionID>
<wsse:Security soapenv:mustUnderstand="1"
xmlns:wsse="http://docs.oasis-open.org/wss/2004/01/oasis-200401-wss-wssecurity-secext-1.0.xsd"
>
<wsse:UsernameToken wsu:Id="unt_vi9D02G417UMCQHq"
xmlns:wsu="http://docs.oasis-open.org/wss/2004/01/oasis-200401-wss-wssecurity-utility-1.0.xsd"
>
<wsse:Username>sf-ws-user</wsse:Username>
<wsse:Password Type="http://docs.oasis-open.org/wss/2004/01/oasis-200401-wss-username-token-profile-1.0#PasswordText">Pa55word_1</wsse:Password>
</wsse:UsernameToken>
</wsse:Security>
</soapenv:Header>
<soapenv:Body
xmlns:man="http://soa.o2.co.uk/manageonlineregistrationdata_1"
>
<sear:searchUserInformationRequest
xmlns:sear="http://registration.o2.co.uk/registration/SearchTypes"
>
<sear:searchCriteria>
<sear:username matchingCondition="EXACT">ini_jul7137</sear:username>
</sear:searchCriteria>
<sear:searchOptions>
<sear:usernameNamespace source="PORTAL" />
<sear:summaryListOnMultipleMatch summaryMode="ALL" />
<sear:returnOrphaned returnOrphaned="true" />
</sear:searchOptions>
<sear:returnSpecificDataTypes>
<sear:returnData>portalInfo</sear:returnData>
<sear:returnData>accountLinkageInfo</sear:returnData>
<sear:returnData>legacyAandRCustomerInfo</sear:returnData>
<sear:returnData>userRoleInfo</sear:returnData>
<sear:returnData>chooserRoleInfo</sear:returnData>
<sear:returnData>superchooserRoleInfo</sear:returnData>
<sear:returnData>legacyAandRSensitiveCustomerInfo</sear:returnData>
</sear:returnSpecificDataTypes>
</sear:searchUserInformationRequest>
</soapenv:Body>
</soapenv:Envelope>]]></con:request><con:originalUri>https://loclhost/orangeServices-JaxWs/SearchService</con:originalUri><con:credentials><con:authType>No Authorization</con:authType></con:credentials><con:jmsConfig JMSDeliveryMode="PERSISTENT"/><con:jmsPropertyConfig/><con:parameters/></con:restRequest></con:config></con:testStep><con:testStep type="restrequest" name="SMB- Request 1" id="4285b5aa-1ecb-4434-83e1-0998396af245"><con:settings/><con:config service="https://localhost:28145" resourcePath="" methodName="" xsi:type="con:RestRequestStep" xmlns:xsi="http://www.w3.org/2001/XMLSchema-instance"><con:restRequest name="SMB- Request 1" id="2271bdef-478b-4ea1-b842-7838716aeb8d" mediaType="application/xml" postQueryString="false"><con:settings><con:setting id="com.eviware.soapui.impl.wsdl.WsdlRequest@request-headers">&lt;entry key="Authorization" value="Basic dGVzdHN1cHBvcnRfNDMyMSB0M3N0MW5n" xmlns="http://eviware.com/soapui/config"/></con:setting></con:settings><con:endpoint>https://localhost:28145</con:endpoint><con:request><![CDATA[<createDigitalAccount_1 xmlns="http://soa.o2.co.uk/managedigitalsubscriptiondata_1" xmlns:xsd="http://www.w3.org/2001/XMLSchema" xmlns:env="http://schemas.xmlsoap.org/soap/envelope/" xmlns:xsi="http://www.w3.org/2001/XMLSchema-instance">
   <customerAccountDetails>
      <accountDetails>
         <billingAccountIdentifier>2801065</billingAccountIdentifier>
         <accountName>zzzzzz zzzzz zzz</accountName>
         <accountType>Business</accountType>
         <segment>SMB</segment>
         <additionalInfo>
            <key>customerClass</key>
            <value>Default</value>
         </additionalInfo>
         <additionalInfo>
            <key>userName</key>
            <value>admin-osummottak-9884@yopmail.com</value>
         </additionalInfo>
      </accountDetails>
      <customerAddress>
         <addressLine1>ABERDEENSHIRE  ROGIEHILL FARMHOUSE SKENE SKENE WESTHILL</addressLine1>
         <addressLine2>WESTHILL</addressLine2>
         <addressLine3>ABERDEENSHIRE</addressLine3>
         <postCode>AB326YQ</postCode>
      </customerAddress>
      <contactingModes>
         <contactModeDetails>
            <isPreferred>true</isPreferred>
            <contactMode>email</contactMode>
            <contactDetail>osummottak-9884@pmail.com</contactDetail>
         </contactModeDetails>
         <contactModeDetails>
            <isPreferred>false</isPreferred>
            <contactMode>phone</contactMode>
            <contactDetail>01234567890</contactDetail>
         </contactModeDetails>
      </contactingModes>
      <personalDetails>
         <givenName>TEST</givenName>
         <familyName>ACCEPTA</familyName>
      </personalDetails>
      <accountContact>
         <accountContactDetails>
            <contactType>administrative</contactType>
            <newContactDetails>
               <personalDetails>
                  <givenName>TEST</givenName>
                  <familyName>ACCEPTA</familyName>
               </personalDetails>
               <contactStatus>active</contactStatus>
               <contactingModeDetails>
                  <isPreferred>true</isPreferred>
                  <contactMode>email</contactMode>
                  <contactDetail>osummottak-9884@opmail.com</contactDetail>
               </contactingModeDetails>
               <contactingModeDetails>
                  <isPreferred>false</isPreferred>
                  <contactMode>phone</contactMode>
                  <contactDetail>07710163471</contactDetail>
               </contactingModeDetails>
            </newContactDetails>
         </accountContactDetails>
         <accountContactDetails>
            <contactType>billing</contactType>
            <newContactDetails>
               <personalDetails>
                  <givenName>TEST</givenName>
                  <familyName>ACCEPTA</familyName>
               </personalDetails>
               <contactStatus>active</contactStatus>
               <contactingModeDetails>
                  <isPreferred>true</isPreferred>
                  <contactMode>email</contactMode>
                  <contactDetail>osummottak-9884@yopmail.com</contactDetail>
               </contactingModeDetails>
               <contactingModeDetails>
                  <isPreferred>false</isPreferred>
                  <contactMode>phone</contactMode>
                  <contactDetail>07710163471</contactDetail>
               </contactingModeDetails>
            </newContactDetails>
         </accountContactDetails>
         <accountContactDetails>
            <contactType>technical</contactType>
            <newContactDetails>
               <personalDetails>
                  <givenName>TEST</givenName>
                  <familyName>ACCEPTA</familyName>
               </personalDetails>
               <contactStatus>active</contactStatus>
               <contactingModeDetails>
                  <isPreferred>true</isPreferred>
                  <contactMode>email</contactMode>
                  <contactDetail>zzzzz-9884@opmail.com</contactDetail>
               </contactingModeDetails>
               <contactingModeDetails>
                  <isPreferred>false</isPreferred>
                  <contactMode>phone</contactMode>
                  <contactDetail>000000</contactDetail>
               </contactingModeDetails>
            </newContactDetails>
         </accountContactDetails>
      </accountContact>
   </customerAccountDetails>
</createDigitalAccount_1>]]></con:request><con:originalUri>https://localhost/</con:originalUri><con:credentials><con:authType>No Authorization</con:authType></con:credentials><con:jmsConfig JMSDeliveryMode="PERSISTENT"/><con:jmsPropertyConfig/><con:parameters/></con:restRequest></con:config></con:testStep><con:properties/></con:testCase><con:properties/></con:testSuite><con:properties/><con:wssContainer/><con:oAuth2ProfileContainer/><con:oAuth1ProfileContainer/><con:sensitiveInformation/></con:soapui-project>